Country,Region,Degree_Level,Field_of_Study,Graduation_Year,Skill_1,Skill_2,Skill_3,Skill_Demand_Score (1–100),Remote_Work_Availability (%),Employer_Reputation_Score (1–100),Degree_Level_Ordinal,Graduation_Recency,Demand_x_Reputation,Demand_x_Remote,Reputation_x_Remote,Skills_Profile,Actual,Predicted,Probability,Risk_Category
Japan,Asia-Pacific,Master,Business & Finance,2015,Financial Modeling,Market Research,Excel,56,11.5,67,2,0,3752,644.0,770.5,Financial Modeling | Market Research | Excel,0,1,0.8812689075353214,High Employability
China,Asia-Pacific,Master,Business & Finance,2019,Strategic Planning,Market Research,Excel,62,9.8,63,2,4,3906,607.6,617.4000000000001,Strategic Planning | Market Research | Excel,0,1,0.5262635204319691,Moderate
Sweden,Europe,Bachelor,Engineering,2022,Project Management,Lean Six Sigma,AutoCAD,58,49.7,63,1,7,3654,2882.6000000000004,3131.1000000000004,Project Management | Lean Six Sigma | AutoCAD,0,1,0.8694032571734869,High Employability
Israel,Middle East & Africa,Master,Computer Science,2019,DevOps,Cloud Computing,Java,79,14.4,70,2,4,5530,1137.6000000000001,1008.0,DevOps | Cloud Computing | Java,0,0,0.06246789954703691,Low Employability
Saudi Arabia,Middle East & Africa,Master,Natural Sciences,2017,Laboratory Skills,Statistical Analysis,Experimental Design,48,13.2,84,2,2,4032,633.5999999999999,1108.8,Laboratory Skills | Statistical Analysis | Experimental Design,0,1,0.7621709147919543,High Employability
Mexico,Latin America,Master,Computer Science,2020,React,Cybersecurity,Cloud Computing,64,31.8,79,2,5,5056,2035.2,2512.2000000000003,React | Cybersecurity | Cloud Computing,0,0,0.046949203982332974,Low Employability
Singapore,Asia-Pacific,Master,Healthcare & Medicine,2022,Medical Coding,Patient Care,Diagnostics,64,50.9,63,2,7,4032,3257.6,3206.7,Medical Coding | Patient Care | Diagnostics,0,0,0.061048176816641896,Low Employability
Brazil,Latin America,Master,Natural Sciences,2023,Laboratory Skills,Experimental Design,Scientific Writing,68,72.9,59,2,8,4012,4957.200000000001,4301.1,Laboratory Skills | Experimental Design | Scientific Writing,0,1,0.7745984234019203,High Employability
Mexico,Latin America,PhD,Social Sciences,2016,Data Analysis,Communication,Public Policy,61,9.4,84,3,1,5124,573.4,789.6,Data Analysis | Communication | Public Policy,0,0,0.480584988197973,Moderate
Canada,North America,PhD,Data Science & AI,2023,Deep Learning,R,Machine Learning,93,67.7,91,3,8,8463,6296.1,6160.7,Deep Learning | R | Machine Learning,0,0,0.019946515007084244,Low Employability
Saudi Arabia,Middle East & Africa,Bachelor,Healthcare & Medicine,2016,Medical Coding,Diagnostics,Patient Care,52,5.0,43,1,1,2236,260.0,215.0,Medical Coding | Diagnostics | Patient Care,0,0,0.08434376266576714,Low Employability
Canada,North America,Bachelor,Business & Finance,2017,Financial Modeling,Data Analysis,Market Research,68,8.7,60,1,2,4080,591.5999999999999,522.0,Financial Modeling | Data Analysis | Market Research,1,1,0.7401159975558522,High Employability
Brazil,Latin America,Bachelor,Business & Finance,2021,Strategic Planning,Market Research,Excel,49,67.2,92,1,6,4508,3292.8,6182.400000000001,Strategic Planning | Market Research | Excel,1,1,0.7959258207332133,High Employability
Sweden,Europe,Bachelor,Healthcare & Medicine,2021,Clinical Research,Diagnostics,Medical Coding,58,51.5,59,1,6,3422,2987.0,3038.5,Clinical Research | Diagnostics | Medical Coding,0,0,0.06918740278951538,Low Employability
Canada,North America,Master,Natural Sciences,2020,Experimental Design,Statistical Analysis,Scientific Writing,45,34.5,68,2,5,3060,1552.5,2346.0,Experimental Design | Statistical Analysis | Scientific Writing,1,1,0.6420024090805297,Moderate
UAE,Middle East & Africa,Bachelor,Healthcare & Medicine,2017,Patient Care,Diagnostics,Clinical Research,57,6.6,67,1,2,3819,376.2,442.2,Patient Care | Diagnostics | Clinical Research,0,0,0.03961601722821745,Low Employability
UK,Europe,Master,Data Science & AI,2025,Deep Learning,Machine Learning,NLP,81,75.2,97,2,10,7857,6091.2,7294.400000000001,Deep Learning | Machine Learning | NLP,0,0,0.04194695388163571,Low Employability
Canada,North America,Master,Data Science & AI,2023,Deep Learning,Big Data,R,88,89.8,100,2,8,8800,7902.4,8980.0,Deep Learning | Big Data | R,0,0,0.01800039662065236,Low Employability
Australia,Asia-Pacific,Master,Natural Sciences,2022,Laboratory Skills,Scientific Writing,Experimental Design,70,71.1,68,2,7,4760,4977.0,4834.799999999999,Laboratory Skills | Scientific Writing | Experimental Design,0,1,0.6079355935190759,Moderate
USA,North America,PhD,Business & Finance,2023,Excel,Market Research,Data Analysis,67,56.5,70,3,8,4690,3785.5,3955.0,Excel | Market Research | Data Analysis,1,1,0.5283973288501671,Moderate
South Africa,Middle East & Africa,Master,Healthcare & Medicine,2025,Diagnostics,Patient Care,Medical Coding,66,90.0,83,2,10,5478,5940.0,7470.0,Diagnostics | Patient Care | Medical Coding,0,0,0.04500662400629676,Low Employability
Saudi Arabia,Middle East & Africa,Master,Healthcare & Medicine,2019,Patient Care,Diagnostics,Clinical Research,64,14.4,63,2,4,4032,921.6,907.2,Patient Care | Diagnostics | Clinical Research,0,0,0.04359524716402467,Low Employability
Argentina,Latin America,PhD,Social Sciences,2023,Data Analysis,Public Policy,Communication,54,80.9,61,3,8,3294,4368.6,4934.900000000001,Data Analysis | Public Policy | Communication,0,1,0.5531910874982976,Moderate
USA,North America,Bachelor,Data Science & AI,2015,Data Visualization,Big Data,Deep Learning,72,5.0,50,1,0,3600,360.0,250.0,Data Visualization | Big Data | Deep Learning,0,0,0.05070796794128736,Low Employability
UAE,Middle East & Africa,Master,Computer Science,2017,Cloud Computing,SQL,Python,79,16.0,69,2,2,5451,1264.0,1104.0,Cloud Computing | SQL | Python,0,0,0.07188130679310432,Low Employability
Netherlands,Europe,Master,Engineering,2023,AutoCAD,Project Management,MATLAB,58,73.6,75,2,8,4350,4268.799999999999,5520.0,AutoCAD | Project Management | MATLAB,1,0,0.49593554001931855,Moderate
USA,North America,Master,Healthcare & Medicine,2025,Diagnostics,Patient Care,Clinical Research,58,90.0,77,2,10,4466,5220.0,6930.0,Diagnostics | Patient Care | Clinical Research,0,0,0.04111486753217646,Low Employability
Saudi Arabia,Middle East & Africa,Master,Data Science & AI,2022,Deep Learning,NLP,Data Visualization,81,62.1,49,2,7,3969,5030.1,3042.9,Deep Learning | NLP | Data Visualization,0,0,0.0883499335319078,Low Employability
Argentina,Latin America,PhD,Natural Sciences,2025,Scientific Writing,Laboratory Skills,Experimental Design,60,72.4,59,3,10,3540,4344.0,4271.6,Scientific Writing | Laboratory Skills | Experimental Design,0,1,0.7567258524011065,High Employability
UAE,Middle East & Africa,Bachelor,Data Science & AI,2024,Deep Learning,NLP,R,100,75.4,76,1,9,7600,7540.000000000001,5730.400000000001,Deep Learning | NLP | R,0,0,0.07435088831653953,Low Employability
Japan,Asia-Pacific,PhD,Data Science & AI,2021,Big Data,R,Data Visualization,86,44.1,51,3,6,4386,3792.6,2249.1,Big Data | R | Data Visualization,0,0,0.02174867845980391,Low Employability
Switzerland,Europe,Bachelor,Data Science & AI,2020,Machine Learning,Data Visualization,R,89,32.7,56,1,5,4984,2910.3,1831.2000000000003,Machine Learning | Data Visualization | R,1,0,0.06684011607236072,Low Employability
Germany,Europe,Bachelor,Computer Science,2021,Java,DevOps,Python,81,46.1,89,1,6,7209,3734.1,4102.900000000001,Java | DevOps | Python,0,0,0.15048364093026248,Low Employability
UAE,Middle East & Africa,Master,Computer Science,2017,Cloud Computing,DevOps,Cybersecurity,63,8.7,44,2,2,2772,548.0999999999999,382.79999999999995,Cloud Computing | DevOps | Cybersecurity,0,0,0.010178424269536671,Low Employability
Canada,North America,PhD,Data Science & AI,2021,Machine Learning,NLP,R,79,55.3,62,3,6,4898,4368.7,3428.6,Machine Learning | NLP | R,0,0,0.04000176818627445,Low Employability
Argentina,Latin America,Bachelor,Business & Finance,2018,Strategic Planning,Financial Modeling,Excel,52,15.2,57,1,3,2964,790.4,866.4,Strategic Planning | Financial Modeling | Excel,1,1,0.7472216941374555,High Employability
UAE,Middle East & Africa,Master,Engineering,2015,SolidWorks,Project Management,Lean Six Sigma,44,6.5,43,2,0,1892,286.0,279.5,SolidWorks | Project Management | Lean Six Sigma,1,1,0.6752942458312121,Moderate
India,Asia-Pacific,Bachelor,Data Science & AI,2024,NLP,Big Data,Deep Learning,100,90.0,83,1,9,8300,9000.0,7470.0,NLP | Big Data | Deep Learning,0,0,0.07863353662431544,Low Employability
Australia,Asia-Pacific,PhD,Social Sciences,2016,Qualitative Research,Data Analysis,Public Policy,50,9.6,64,3,1,3200,480.0,614.4,Qualitative Research | Data Analysis | Public Policy,0,1,0.5719984916750381,Moderate
UK,Europe,Bachelor,Engineering,2018,MATLAB,AutoCAD,Project Management,45,6.2,83,1,3,3735,279.0,514.6,MATLAB | AutoCAD | Project Management,0,1,0.849581894304613,High Employability
Sweden,Europe,Master,Computer Science,2021,Java,Cybersecurity,Cloud Computing,92,46.5,40,2,6,3680,4278.0,1860.0,Java | Cybersecurity | Cloud Computing,0,0,0.09805748478386885,Low Employability
Argentina,Latin America,Master,Computer Science,2021,Cybersecurity,DevOps,Java,76,67.8,69,2,6,5244,5152.8,4678.2,Cybersecurity | DevOps | Java,0,0,0.028292305222574955,Low Employability
Japan,Asia-Pacific,Bachelor,Computer Science,2019,Python,React,Cloud Computing,74,6.8,59,1,4,4366,503.2,401.2,Python | React | Cloud Computing,0,0,0.3044981163089492,Low Employability
Singapore,Asia-Pacific,PhD,Healthcare & Medicine,2021,Medical Coding,Patient Care,Diagnostics,69,45.9,44,3,6,3036,3167.1,2019.6,Medical Coding | Patient Care | Diagnostics,0,0,0.03657032256973374,Low Employability
Canada,North America,Bachelor,Business & Finance,2025,Strategic Planning,Financial Modeling,Data Analysis,60,85.8,75,1,10,4500,5148.0,6435.0,Strategic Planning | Financial Modeling | Data Analysis,1,1,0.755003579696998,High Employability
Israel,Middle East & Africa,PhD,Healthcare & Medicine,2017,Medical Coding,Patient Care,Clinical Research,44,5.0,81,3,2,3564,220.0,405.0,Medical Coding | Patient Care | Clinical Research,0,0,0.051451976797431735,Low Employability
UAE,Middle East & Africa,Master,Natural Sciences,2025,Laboratory Skills,Experimental Design,Scientific Writing,77,79.7,79,2,10,6083,6136.900000000001,6296.3,Laboratory Skills | Experimental Design | Scientific Writing,1,1,0.7664886728762974,High Employability
Mexico,Latin America,Master,Engineering,2015,AutoCAD,SolidWorks,MATLAB,54,6.3,67,2,0,3618,340.2,422.09999999999997,AutoCAD | SolidWorks | MATLAB,1,1,0.514679205107288,Moderate
Brazil,Latin America,Master,Engineering,2025,SolidWorks,Project Management,Lean Six Sigma,78,84.6,68,2,10,5304,6598.799999999999,5752.799999999999,SolidWorks | Project Management | Lean Six Sigma,1,1,0.736347344637909,High Employability
Israel,Middle East & Africa,PhD,Healthcare & Medicine,2020,Diagnostics,Medical Coding,Clinical Research,59,44.3,81,3,5,4779,2613.7,3588.2999999999997,Diagnostics | Medical Coding | Clinical Research,0,0,0.013804908228367902,Low Employability
UK,Europe,PhD,Engineering,2016,SolidWorks,Lean Six Sigma,Project Management,66,13.5,82,3,1,5412,891.0,1107.0,SolidWorks | Lean Six Sigma | Project Management,0,1,0.8113006424496226,High Employability
Germany,Europe,PhD,Social Sciences,2018,Qualitative Research,Public Policy,Data Analysis,60,7.2,40,3,3,2400,432.0,288.0,Qualitative Research | Public Policy | Data Analysis,0,0,0.4899232062098134,Moderate
Argentina,Latin America,Bachelor,Natural Sciences,2022,Statistical Analysis,Scientific Writing,Experimental Design,60,58.0,63,1,7,3780,3480.0,3654.0,Statistical Analysis | Scientific Writing | Experimental Design,1,1,0.7584376931330378,High Employability
South Korea,Asia-Pacific,PhD,Engineering,2023,MATLAB,Project Management,AutoCAD,43,83.7,53,3,8,2279,3599.1,4436.1,MATLAB | Project Management | AutoCAD,1,1,0.6181898907889901,Moderate
South Korea,Asia-Pacific,PhD,Natural Sciences,2018,Statistical Analysis,Laboratory Skills,Experimental Design,55,5.0,87,3,3,4785,275.0,435.0,Statistical Analysis | Laboratory Skills | Experimental Design,1,1,0.6900682646150205,Moderate
Saudi Arabia,Middle East & Africa,Bachelor,Social Sciences,2016,Data Analysis,Public Policy,Qualitative Research,46,7.2,82,1,1,3772,331.2,590.4,Data Analysis | Public Policy | Qualitative Research,0,1,0.7236167400712035,High Employability
Canada,North America,PhD,Data Science & AI,2015,Machine Learning,Big Data,Data Visualization,70,5.1,76,3,0,5320,357.0,387.59999999999997,Machine Learning | Big Data | Data Visualization,0,0,0.016877905079929756,Low Employability
Singapore,Asia-Pacific,PhD,Natural Sciences,2021,Statistical Analysis,Experimental Design,Laboratory Skills,70,41.5,62,3,6,4340,2905.0,2573.0,Statistical Analysis | Experimental Design | Laboratory Skills,0,1,0.7092044540464641,High Employability
Canada,North America,Bachelor,Social Sciences,2016,Public Policy,Qualitative Research,Data Analysis,51,18.7,82,1,1,4182,953.6999999999999,1533.3999999999999,Public Policy | Qualitative Research | Data Analysis,0,1,0.7373292206651756,High Employability
UAE,Middle East & Africa,Master,Engineering,2018,AutoCAD,MATLAB,Lean Six Sigma,49,7.4,54,2,3,2646,362.6,399.6,AutoCAD | MATLAB | Lean Six Sigma,1,0,0.24141613853620836,Low Employability
Mexico,Latin America,Master,Data Science & AI,2025,NLP,Data Visualization,Deep Learning,82,90.0,72,2,10,5904,7380.0,6480.0,NLP | Data Visualization | Deep Learning,0,0,0.09056774578475114,Low Employability
Israel,Middle East & Africa,Master,Computer Science,2021,Python,Java,React,77,62.3,62,2,6,4774,4797.099999999999,3862.6,Python | Java | React,0,0,0.07110378878990686,Low Employability
South Africa,Middle East & Africa,Bachelor,Healthcare & Medicine,2020,Diagnostics,Patient Care,Medical Coding,49,47.4,74,1,5,3626,2322.6,3507.6,Diagnostics | Patient Care | Medical Coding,0,0,0.07151777258405165,Low Employability
Mexico,Latin America,PhD,Data Science & AI,2021,R,Deep Learning,Big Data,77,43.9,81,3,6,6237,3380.2999999999997,3555.9,R | Deep Learning | Big Data,0,0,0.017142431508661793,Low Employability
South Korea,Asia-Pacific,PhD,Engineering,2022,Project Management,MATLAB,Lean Six Sigma,54,80.0,65,3,7,3510,4320.0,5200.0,Project Management | MATLAB | Lean Six Sigma,1,0,0.47757939559566387,Moderate
USA,North America,Master,Engineering,2019,MATLAB,Project Management,AutoCAD,47,13.0,61,2,4,2867,611.0,793.0,MATLAB | Project Management | AutoCAD,0,1,0.6613791776982237,Moderate
USA,North America,Bachelor,Computer Science,2017,SQL,Cloud Computing,React,63,5.0,80,1,2,5040,315.0,400.0,SQL | Cloud Computing | React,0,0,0.06908325373818375,Low Employability
Canada,North America,Master,Social Sciences,2021,Public Policy,Data Analysis,Communication,66,52.6,84,2,6,5544,3471.6,4418.400000000001,Public Policy | Data Analysis | Communication,1,1,0.732783191076279,High Employability
UK,Europe,Master,Social Sciences,2025,Qualitative Research,Communication,Public Policy,58,77.4,73,2,10,4234,4489.200000000001,5650.200000000001,Qualitative Research | Communication | Public Policy,1,1,0.7530951337864163,High Employability
Israel,Middle East & Africa,Master,Engineering,2018,Lean Six Sigma,SolidWorks,AutoCAD,57,17.5,79,2,3,4503,997.5,1382.5,Lean Six Sigma | SolidWorks | AutoCAD,0,1,0.645592877480863,Moderate
Argentina,Latin America,Master,Healthcare & Medicine,2019,Diagnostics,Patient Care,Medical Coding,49,12.7,88,2,4,4312,622.3,1117.6,Diagnostics | Patient Care | Medical Coding,0,0,0.07306834583242548,Low Employability
France,Europe,Bachelor,Engineering,2023,Lean Six Sigma,AutoCAD,MATLAB,59,87.4,65,1,8,3835,5156.6,5681.0,Lean Six Sigma | AutoCAD | MATLAB,1,1,0.8037346541537651,High Employability
Brazil,Latin America,Master,Social Sciences,2016,Data Analysis,Public Policy,Communication,60,7.6,95,2,1,5700,456.0,722.0,Data Analysis | Public Policy | Communication,1,1,0.6600830432094763,Moderate
France,Europe,Bachelor,Natural Sciences,2015,Statistical Analysis,Laboratory Skills,Experimental Design,63,17.8,52,1,0,3276,1121.4,925.6,Statistical Analysis | Laboratory Skills | Experimental Design,1,1,0.722706556775725,High Employability
Canada,North America,Master,Business & Finance,2025,Strategic Planning,Financial Modeling,Excel,89,90.0,81,2,10,7209,8010.0,7290.0,Strategic Planning | Financial Modeling | Excel,0,1,0.5941631471694311,Moderate
UAE,Middle East & Africa,PhD,Social Sciences,2020,Data Analysis,Communication,Qualitative Research,39,36.1,65,3,5,2535,1407.9,2346.5,Data Analysis | Communication | Qualitative Research,0,0,0.460496019890647,Moderate
Singapore,Asia-Pacific,Master,Social Sciences,2017,Data Analysis,Qualitative Research,Public Policy,48,14.1,88,2,2,4224,676.8,1240.8,Data Analysis | Qualitative Research | Public Policy,0,1,0.634434615533697,Moderate
South Africa,Middle East & Africa,Master,Social Sciences,2019,Public Policy,Data Analysis,Communication,48,5.0,90,2,4,4320,240.0,450.0,Public Policy | Data Analysis | Communication,1,1,0.7268363422289327,High Employability
Canada,North America,Bachelor,Engineering,2023,MATLAB,SolidWorks,Lean Six Sigma,71,43.0,60,1,8,4260,3053.0,2580.0,MATLAB | SolidWorks | Lean Six Sigma,1,1,0.6735804034404158,Moderate
USA,North America,PhD,Healthcare & Medicine,2022,Diagnostics,Medical Coding,Clinical Research,62,66.4,64,3,7,3968,4116.8,4249.6,Diagnostics | Medical Coding | Clinical Research,0,0,0.014047007720703723,Low Employability
Germany,Europe,PhD,Natural Sciences,2024,Experimental Design,Statistical Analysis,Scientific Writing,65,90.0,64,3,9,4160,5850.0,5760.0,Experimental Design | Statistical Analysis | Scientific Writing,0,1,0.5518138160773205,Moderate
Mexico,Latin America,PhD,Engineering,2018,Project Management,Lean Six Sigma,MATLAB,60,9.5,70,3,3,4200,570.0,665.0,Project Management | Lean Six Sigma | MATLAB,0,1,0.5745991823449514,Moderate
Japan,Asia-Pacific,Bachelor,Healthcare & Medicine,2021,Diagnostics,Patient Care,Medical Coding,61,56.3,94,1,6,5734,3434.2999999999997,5292.2,Diagnostics | Patient Care | Medical Coding,0,0,0.1227807859485777,Low Employability
UK,Europe,Bachelor,Social Sciences,2019,Communication,Data Analysis,Public Policy,71,5.7,77,1,4,5467,404.7,438.90000000000003,Communication | Data Analysis | Public Policy,0,1,0.8275788807497081,High Employability
UK,Europe,Master,Engineering,2017,AutoCAD,SolidWorks,Lean Six Sigma,36,5.4,71,2,2,2556,194.4,383.40000000000003,AutoCAD | SolidWorks | Lean Six Sigma,1,1,0.632162834937333,Moderate
Argentina,Latin America,PhD,Natural Sciences,2025,Statistical Analysis,Laboratory Skills,Scientific Writing,86,90.0,81,3,10,6966,7740.0,7290.0,Statistical Analysis | Laboratory Skills | Scientific Writing,0,0,0.49185584003324634,Moderate
Israel,Middle East & Africa,Bachelor,Engineering,2023,MATLAB,SolidWorks,Lean Six Sigma,77,73.4,63,1,8,4851,5651.8,4624.200000000001,MATLAB | SolidWorks | Lean Six Sigma,0,1,0.6254858048262311,Moderate
Canada,North America,Master,Data Science & AI,2025,Data Visualization,Deep Learning,R,93,82.8,79,2,10,7347,7700.4,6541.2,Data Visualization | Deep Learning | R,0,0,0.026306316182151967,Low Employability
UAE,Middle East & Africa,PhD,Natural Sciences,2020,Statistical Analysis,Laboratory Skills,Scientific Writing,62,22.7,58,3,5,3596,1407.3999999999999,1316.6,Statistical Analysis | Laboratory Skills | Scientific Writing,0,0,0.4113672290104373,Moderate
USA,North America,Master,Natural Sciences,2017,Scientific Writing,Experimental Design,Laboratory Skills,38,5.0,61,2,2,2318,190.0,305.0,Scientific Writing | Experimental Design | Laboratory Skills,0,1,0.8543705651380754,High Employability
Netherlands,Europe,Bachelor,Natural Sciences,2017,Statistical Analysis,Experimental Design,Scientific Writing,50,7.6,58,1,2,2900,380.0,440.79999999999995,Statistical Analysis | Experimental Design | Scientific Writing,1,1,0.873365826274661,High Employability
Canada,North America,PhD,Social Sciences,2021,Communication,Qualitative Research,Data Analysis,51,38.6,56,3,6,2856,1968.6000000000001,2161.6,Communication | Qualitative Research | Data Analysis,0,0,0.4884508897239564,Moderate
Brazil,Latin America,Master,Natural Sciences,2017,Laboratory Skills,Statistical Analysis,Experimental Design,43,5.0,75,2,2,3225,215.0,375.0,Laboratory Skills | Statistical Analysis | Experimental Design,0,1,0.6542373545738501,Moderate
UK,Europe,Bachelor,Healthcare & Medicine,2024,Patient Care,Diagnostics,Medical Coding,60,80.6,44,1,9,2640,4836.0,3546.3999999999996,Patient Care | Diagnostics | Medical Coding,0,0,0.13580243087905164,Low Employability
USA,North America,PhD,Natural Sciences,2021,Scientific Writing,Laboratory Skills,Experimental Design,60,43.3,46,3,6,2760,2598.0,1991.8,Scientific Writing | Laboratory Skills | Experimental Design,1,1,0.6968439224043285,Moderate
Argentina,Latin America,Master,Social Sciences,2022,Data Analysis,Public Policy,Qualitative Research,61,63.8,69,2,7,4209,3891.7999999999997,4402.2,Data Analysis | Public Policy | Qualitative Research,0,1,0.5462261438187103,Moderate
France,Europe,Bachelor,Data Science & AI,2020,Deep Learning,Data Visualization,R,75,31.6,53,1,5,3975,2370.0,1674.8000000000002,Deep Learning | Data Visualization | R,0,0,0.04372540195077329,Low Employability
Israel,Middle East & Africa,Master,Social Sciences,2022,Communication,Qualitative Research,Data Analysis,53,50.5,76,2,7,4028,2676.5,3838.0,Communication | Qualitative Research | Data Analysis,1,1,0.5933284176761648,Moderate
Canada,North America,PhD,Data Science & AI,2024,Data Visualization,R,NLP,79,76.5,81,3,9,6399,6043.5,6196.5,Data Visualization | R | NLP,0,0,0.009795032504235118,Low Employability
South Korea,Asia-Pacific,Bachelor,Computer Science,2015,Cloud Computing,DevOps,Cybersecurity,57,10.2,58,1,0,3306,581.4,591.5999999999999,Cloud Computing | DevOps | Cybersecurity,0,0,0.026400556092686874,Low Employability
Switzerland,Europe,PhD,Engineering,2022,Project Management,Lean Six Sigma,SolidWorks,38,64.3,75,3,7,2850,2443.4,4822.5,Project Management | Lean Six Sigma | SolidWorks,0,1,0.5350057582478386,Moderate
UK,Europe,Bachelor,Healthcare & Medicine,2023,Clinical Research,Medical Coding,Patient Care,71,84.0,83,1,8,5893,5964.0,6972.0,Clinical Research | Medical Coding | Patient Care,0,0,0.07298576161323675,Low Employability
UAE,Middle East & Africa,PhD,Business & Finance,2022,Data Analysis,Market Research,Excel,80,39.5,91,3,7,7280,3160.0,3594.5,Data Analysis | Market Research | Excel,0,1,0.5521666391359815,Moderate
Canada,North America,Master,Natural Sciences,2015,Laboratory Skills,Scientific Writing,Experimental Design,51,5.0,84,2,0,4284,255.0,420.0,Laboratory Skills | Scientific Writing | Experimental Design,1,1,0.6415745055815786,Moderate
Canada,North America,Master,Natural Sciences,2025,Statistical Analysis,Scientific Writing,Laboratory Skills,85,90.0,96,2,10,8160,7650.0,8640.0,Statistical Analysis | Scientific Writing | Laboratory Skills,1,1,0.6359050449115666,Moderate
Mexico,Latin America,Master,Data Science & AI,2015,Big Data,Deep Learning,Data Visualization,63,5.0,58,2,0,3654,315.0,290.0,Big Data | Deep Learning | Data Visualization,0,0,0.04074056106617048,Low Employability
Singapore,Asia-Pacific,PhD,Natural Sciences,2023,Statistical Analysis,Scientific Writing,Laboratory Skills,71,77.2,60,3,8,4260,5481.2,4632.0,Statistical Analysis | Scientific Writing | Laboratory Skills,1,1,0.5653481019747597,Moderate
Mexico,Latin America,Bachelor,Computer Science,2018,React,DevOps,Java,69,6.2,60,1,3,4140,427.8,372.0,React | DevOps | Java,0,0,0.04109886045663211,Low Employability
Sweden,Europe,Bachelor,Natural Sciences,2018,Scientific Writing,Laboratory Skills,Experimental Design,62,9.4,83,1,3,5146,582.8000000000001,780.2,Scientific Writing | Laboratory Skills | Experimental Design,1,1,0.8685819646486641,High Employability
USA,North America,Bachelor,Computer Science,2019,SQL,Python,React,76,5.0,92,1,4,6992,380.0,460.0,SQL | Python | React,0,0,0.06210560057743583,Low Employability
China,Asia-Pacific,PhD,Natural Sciences,2017,Scientific Writing,Statistical Analysis,Experimental Design,59,5.7,70,3,2,4130,336.3,399.0,Scientific Writing | Statistical Analysis | Experimental Design,0,0,0.36547527643953354,Low Employability
Australia,Asia-Pacific,Bachelor,Social Sciences,2022,Communication,Data Analysis,Public Policy,66,46.6,78,1,7,5148,3075.6,3634.8,Communication | Data Analysis | Public Policy,0,1,0.7400041471084794,High Employability
USA,North America,Master,Engineering,2021,AutoCAD,Lean Six Sigma,Project Management,55,44.7,90,2,6,4950,2458.5,4023.0000000000005,AutoCAD | Lean Six Sigma | Project Management,0,1,0.7749446635581835,High Employability
Mexico,Latin America,PhD,Business & Finance,2019,Market Research,Financial Modeling,Strategic Planning,45,5.0,100,3,4,4500,225.0,500.0,Market Research | Financial Modeling | Strategic Planning,0,1,0.6205383717869316,Moderate
USA,North America,PhD,Healthcare & Medicine,2016,Medical Coding,Diagnostics,Clinical Research,63,12.0,60,3,1,3780,756.0,720.0,Medical Coding | Diagnostics | Clinical Research,0,0,0.023970793478158208,Low Employability
Israel,Middle East & Africa,Bachelor,Healthcare & Medicine,2020,Patient Care,Medical Coding,Clinical Research,66,45.9,65,1,5,4290,3029.4,2983.5,Patient Care | Medical Coding | Clinical Research,0,0,0.023057662881491178,Low Employability
Canada,North America,Bachelor,Natural Sciences,2019,Statistical Analysis,Scientific Writing,Experimental Design,57,5.0,40,1,4,2280,285.0,200.0,Statistical Analysis | Scientific Writing | Experimental Design,0,1,0.6928200420889135,Moderate
Canada,North America,PhD,Computer Science,2023,Java,Python,SQL,100,63.2,82,3,8,8200,6320.0,5182.400000000001,Java | Python | SQL,0,0,0.0291622702098429,Low Employability
Switzerland,Europe,Bachelor,Natural Sciences,2020,Statistical Analysis,Scientific Writing,Experimental Design,82,49.6,72,1,5,5904,4067.2000000000003,3571.2000000000003,Statistical Analysis | Scientific Writing | Experimental Design,0,1,0.7280132192882174,High Employability
Israel,Middle East & Africa,Bachelor,Engineering,2018,AutoCAD,MATLAB,Project Management,59,5.9,74,1,3,4366,348.1,436.6,AutoCAD | MATLAB | Project Management,1,1,0.5426513369882252,Moderate
Australia,Asia-Pacific,Master,Healthcare & Medicine,2025,Medical Coding,Patient Care,Diagnostics,67,75.1,64,2,10,4288,5031.7,4806.4,Medical Coding | Patient Care | Diagnostics,0,0,0.04931238236847884,Low Employability
USA,North America,Master,Business & Finance,2016,Data Analysis,Strategic Planning,Financial Modeling,38,12.3,64,2,1,2432,467.40000000000003,787.2,Data Analysis | Strategic Planning | Financial Modeling,1,0,0.4616581123849048,Moderate
France,Europe,PhD,Engineering,2025,SolidWorks,Lean Six Sigma,AutoCAD,57,61.5,68,3,10,3876,3505.5,4182.0,SolidWorks | Lean Six Sigma | AutoCAD,0,1,0.7213665038089714,High Employability
Saudi Arabia,Middle East & Africa,Master,Social Sciences,2022,Qualitative Research,Communication,Public Policy,50,47.1,52,2,7,2600,2355.0,2449.2000000000003,Qualitative Research | Communication | Public Policy,0,1,0.7289684677841013,High Employability
Sweden,Europe,PhD,Healthcare & Medicine,2017,Clinical Research,Medical Coding,Patient Care,44,5.0,58,3,2,2552,220.0,290.0,Clinical Research | Medical Coding | Patient Care,0,0,0.015920685266961724,Low Employability
Switzerland,Europe,PhD,Healthcare & Medicine,2017,Diagnostics,Medical Coding,Patient Care,59,5.7,68,3,2,4012,336.3,387.6,Diagnostics | Medical Coding | Patient Care,0,0,0.01830384894182846,Low Employability
Canada,North America,Bachelor,Computer Science,2025,DevOps,Cybersecurity,React,91,89.1,82,1,10,7462,8108.099999999999,7306.2,DevOps | Cybersecurity | React,0,0,0.03557804859197211,Low Employability
Sweden,Europe,Bachelor,Computer Science,2015,Java,Cybersecurity,SQL,78,19.3,60,1,0,4680,1505.4,1158.0,Java | Cybersecurity | SQL,0,0,0.06046475177318577,Low Employability
UK,Europe,Master,Social Sciences,2018,Public Policy,Qualitative Research,Communication,51,20.0,55,2,3,2805,1020.0,1100.0,Public Policy | Qualitative Research | Communication,0,1,0.7302643677652852,High Employability
Japan,Asia-Pacific,Bachelor,Business & Finance,2021,Market Research,Strategic Planning,Excel,58,51.4,42,1,6,2436,2981.2,2158.7999999999997,Market Research | Strategic Planning | Excel,0,1,0.8712454946738327,High Employability
Canada,North America,PhD,Engineering,2015,Project Management,AutoCAD,Lean Six Sigma,40,17.9,57,3,0,2280,716.0,1020.3,Project Management | AutoCAD | Lean Six Sigma,0,0,0.3156171118946367,Low Employability
South Korea,Asia-Pacific,PhD,Natural Sciences,2021,Statistical Analysis,Scientific Writing,Experimental Design,63,50.7,56,3,6,3528,3194.1000000000004,2839.2000000000003,Statistical Analysis | Scientific Writing | Experimental Design,0,1,0.5651921075769917,Moderate
UAE,Middle East & Africa,Bachelor,Computer Science,2024,React,DevOps,Cloud Computing,99,74.6,68,1,9,6732,7385.4,5072.799999999999,React | DevOps | Cloud Computing,0,0,0.03518707138532853,Low Employability
Japan,Asia-Pacific,Bachelor,Computer Science,2017,Python,Java,DevOps,53,5.0,62,1,2,3286,265.0,310.0,Python | Java | DevOps,0,0,0.3435572380543174,Low Employability
China,Asia-Pacific,Bachelor,Engineering,2023,SolidWorks,Lean Six Sigma,AutoCAD,77,60.4,67,1,8,5159,4650.8,4046.7999999999997,SolidWorks | Lean Six Sigma | AutoCAD,0,1,0.785455919795568,High Employability
Mexico,Latin America,Master,Natural Sciences,2020,Laboratory Skills,Experimental Design,Statistical Analysis,63,52.2,72,2,5,4536,3288.6000000000004,3758.4,Laboratory Skills | Experimental Design | Statistical Analysis,0,1,0.7779758725491017,High Employability
USA,North America,Master,Natural Sciences,2023,Laboratory Skills,Statistical Analysis,Experimental Design,80,72.2,57,2,8,4560,5776.0,4115.400000000001,Laboratory Skills | Statistical Analysis | Experimental Design,0,1,0.6327549716731082,Moderate
Germany,Europe,PhD,Social Sciences,2020,Qualitative Research,Public Policy,Data Analysis,68,20.1,75,3,5,5100,1366.8000000000002,1507.5,Qualitative Research | Public Policy | Data Analysis,1,1,0.5521980534483163,Moderate
USA,North America,Bachelor,Natural Sciences,2019,Experimental Design,Laboratory Skills,Scientific Writing,62,6.4,64,1,4,3968,396.8,409.6,Experimental Design | Laboratory Skills | Scientific Writing,0,1,0.7357945619843378,High Employability
Germany,Europe,Bachelor,Social Sciences,2017,Public Policy,Data Analysis,Communication,57,15.9,60,1,2,3420,906.3000000000001,954.0,Public Policy | Data Analysis | Communication,0,1,0.8185042792231677,High Employability
Argentina,Latin America,Bachelor,Social Sciences,2017,Qualitative Research,Public Policy,Data Analysis,64,5.0,60,1,2,3840,320.0,300.0,Qualitative Research | Public Policy | Data Analysis,1,1,0.7515926215520699,High Employability
Canada,North America,PhD,Data Science & AI,2020,Big Data,Machine Learning,NLP,86,33.5,62,3,5,5332,2881.0,2077.0,Big Data | Machine Learning | NLP,0,0,0.02223890657523161,Low Employability
UK,Europe,PhD,Natural Sciences,2025,Scientific Writing,Laboratory Skills,Statistical Analysis,67,85.8,70,3,10,4690,5748.599999999999,6006.0,Scientific Writing | Laboratory Skills | Statistical Analysis,0,1,0.5602982740587025,Moderate
Singapore,Asia-Pacific,Bachelor,Social Sciences,2020,Communication,Data Analysis,Public Policy,65,51.9,80,1,5,5200,3373.5,4152.0,Communication | Data Analysis | Public Policy,1,1,0.7736892596269492,High Employability
Canada,North America,PhD,Social Sciences,2020,Qualitative Research,Communication,Public Policy,70,43.6,70,3,5,4900,3052.0,3052.0,Qualitative Research | Communication | Public Policy,0,1,0.5556376790503734,Moderate
Australia,Asia-Pacific,PhD,Business & Finance,2016,Financial Modeling,Data Analysis,Market Research,57,10.0,88,3,1,5016,570.0,880.0,Financial Modeling | Data Analysis | Market Research,0,1,0.5643701271687661,Moderate
South Korea,Asia-Pacific,PhD,Computer Science,2019,Cloud Computing,Python,DevOps,79,5.0,51,3,4,4029,395.0,255.0,Cloud Computing | Python | DevOps,0,0,0.08868576537282592,Low Employability
Canada,North America,Bachelor,Data Science & AI,2023,NLP,Big Data,Deep Learning,95,68.3,51,1,8,4845,6488.5,3483.2999999999997,NLP | Big Data | Deep Learning,0,0,0.06944083107270685,Low Employability
Mexico,Latin America,Bachelor,Data Science & AI,2023,R,Big Data,Deep Learning,90,74.4,68,1,8,6120,6696.000000000001,5059.200000000001,R | Big Data | Deep Learning,0,0,0.03482331879636559,Low Employability
India,Asia-Pacific,Bachelor,Healthcare & Medicine,2021,Patient Care,Clinical Research,Medical Coding,42,65.1,66,1,6,2772,2734.2,4296.599999999999,Patient Care | Clinical Research | Medical Coding,0,0,0.09224511919450257,Low Employability
Switzerland,Europe,PhD,Data Science & AI,2020,Deep Learning,Data Visualization,Machine Learning,80,42.7,70,3,5,5600,3416.0,2989.0,Deep Learning | Data Visualization | Machine Learning,0,0,0.04180589902275982,Low Employability
Japan,Asia-Pacific,PhD,Healthcare & Medicine,2018,Medical Coding,Patient Care,Clinical Research,56,10.0,87,3,3,4872,560.0,870.0,Medical Coding | Patient Care | Clinical Research,0,0,0.08735479252237753,Low Employability
Switzerland,Europe,Master,Natural Sciences,2023,Laboratory Skills,Experimental Design,Scientific Writing,63,61.4,70,2,8,4410,3868.2,4298.0,Laboratory Skills | Experimental Design | Scientific Writing,1,1,0.797799704729798,High Employability
Canada,North America,PhD,Computer Science,2015,React,Java,DevOps,52,8.1,72,3,0,3744,421.2,583.1999999999999,React | Java | DevOps,0,0,0.04252305274461561,Low Employability
Germany,Europe,Bachelor,Computer Science,2021,Python,React,DevOps,76,28.5,86,1,6,6536,2166.0,2451.0,Python | React | DevOps,0,0,0.27382689196225,Low Employability
Canada,North America,Bachelor,Natural Sciences,2021,Scientific Writing,Statistical Analysis,Experimental Design,64,57.2,69,1,6,4416,3660.8,3946.8,Scientific Writing | Statistical Analysis | Experimental Design,1,1,0.739836534214287,High Employability
Germany,Europe,PhD,Engineering,2020,Lean Six Sigma,SolidWorks,MATLAB,41,24.3,60,3,5,2460,996.3000000000001,1458.0,Lean Six Sigma | SolidWorks | MATLAB,0,1,0.5590960713561058,Moderate
Brazil,Latin America,Bachelor,Healthcare & Medicine,2021,Medical Coding,Clinical Research,Patient Care,74,62.2,72,1,6,5328,4602.8,4478.400000000001,Medical Coding | Clinical Research | Patient Care,0,0,0.1012784729120578,Low Employability
USA,North America,Bachelor,Business & Finance,2022,Financial Modeling,Strategic Planning,Excel,53,44.5,82,1,7,4346,2358.5,3649.0,Financial Modeling | Strategic Planning | Excel,0,1,0.686775341454465,Moderate
Saudi Arabia,Middle East & Africa,Bachelor,Engineering,2020,AutoCAD,Project Management,Lean Six Sigma,64,33.0,73,1,5,4672,2112.0,2409.0,AutoCAD | Project Management | Lean Six Sigma,0,1,0.7883625779024492,High Employability
Canada,North America,Master,Business & Finance,2024,Data Analysis,Financial Modeling,Strategic Planning,85,73.3,94,2,9,7990,6230.5,6890.2,Data Analysis | Financial Modeling | Strategic Planning,1,1,0.7144707136342036,High Employability
Mexico,Latin America,PhD,Social Sciences,2019,Communication,Data Analysis,Public Policy,51,8.5,40,3,4,2040,433.5,340.0,Communication | Data Analysis | Public Policy,0,0,0.48848942307689974,Moderate
Canada,North America,PhD,Engineering,2015,MATLAB,SolidWorks,Project Management,30,11.7,65,3,0,1950,351.0,760.5,MATLAB | SolidWorks | Project Management,0,0,0.35060820694545786,Low Employability
Switzerland,Europe,PhD,Natural Sciences,2021,Scientific Writing,Statistical Analysis,Laboratory Skills,58,53.4,65,3,6,3770,3097.2,3471.0,Scientific Writing | Statistical Analysis | Laboratory Skills,0,1,0.6098901688771533,Moderate
USA,North America,Master,Business & Finance,2023,Data Analysis,Financial Modeling,Excel,74,74.8,57,2,8,4218,5535.2,4263.599999999999,Data Analysis | Financial Modeling | Excel,0,1,0.7312858811068258,High Employability
South Korea,Asia-Pacific,Master,Engineering,2020,Project Management,Lean Six Sigma,MATLAB,56,31.7,71,2,5,3976,1775.2,2250.7,Project Management | Lean Six Sigma | MATLAB,0,1,0.719444911309496,High Employability
Switzerland,Europe,Bachelor,Data Science & AI,2024,Big Data,R,Data Visualization,88,82.6,96,1,9,8448,7268.799999999999,7929.599999999999,Big Data | R | Data Visualization,0,0,0.03997319584510151,Low Employability
South Korea,Asia-Pacific,PhD,Data Science & AI,2020,NLP,Machine Learning,Deep Learning,75,42.1,79,3,5,5925,3157.5,3325.9,NLP | Machine Learning | Deep Learning,0,0,0.06359113934996566,Low Employability
Canada,North America,Master,Natural Sciences,2025,Laboratory Skills,Scientific Writing,Experimental Design,80,90.0,55,2,10,4400,7200.0,4950.0,Laboratory Skills | Scientific Writing | Experimental Design,0,1,0.5896778248004715,Moderate
Argentina,Latin America,Bachelor,Engineering,2025,SolidWorks,MATLAB,AutoCAD,59,90.0,95,1,10,5605,5310.0,8550.0,SolidWorks | MATLAB | AutoCAD,0,1,0.8753742077213297,High Employability
Singapore,Asia-Pacific,PhD,Data Science & AI,2021,Machine Learning,Data Visualization,R,83,60.1,77,3,6,6391,4988.3,4627.7,Machine Learning | Data Visualization | R,0,0,0.03300879458458647,Low Employability
Saudi Arabia,Middle East & Africa,Master,Healthcare & Medicine,2016,Patient Care,Clinical Research,Diagnostics,59,8.8,83,2,1,4897,519.2,730.4000000000001,Patient Care | Clinical Research | Diagnostics,0,0,0.08001970777168027,Low Employability
South Korea,Asia-Pacific,PhD,Business & Finance,2019,Data Analysis,Excel,Strategic Planning,42,18.1,64,3,4,2688,760.2,1158.4,Data Analysis | Excel | Strategic Planning,0,1,0.604906383688374,Moderate
Sweden,Europe,Master,Data Science & AI,2024,Data Visualization,Big Data,Deep Learning,90,65.8,66,2,9,5940,5922.0,4342.8,Data Visualization | Big Data | Deep Learning,1,0,0.029193066964665223,Low Employability
USA,North America,Master,Business & Finance,2018,Market Research,Data Analysis,Financial Modeling,67,8.0,80,2,3,5360,536.0,640.0,Market Research | Data Analysis | Financial Modeling,0,1,0.8380653820681092,High Employability
Canada,North America,PhD,Social Sciences,2021,Qualitative Research,Data Analysis,Communication,58,39.6,58,3,6,3364,2296.8,2296.8,Qualitative Research | Data Analysis | Communication,0,0,0.47160465337061813,Moderate
Canada,North America,Bachelor,Data Science & AI,2019,Big Data,Machine Learning,R,89,18.0,92,1,4,8188,1602.0,1656.0,Big Data | Machine Learning | R,0,0,0.06905494302441491,Low Employability
USA,North America,PhD,Data Science & AI,2024,NLP,Big Data,Deep Learning,64,88.6,57,3,9,3648,5670.4,5050.2,NLP | Big Data | Deep Learning,0,0,0.028620018397399107,Low Employability
Israel,Middle East & Africa,PhD,Data Science & AI,2020,Big Data,NLP,Machine Learning,70,27.5,98,3,5,6860,1925.0,2695.0,Big Data | NLP | Machine Learning,0,0,0.08333311428335514,Low Employability
Canada,North America,Master,Computer Science,2016,Cybersecurity,React,Cloud Computing,61,20.3,76,2,1,4636,1238.3,1542.8,Cybersecurity | React | Cloud Computing,0,0,0.05354573811446944,Low Employability
Sweden,Europe,PhD,Computer Science,2015,Java,SQL,Python,82,5.0,61,3,0,5002,410.0,305.0,Java | SQL | Python,0,0,0.1025861682296568,Low Employability
Mexico,Latin America,Bachelor,Business & Finance,2025,Financial Modeling,Market Research,Excel,67,90.0,94,1,10,6298,6030.0,8460.0,Financial Modeling | Market Research | Excel,1,1,0.9074312429090521,High Employability
India,Asia-Pacific,PhD,Business & Finance,2015,Excel,Financial Modeling,Market Research,31,15.1,50,3,0,1550,468.09999999999997,755.0,Excel | Financial Modeling | Market Research,1,1,0.6075386579456175,Moderate
Brazil,Latin America,Bachelor,Engineering,2024,AutoCAD,Lean Six Sigma,SolidWorks,89,76.0,83,1,9,7387,6764.0,6308.0,AutoCAD | Lean Six Sigma | SolidWorks,1,1,0.6710752119690165,Moderate
Israel,Middle East & Africa,PhD,Natural Sciences,2025,Scientific Writing,Statistical Analysis,Laboratory Skills,52,90.0,69,3,10,3588,4680.0,6210.0,Scientific Writing | Statistical Analysis | Laboratory Skills,0,1,0.5762385271229185,Moderate
Mexico,Latin America,Master,Natural Sciences,2025,Statistical Analysis,Laboratory Skills,Scientific Writing,55,87.5,76,2,10,4180,4812.5,6650.0,Statistical Analysis | Laboratory Skills | Scientific Writing,0,1,0.5882352468205071,Moderate
USA,North America,Master,Natural Sciences,2017,Experimental Design,Statistical Analysis,Scientific Writing,76,13.6,57,2,2,4332,1033.6,775.1999999999999,Experimental Design | Statistical Analysis | Scientific Writing,1,1,0.6409945806437867,Moderate
USA,North America,Master,Computer Science,2018,Cloud Computing,React,Java,83,14.6,55,2,3,4565,1211.8,803.0,Cloud Computing | React | Java,0,0,0.059601225248351236,Low Employability
Mexico,Latin America,Master,Healthcare & Medicine,2024,Diagnostics,Clinical Research,Medical Coding,100,90.0,82,2,9,8200,9000.0,7380.0,Diagnostics | Clinical Research | Medical Coding,0,0,0.10013666934588417,Low Employability
South Africa,Middle East & Africa,PhD,Engineering,2024,MATLAB,Lean Six Sigma,AutoCAD,68,66.6,94,3,9,6392,4528.799999999999,6260.4,MATLAB | Lean Six Sigma | AutoCAD,1,1,0.720665260232728,High Employability
Israel,Middle East & Africa,Master,Business & Finance,2019,Financial Modeling,Excel,Market Research,60,7.5,66,2,4,3960,450.0,495.0,Financial Modeling | Excel | Market Research,1,1,0.6585919491149888,Moderate
South Korea,Asia-Pacific,PhD,Social Sciences,2021,Public Policy,Qualitative Research,Data Analysis,70,39.3,69,3,6,4830,2751.0,2711.7,Public Policy | Qualitative Research | Data Analysis,0,1,0.5908485839773725,Moderate
Switzerland,Europe,PhD,Data Science & AI,2025,Data Visualization,Deep Learning,R,74,90.0,76,3,10,5624,6660.0,6840.0,Data Visualization | Deep Learning | R,0,0,0.017682823488995948,Low Employability
Israel,Middle East & Africa,Master,Business & Finance,2018,Strategic Planning,Financial Modeling,Data Analysis,65,9.5,50,2,3,3250,617.5,475.0,Strategic Planning | Financial Modeling | Data Analysis,1,1,0.6077274663660184,Moderate
South Africa,Middle East & Africa,Bachelor,Healthcare & Medicine,2023,Diagnostics,Clinical Research,Patient Care,72,70.7,68,1,8,4896,5090.400000000001,4807.6,Diagnostics | Clinical Research | Patient Care,0,0,0.16531555363405984,Low Employability
Argentina,Latin America,PhD,Computer Science,2020,Cloud Computing,React,Cybersecurity,71,50.9,61,3,5,4331,3613.9,3104.9,Cloud Computing | React | Cybersecurity,0,0,0.018252302504189695,Low Employability
Brazil,Latin America,Master,Data Science & AI,2015,R,Data Visualization,Machine Learning,81,15.6,72,2,0,5832,1263.6,1123.2,R | Data Visualization | Machine Learning,0,0,0.04704421606084747,Low Employability
USA,North America,Bachelor,Engineering,2018,Lean Six Sigma,MATLAB,Project Management,48,7.9,87,1,3,4176,379.20000000000005,687.3000000000001,Lean Six Sigma | MATLAB | Project Management,0,1,0.8613649657591623,High Employability
Argentina,Latin America,Bachelor,Computer Science,2021,Cloud Computing,Java,SQL,79,58.2,78,1,6,6162,4597.8,4539.6,Cloud Computing | Java | SQL,0,0,0.06824478393170813,Low Employability
UAE,Middle East & Africa,Master,Natural Sciences,2024,Experimental Design,Scientific Writing,Laboratory Skills,75,89.2,54,2,9,4050,6690.0,4816.8,Experimental Design | Scientific Writing | Laboratory Skills,0,1,0.5292877172573257,Moderate
Switzerland,Europe,PhD,Business & Finance,2017,Excel,Data Analysis,Financial Modeling,75,5.0,57,3,2,4275,375.0,285.0,Excel | Data Analysis | Financial Modeling,1,1,0.6406351646967502,Moderate
Canada,North America,PhD,Natural Sciences,2017,Experimental Design,Laboratory Skills,Statistical Analysis,55,7.5,60,3,2,3300,412.5,450.0,Experimental Design | Laboratory Skills | Statistical Analysis,1,1,0.5589987399940499,Moderate
USA,North America,PhD,Healthcare & Medicine,2021,Diagnostics,Medical Coding,Clinical Research,65,37.5,91,3,6,5915,2437.5,3412.5,Diagnostics | Medical Coding | Clinical Research,0,0,0.01710554453346531,Low Employability
Brazil,Latin America,PhD,Business & Finance,2016,Data Analysis,Strategic Planning,Financial Modeling,38,5.0,66,3,1,2508,190.0,330.0,Data Analysis | Strategic Planning | Financial Modeling,0,0,0.35293010334962616,Low Employability
Canada,North America,Bachelor,Business & Finance,2019,Strategic Planning,Excel,Financial Modeling,65,19.7,75,1,4,4875,1280.5,1477.5,Strategic Planning | Excel | Financial Modeling,1,1,0.8822269689361348,High Employability
Canada,North America,Master,Data Science & AI,2024,NLP,Data Visualization,Big Data,100,79.8,77,2,9,7700,7980.0,6144.599999999999,NLP | Data Visualization | Big Data,0,0,0.1183863593570905,Low Employability
UK,Europe,Master,Social Sciences,2017,Public Policy,Data Analysis,Qualitative Research,62,19.8,59,2,2,3658,1227.6000000000001,1168.2,Public Policy | Data Analysis | Qualitative Research,0,1,0.6444141543379732,Moderate
South Korea,Asia-Pacific,PhD,Data Science & AI,2024,NLP,Machine Learning,Deep Learning,93,74.1,93,3,9,8649,6891.299999999999,6891.299999999999,NLP | Machine Learning | Deep Learning,0,0,0.06038138622309943,Low Employability
USA,North America,Master,Computer Science,2024,DevOps,SQL,Python,95,90.0,76,2,9,7220,8550.0,6840.0,DevOps | SQL | Python,0,0,0.07873758036862197,Low Employability
Israel,Middle East & Africa,Bachelor,Social Sciences,2022,Qualitative Research,Public Policy,Communication,55,58.8,61,1,7,3355,3234.0,3586.7999999999997,Qualitative Research | Public Policy | Communication,0,1,0.8807424450187301,High Employability
Singapore,Asia-Pacific,Master,Computer Science,2019,Cloud Computing,React,Python,80,10.0,72,2,4,5760,800.0,720.0,Cloud Computing | React | Python,0,0,0.08361402276783336,Low Employability
Australia,Asia-Pacific,Bachelor,Social Sciences,2015,Data Analysis,Public Policy,Qualitative Research,59,14.9,61,1,0,3599,879.1,908.9,Data Analysis | Public Policy | Qualitative Research,0,1,0.5986563077615731,Moderate
USA,North America,Master,Natural Sciences,2023,Experimental Design,Laboratory Skills,Scientific Writing,59,68.4,90,2,8,5310,4035.6000000000004,6156.000000000001,Experimental Design | Laboratory Skills | Scientific Writing,1,1,0.6456714715152339,Moderate
USA,North America,PhD,Business & Finance,2025,Financial Modeling,Strategic Planning,Market Research,61,90.0,57,3,10,3477,5490.0,5130.0,Financial Modeling | Strategic Planning | Market Research,0,0,0.3014789087125299,Low Employability
Brazil,Latin America,Bachelor,Business & Finance,2022,Excel,Strategic Planning,Financial Modeling,59,65.1,75,1,7,4425,3840.8999999999996,4882.5,Excel | Strategic Planning | Financial Modeling,1,1,0.8401471073549238,High Employability
South Africa,Middle East & Africa,Master,Data Science & AI,2020,Data Visualization,NLP,Machine Learning,75,44.5,66,2,5,4950,3337.5,2937.0,Data Visualization | NLP | Machine Learning,0,0,0.0872397117289698,Low Employability
India,Asia-Pacific,Bachelor,Healthcare & Medicine,2019,Patient Care,Clinical Research,Diagnostics,60,9.7,60,1,4,3600,582.0,582.0,Patient Care | Clinical Research | Diagnostics,0,0,0.08759677527916243,Low Employability
India,Asia-Pacific,Bachelor,Social Sciences,2024,Communication,Qualitative Research,Data Analysis,81,90.0,44,1,9,3564,7290.0,3960.0,Communication | Qualitative Research | Data Analysis,0,1,0.7162586284387098,High Employability
Canada,North America,Bachelor,Engineering,2021,Lean Six Sigma,AutoCAD,Project Management,65,66.3,73,1,6,4745,4309.5,4839.9,Lean Six Sigma | AutoCAD | Project Management,0,1,0.782189252083844,High Employability
Brazil,Latin America,Bachelor,Business & Finance,2019,Excel,Market Research,Data Analysis,71,6.5,87,1,4,6177,461.5,565.5,Excel | Market Research | Data Analysis,0,1,0.7691481836452501,High Employability
South Africa,Middle East & Africa,Bachelor,Engineering,2018,SolidWorks,Project Management,AutoCAD,59,8.1,62,1,3,3658,477.9,502.2,SolidWorks | Project Management | AutoCAD,1,1,0.649078185612108,Moderate
USA,North America,Master,Business & Finance,2023,Market Research,Excel,Data Analysis,74,86.9,60,2,8,4440,6430.6,5214.0,Market Research | Excel | Data Analysis,1,1,0.8397841280196842,High Employability
Israel,Middle East & Africa,Bachelor,Data Science & AI,2015,Deep Learning,Big Data,Data Visualization,82,8.1,67,1,0,5494,664.1999999999999,542.6999999999999,Deep Learning | Big Data | Data Visualization,0,0,0.03156914906188228,Low Employability
Germany,Europe,Master,Healthcare & Medicine,2021,Medical Coding,Clinical Research,Patient Care,67,52.4,77,2,6,5159,3510.7999999999997,4034.7999999999997,Medical Coding | Clinical Research | Patient Care,0,0,0.08065698356830926,Low Employability
Germany,Europe,Master,Business & Finance,2022,Market Research,Financial Modeling,Strategic Planning,67,54.6,85,2,7,5695,3658.2000000000003,4641.0,Market Research | Financial Modeling | Strategic Planning,0,1,0.6937198483532204,Moderate
Brazil,Latin America,PhD,Natural Sciences,2019,Scientific Writing,Experimental Design,Statistical Analysis,53,6.5,40,3,4,2120,344.5,260.0,Scientific Writing | Experimental Design | Statistical Analysis,0,1,0.5945697782275899,Moderate
Argentina,Latin America,Master,Computer Science,2024,Python,Cloud Computing,Cybersecurity,87,72.7,56,2,9,4872,6324.900000000001,4071.2000000000003,Python | Cloud Computing | Cybersecurity,0,0,0.06670969803511771,Low Employability
USA,North America,Bachelor,Data Science & AI,2019,Machine Learning,Data Visualization,Big Data,79,14.8,51,1,4,4029,1169.2,754.8000000000001,Machine Learning | Data Visualization | Big Data,0,0,0.07309466981687679,Low Employability
France,Europe,Bachelor,Social Sciences,2025,Qualitative Research,Public Policy,Communication,75,87.4,93,1,10,6975,6555.0,8128.200000000001,Qualitative Research | Public Policy | Communication,0,1,0.8822122341522474,High Employability
UK,Europe,Bachelor,Computer Science,2017,Java,SQL,Python,70,5.0,62,1,2,4340,350.0,310.0,Java | SQL | Python,0,0,0.3360493262494023,Low Employability
USA,North America,Bachelor,Data Science & AI,2020,NLP,Deep Learning,Data Visualization,92,41.2,66,1,5,6072,3790.4,2719.2000000000003,NLP | Deep Learning | Data Visualization,0,0,0.07333957758114903,Low Employability
Saudi Arabia,Middle East & Africa,Master,Social Sciences,2025,Public Policy,Qualitative Research,Data Analysis,67,73.0,75,2,10,5025,4891.0,5475.0,Public Policy | Qualitative Research | Data Analysis,0,1,0.7164825286939983,High Employability
USA,North America,Master,Data Science & AI,2023,Deep Learning,Machine Learning,R,75,68.2,75,2,8,5625,5115.0,5115.0,Deep Learning | Machine Learning | R,0,0,0.027514630666238285,Low Employability
Israel,Middle East & Africa,Bachelor,Natural Sciences,2025,Scientific Writing,Laboratory Skills,Experimental Design,68,90.0,73,1,10,4964,6120.0,6570.0,Scientific Writing | Laboratory Skills | Experimental Design,1,1,0.8463539261747469,High Employability
USA,North America,Bachelor,Healthcare & Medicine,2025,Clinical Research,Patient Care,Medical Coding,85,88.1,60,1,10,5100,7488.499999999999,5286.0,Clinical Research | Patient Care | Medical Coding,0,0,0.12928433692961963,Low Employability
Singapore,Asia-Pacific,PhD,Social Sciences,2018,Data Analysis,Communication,Public Policy,43,17.4,48,3,3,2064,748.1999999999999,835.1999999999999,Data Analysis | Communication | Public Policy,0,0,0.4416507022371123,Moderate
South Korea,Asia-Pacific,PhD,Natural Sciences,2019,Laboratory Skills,Statistical Analysis,Scientific Writing,59,7.2,77,3,4,4543,424.8,554.4,Laboratory Skills | Statistical Analysis | Scientific Writing,0,0,0.46259414140596666,Moderate
India,Asia-Pacific,Master,Natural Sciences,2015,Experimental Design,Scientific Writing,Statistical Analysis,55,9.4,59,2,0,3245,517.0,554.6,Experimental Design | Scientific Writing | Statistical Analysis,1,1,0.6882099445337354,Moderate
South Africa,Middle East & Africa,Master,Engineering,2024,MATLAB,Project Management,AutoCAD,71,85.6,55,2,9,3905,6077.599999999999,4708.0,MATLAB | Project Management | AutoCAD,1,1,0.6140414040656987,Moderate
Brazil,Latin America,Master,Computer Science,2016,SQL,React,Java,65,5.0,68,2,1,4420,325.0,340.0,SQL | React | Java,0,0,0.09152384924629356,Low Employability
Germany,Europe,PhD,Healthcare & Medicine,2019,Patient Care,Medical Coding,Clinical Research,65,12.1,74,3,4,4810,786.5,895.4,Patient Care | Medical Coding | Clinical Research,0,0,0.013736975882960481,Low Employability
Sweden,Europe,Bachelor,Data Science & AI,2017,NLP,R,Data Visualization,83,8.3,62,1,2,5146,688.9000000000001,514.6,NLP | R | Data Visualization,0,0,0.044270772584357514,Low Employability
Canada,North America,Master,Business & Finance,2020,Financial Modeling,Excel,Strategic Planning,49,33.9,67,2,5,3283,1661.1,2271.2999999999997,Financial Modeling | Excel | Strategic Planning,1,1,0.7438484992226837,High Employability
Argentina,Latin America,Bachelor,Business & Finance,2025,Market Research,Strategic Planning,Excel,72,86.1,99,1,10,7128,6199.2,8523.9,Market Research | Strategic Planning | Excel,0,1,0.8795862606637587,High Employability
Brazil,Latin America,PhD,Healthcare & Medicine,2016,Medical Coding,Clinical Research,Patient Care,68,8.1,66,3,1,4488,550.8,534.6,Medical Coding | Clinical Research | Patient Care,0,0,0.0448344133915826,Low Employability
South Africa,Middle East & Africa,Master,Natural Sciences,2016,Scientific Writing,Laboratory Skills,Statistical Analysis,56,8.3,56,2,1,3136,464.80000000000007,464.80000000000007,Scientific Writing | Laboratory Skills | Statistical Analysis,1,1,0.5124453616441658,Moderate
South Korea,Asia-Pacific,Bachelor,Natural Sciences,2022,Scientific Writing,Laboratory Skills,Experimental Design,65,57.7,90,1,7,5850,3750.5,5193.0,Scientific Writing | Laboratory Skills | Experimental Design,1,1,0.9068677633693775,High Employability
UAE,Middle East & Africa,Bachelor,Healthcare & Medicine,2024,Medical Coding,Diagnostics,Patient Care,65,82.2,57,1,9,3705,5343.0,4685.400000000001,Medical Coding | Diagnostics | Patient Care,0,0,0.05434659063227823,Low Employability
Argentina,Latin America,PhD,Data Science & AI,2024,Data Visualization,Machine Learning,NLP,66,75.0,43,3,9,2838,4950.0,3225.0,Data Visualization | Machine Learning | NLP,0,0,0.01879559754273075,Low Employability
Israel,Middle East & Africa,PhD,Data Science & AI,2024,Machine Learning,Data Visualization,NLP,79,71.8,64,3,9,5056,5672.2,4595.2,Machine Learning | Data Visualization | NLP,0,0,0.019208276448796614,Low Employability
Switzerland,Europe,PhD,Social Sciences,2025,Communication,Data Analysis,Public Policy,75,87.0,63,3,10,4725,6525.0,5481.0,Communication | Data Analysis | Public Policy,0,0,0.4983453931247943,Moderate
Netherlands,Europe,PhD,Healthcare & Medicine,2020,Diagnostics,Clinical Research,Patient Care,48,56.6,98,3,5,4704,2716.8,5546.8,Diagnostics | Clinical Research | Patient Care,0,0,0.13344351734649937,Low Employability
USA,North America,Master,Engineering,2021,AutoCAD,MATLAB,SolidWorks,55,53.7,72,2,6,3960,2953.5,3866.4,AutoCAD | MATLAB | SolidWorks,0,0,0.4210316931230047,Moderate
India,Asia-Pacific,Master,Engineering,2025,AutoCAD,Project Management,MATLAB,59,90.0,72,2,10,4248,5310.0,6480.0,AutoCAD | Project Management | MATLAB,1,0,0.44334177448215983,Moderate
Canada,North America,Master,Healthcare & Medicine,2016,Medical Coding,Diagnostics,Clinical Research,53,5.9,86,2,1,4558,312.70000000000005,507.40000000000003,Medical Coding | Diagnostics | Clinical Research,0,0,0.04343210181750888,Low Employability
Canada,North America,Master,Social Sciences,2015,Qualitative Research,Data Analysis,Communication,30,11.3,63,2,0,1890,339.0,711.9000000000001,Qualitative Research | Data Analysis | Communication,0,1,0.5595423563805485,Moderate
Mexico,Latin America,Bachelor,Business & Finance,2022,Strategic Planning,Data Analysis,Market Research,80,50.8,84,1,7,6720,4064.0,4267.2,Strategic Planning | Data Analysis | Market Research,0,1,0.6929089325770642,Moderate
USA,North America,Bachelor,Engineering,2025,AutoCAD,Project Management,Lean Six Sigma,83,90.0,56,1,10,4648,7470.0,5040.0,AutoCAD | Project Management | Lean Six Sigma,0,1,0.6697113323434589,Moderate
Saudi Arabia,Middle East & Africa,Bachelor,Computer Science,2025,Java,React,Cybersecurity,100,79.6,83,1,10,8300,7959.999999999999,6606.799999999999,Java | React | Cybersecurity,0,0,0.11880594221699743,Low Employability
UK,Europe,Master,Healthcare & Medicine,2019,Patient Care,Clinical Research,Diagnostics,62,13.2,83,2,4,5146,818.4,1095.6,Patient Care | Clinical Research | Diagnostics,0,0,0.08405642612426999,Low Employability
Mexico,Latin America,PhD,Social Sciences,2023,Qualitative Research,Communication,Data Analysis,61,77.2,64,3,8,3904,4709.2,4940.8,Qualitative Research | Communication | Data Analysis,0,1,0.6048887601061949,Moderate
Japan,Asia-Pacific,Bachelor,Social Sciences,2021,Public Policy,Communication,Data Analysis,64,37.8,66,1,6,4224,2419.2,2494.7999999999997,Public Policy | Communication | Data Analysis,0,1,0.8850938732977816,High Employability
Brazil,Latin America,PhD,Healthcare & Medicine,2021,Patient Care,Diagnostics,Clinical Research,54,61.9,53,3,6,2862,3342.6,3280.7,Patient Care | Diagnostics | Clinical Research,1,0,0.01602316075653712,Low Employability
UAE,Middle East & Africa,PhD,Data Science & AI,2016,Deep Learning,Big Data,R,62,12.9,59,3,1,3658,799.8000000000001,761.1,Deep Learning | Big Data | R,0,0,0.009999681961063734,Low Employability
Argentina,Latin America,Master,Data Science & AI,2022,Machine Learning,Data Visualization,Big Data,82,78.9,80,2,7,6560,6469.8,6312.0,Machine Learning | Data Visualization | Big Data,0,0,0.0550319219495516,Low Employability
Netherlands,Europe,Master,Natural Sciences,2020,Scientific Writing,Laboratory Skills,Experimental Design,46,34.1,79,2,5,3634,1568.6000000000001,2693.9,Scientific Writing | Laboratory Skills | Experimental Design,0,1,0.8595520468589511,High Employability
France,Europe,Master,Business & Finance,2015,Excel,Data Analysis,Market Research,51,21.5,58,2,0,2958,1096.5,1247.0,Excel | Data Analysis | Market Research,1,1,0.5056632958856413,Moderate
Singapore,Asia-Pacific,PhD,Social Sciences,2023,Qualitative Research,Communication,Public Policy,58,64.4,67,3,8,3886,3735.2000000000003,4314.8,Qualitative Research | Communication | Public Policy,1,1,0.601874141342124,Moderate
USA,North America,PhD,Computer Science,2020,Cloud Computing,SQL,Cybersecurity,85,41.5,91,3,5,7735,3527.5,3776.5,Cloud Computing | SQL | Cybersecurity,0,0,0.021250686889811878,Low Employability
Canada,North America,Bachelor,Healthcare & Medicine,2020,Clinical Research,Diagnostics,Patient Care,61,36.5,81,1,5,4941,2226.5,2956.5,Clinical Research | Diagnostics | Patient Care,0,0,0.1519394123643228,Low Employability
UAE,Middle East & Africa,Bachelor,Data Science & AI,2017,Big Data,Machine Learning,Data Visualization,71,11.7,61,1,2,4331,830.6999999999999,713.6999999999999,Big Data | Machine Learning | Data Visualization,0,0,0.05795049598895159,Low Employability
Saudi Arabia,Middle East & Africa,Master,Business & Finance,2025,Strategic Planning,Excel,Financial Modeling,61,90.0,84,2,10,5124,5490.0,7560.0,Strategic Planning | Excel | Financial Modeling,1,1,0.8699581734736362,High Employability
UK,Europe,PhD,Natural Sciences,2019,Statistical Analysis,Laboratory Skills,Scientific Writing,61,8.4,73,3,4,4453,512.4,613.2,Statistical Analysis | Laboratory Skills | Scientific Writing,0,1,0.5852611646541315,Moderate
USA,North America,PhD,Engineering,2016,Lean Six Sigma,AutoCAD,Project Management,65,13.9,66,3,1,4290,903.5,917.4,Lean Six Sigma | AutoCAD | Project Management,0,1,0.5911911795476588,Moderate
Canada,North America,PhD,Data Science & AI,2023,Data Visualization,NLP,R,49,63.0,56,3,8,2744,3087.0,3528.0,Data Visualization | NLP | R,0,0,0.03552539107919076,Low Employability
Israel,Middle East & Africa,Master,Social Sciences,2020,Qualitative Research,Communication,Public Policy,69,43.3,49,2,5,3381,2987.7,2121.7,Qualitative Research | Communication | Public Policy,0,1,0.6035415788777692,Moderate
South Korea,Asia-Pacific,Bachelor,Natural Sciences,2015,Laboratory Skills,Experimental Design,Scientific Writing,30,7.0,73,1,0,2190,210.0,511.0,Laboratory Skills | Experimental Design | Scientific Writing,0,1,0.8881244311120685,High Employability
Sweden,Europe,Bachelor,Engineering,2021,AutoCAD,SolidWorks,Lean Six Sigma,75,69.1,70,1,6,5250,5182.5,4837.0,AutoCAD | SolidWorks | Lean Six Sigma,1,1,0.6024232910892294,Moderate
UK,Europe,PhD,Social Sciences,2020,Data Analysis,Qualitative Research,Public Policy,75,30.3,40,3,5,3000,2272.5,1212.0,Data Analysis | Qualitative Research | Public Policy,1,1,0.5269960238419844,Moderate
Mexico,Latin America,Bachelor,Engineering,2015,Lean Six Sigma,SolidWorks,AutoCAD,48,12.0,68,1,0,3264,576.0,816.0,Lean Six Sigma | SolidWorks | AutoCAD,0,1,0.7631184097059457,High Employability
Germany,Europe,Bachelor,Natural Sciences,2018,Scientific Writing,Laboratory Skills,Statistical Analysis,53,5.0,44,1,3,2332,265.0,220.0,Scientific Writing | Laboratory Skills | Statistical Analysis,1,1,0.6782035390271037,Moderate
Germany,Europe,Master,Computer Science,2016,Python,Java,DevOps,87,5.0,72,2,1,6264,435.0,360.0,Python | Java | DevOps,0,0,0.23507421273109377,Low Employability
Israel,Middle East & Africa,PhD,Computer Science,2021,Java,Cloud Computing,DevOps,69,70.6,62,3,6,4278,4871.4,4377.2,Java | Cloud Computing | DevOps,0,0,0.12646930383828572,Low Employability
Netherlands,Europe,Master,Social Sciences,2019,Public Policy,Communication,Qualitative Research,47,12.2,58,2,4,2726,573.4,707.5999999999999,Public Policy | Communication | Qualitative Research,1,1,0.7650045728401744,High Employability
Brazil,Latin America,Bachelor,Data Science & AI,2024,Data Visualization,R,NLP,86,67.9,47,1,9,4042,5839.400000000001,3191.3,Data Visualization | R | NLP,0,0,0.021379763448712234,Low Employability
Canada,North America,Bachelor,Natural Sciences,2023,Laboratory Skills,Statistical Analysis,Scientific Writing,58,68.9,56,1,8,3248,3996.2000000000003,3858.4000000000005,Laboratory Skills | Statistical Analysis | Scientific Writing,0,1,0.5718555037169264,Moderate
France,Europe,PhD,Healthcare & Medicine,2017,Medical Coding,Clinical Research,Diagnostics,55,8.0,63,3,2,3465,440.0,504.0,Medical Coding | Clinical Research | Diagnostics,0,0,0.10335838070237766,Low Employability
China,Asia-Pacific,PhD,Engineering,2022,MATLAB,Lean Six Sigma,SolidWorks,61,61.3,60,3,7,3660,3739.2999999999997,3678.0,MATLAB | Lean Six Sigma | SolidWorks,0,0,0.4725297167546732,Moderate
Singapore,Asia-Pacific,Bachelor,Computer Science,2016,DevOps,Python,Cybersecurity,77,6.7,72,1,1,5544,515.9,482.40000000000003,DevOps | Python | Cybersecurity,0,0,0.04959113595484251,Low Employability
USA,North America,Master,Healthcare & Medicine,2025,Diagnostics,Patient Care,Clinical Research,66,90.0,76,2,10,5016,5940.0,6840.0,Diagnostics | Patient Care | Clinical Research,0,0,0.04000150235053936,Low Employability
Canada,North America,PhD,Engineering,2022,AutoCAD,Lean Six Sigma,SolidWorks,66,51.8,48,3,7,3168,3418.7999999999997,2486.3999999999996,AutoCAD | Lean Six Sigma | SolidWorks,0,0,0.4377030413989681,Moderate
South Africa,Middle East & Africa,PhD,Computer Science,2021,React,Java,Python,86,61.9,80,3,6,6880,5323.4,4952.0,React | Java | Python,0,0,0.03910937435661873,Low Employability
Brazil,Latin America,PhD,Social Sciences,2024,Communication,Qualitative Research,Data Analysis,52,82.0,71,3,9,3692,4264.0,5822.0,Communication | Qualitative Research | Data Analysis,0,0,0.4961071331535253,Moderate
South Africa,Middle East & Africa,Master,Data Science & AI,2020,NLP,Deep Learning,Machine Learning,61,53.0,72,2,5,4392,3233.0,3816.0,NLP | Deep Learning | Machine Learning,0,0,0.1312531940707534,Low Employability
Japan,Asia-Pacific,Master,Computer Science,2025,Python,Cloud Computing,React,88,86.8,66,2,10,5808,7638.4,5728.8,Python | Cloud Computing | React,0,0,0.07223532091416018,Low Employability
India,Asia-Pacific,Master,Social Sciences,2025,Data Analysis,Qualitative Research,Public Policy,69,80.1,59,2,10,4071,5526.9,4725.9,Data Analysis | Qualitative Research | Public Policy,0,1,0.5741154137529958,Moderate
China,Asia-Pacific,Bachelor,Computer Science,2020,SQL,Python,React,89,45.3,58,1,5,5162,4031.7,2627.3999999999996,SQL | Python | React,0,0,0.023523252523428323,Low Employability
Mexico,Latin America,Master,Computer Science,2025,Python,DevOps,Cloud Computing,97,90.0,60,2,10,5820,8730.0,5400.0,Python | DevOps | Cloud Computing,0,0,0.08679615512986584,Low Employability
Sweden,Europe,Bachelor,Healthcare & Medicine,2021,Medical Coding,Patient Care,Clinical Research,36,60.3,69,1,6,2484,2170.7999999999997,4160.7,Medical Coding | Patient Care | Clinical Research,0,0,0.11153556922758226,Low Employability
Germany,Europe,Bachelor,Natural Sciences,2017,Statistical Analysis,Scientific Writing,Laboratory Skills,64,5.0,64,1,2,4096,320.0,320.0,Statistical Analysis | Scientific Writing | Laboratory Skills,1,1,0.7713999173335271,High Employability
Germany,Europe,PhD,Healthcare & Medicine,2025,Diagnostics,Patient Care,Medical Coding,87,78.1,83,3,10,7221,6794.7,6482.299999999999,Diagnostics | Patient Care | Medical Coding,0,0,0.037853107215166215,Low Employability
USA,North America,Master,Engineering,2019,MATLAB,Project Management,AutoCAD,49,17.8,84,2,4,4116,872.2,1495.2,MATLAB | Project Management | AutoCAD,0,1,0.697159107997259,Moderate
Saudi Arabia,Middle East & Africa,Bachelor,Computer Science,2017,DevOps,React,Python,76,16.4,40,1,2,3040,1246.3999999999999,656.0,DevOps | React | Python,0,0,0.1611438228461733,Low Employability
South Korea,Asia-Pacific,Master,Healthcare & Medicine,2018,Medical Coding,Clinical Research,Patient Care,52,10.6,79,2,3,4108,551.1999999999999,837.4,Medical Coding | Clinical Research | Patient Care,0,0,0.09805188452689184,Low Employability
Australia,Asia-Pacific,PhD,Business & Finance,2019,Data Analysis,Financial Modeling,Excel,70,8.6,56,3,4,3920,602.0,481.59999999999997,Data Analysis | Financial Modeling | Excel,0,1,0.6610084469298476,Moderate
Sweden,Europe,Bachelor,Healthcare & Medicine,2019,Diagnostics,Patient Care,Clinical Research,73,6.0,80,1,4,5840,438.0,480.0,Diagnostics | Patient Care | Clinical Research,0,0,0.06707121494533651,Low Employability
Sweden,Europe,Bachelor,Healthcare & Medicine,2017,Patient Care,Clinical Research,Diagnostics,42,8.5,58,1,2,2436,357.0,493.0,Patient Care | Clinical Research | Diagnostics,0,0,0.060821672983149076,Low Employability
Japan,Asia-Pacific,Bachelor,Engineering,2020,Lean Six Sigma,MATLAB,Project Management,54,41.5,55,1,5,2970,2241.0,2282.5,Lean Six Sigma | MATLAB | Project Management,0,1,0.8764275628331912,High Employability
South Africa,Middle East & Africa,PhD,Computer Science,2017,SQL,React,Python,77,7.3,47,3,2,3619,562.1,343.09999999999997,SQL | React | Python,0,0,0.11726350165636815,Low Employability
Brazil,Latin America,PhD,Data Science & AI,2018,Deep Learning,Data Visualization,Big Data,82,5.0,65,3,3,5330,410.0,325.0,Deep Learning | Data Visualization | Big Data,0,0,0.030976614565635382,Low Employability
Saudi Arabia,Middle East & Africa,Master,Computer Science,2018,Python,Cloud Computing,Java,82,17.7,78,2,3,6396,1451.3999999999999,1380.6,Python | Cloud Computing | Java,0,0,0.20314481269071671,Low Employability
USA,North America,Bachelor,Engineering,2023,Lean Six Sigma,AutoCAD,MATLAB,71,65.4,63,1,8,4473,4643.400000000001,4120.200000000001,Lean Six Sigma | AutoCAD | MATLAB,0,1,0.8346055688185804,High Employability
USA,North America,PhD,Natural Sciences,2020,Experimental Design,Statistical Analysis,Laboratory Skills,54,29.6,52,3,5,2808,1598.4,1539.2,Experimental Design | Statistical Analysis | Laboratory Skills,0,1,0.5014273716754176,Moderate
Canada,North America,Bachelor,Engineering,2023,SolidWorks,AutoCAD,Lean Six Sigma,54,65.2,68,1,8,3672,3520.8,4433.6,SolidWorks | AutoCAD | Lean Six Sigma,1,1,0.844578533579045,High Employability
Mexico,Latin America,Bachelor,Healthcare & Medicine,2017,Diagnostics,Clinical Research,Patient Care,57,12.6,79,1,2,4503,718.1999999999999,995.4,Diagnostics | Clinical Research | Patient Care,0,0,0.21852809230886577,Low Employability
Germany,Europe,Master,Natural Sciences,2016,Statistical Analysis,Scientific Writing,Laboratory Skills,34,10.8,82,2,1,2788,367.20000000000005,885.6,Statistical Analysis | Scientific Writing | Laboratory Skills,1,1,0.6816563652109714,Moderate
Saudi Arabia,Middle East & Africa,Bachelor,Natural Sciences,2025,Scientific Writing,Statistical Analysis,Laboratory Skills,73,89.4,58,1,10,4234,6526.200000000001,5185.200000000001,Scientific Writing | Statistical Analysis | Laboratory Skills,0,1,0.8456307461018645,High Employability
Brazil,Latin America,Master,Data Science & AI,2025,Machine Learning,R,Data Visualization,92,75.6,76,2,10,6992,6955.2,5745.599999999999,Machine Learning | R | Data Visualization,0,0,0.019916793777515852,Low Employability
UK,Europe,Bachelor,Social Sciences,2024,Qualitative Research,Data Analysis,Communication,58,78.2,77,1,9,4466,4535.6,6021.400000000001,Qualitative Research | Data Analysis | Communication,1,1,0.7889355514193265,High Employability
Australia,Asia-Pacific,PhD,Social Sciences,2018,Public Policy,Qualitative Research,Communication,50,15.4,75,3,3,3750,770.0,1155.0,Public Policy | Qualitative Research | Communication,0,1,0.5632024940436857,Moderate
Netherlands,Europe,PhD,Data Science & AI,2023,NLP,Machine Learning,Big Data,90,54.6,61,3,8,5490,4914.0,3330.6,NLP | Machine Learning | Big Data,0,0,0.04720300329945381,Low Employability
France,Europe,Bachelor,Computer Science,2024,Python,SQL,Cybersecurity,100,61.5,62,1,9,6200,6150.0,3813.0,Python | SQL | Cybersecurity,0,0,0.08465789911892502,Low Employability
Israel,Middle East & Africa,PhD,Natural Sciences,2016,Laboratory Skills,Statistical Analysis,Scientific Writing,41,12.6,68,3,1,2788,516.6,856.8,Laboratory Skills | Statistical Analysis | Scientific Writing,0,0,0.3212898326350131,Low Employability
Singapore,Asia-Pacific,Master,Social Sciences,2019,Data Analysis,Communication,Public Policy,61,5.0,87,2,4,5307,305.0,435.0,Data Analysis | Communication | Public Policy,1,1,0.6390734348003221,Moderate
India,Asia-Pacific,PhD,Business & Finance,2025,Market Research,Data Analysis,Financial Modeling,66,84.2,90,3,10,5940,5557.2,7578.0,Market Research | Data Analysis | Financial Modeling,0,1,0.7821303082988833,High Employability
Mexico,Latin America,Master,Social Sciences,2019,Qualitative Research,Communication,Public Policy,63,12.6,60,2,4,3780,793.8,756.0,Qualitative Research | Communication | Public Policy,1,1,0.676183530316065,Moderate
Israel,Middle East & Africa,Master,Engineering,2015,Project Management,SolidWorks,AutoCAD,63,19.4,56,2,0,3528,1222.1999999999998,1086.3999999999999,Project Management | SolidWorks | AutoCAD,1,1,0.6754167495636009,Moderate
South Africa,Middle East & Africa,Master,Healthcare & Medicine,2016,Clinical Research,Diagnostics,Patient Care,61,5.2,66,2,1,4026,317.2,343.2,Clinical Research | Diagnostics | Patient Care,0,0,0.08147275895573372,Low Employability
Mexico,Latin America,Bachelor,Natural Sciences,2018,Experimental Design,Statistical Analysis,Scientific Writing,55,15.8,60,1,3,3300,869.0,948.0,Experimental Design | Statistical Analysis | Scientific Writing,1,1,0.7516303876566602,High Employability
Brazil,Latin America,PhD,Healthcare & Medicine,2021,Clinical Research,Medical Coding,Patient Care,65,60.3,83,3,6,5395,3919.5,5004.9,Clinical Research | Medical Coding | Patient Care,0,0,0.02016215208393064,Low Employability
UAE,Middle East & Africa,Bachelor,Social Sciences,2017,Qualitative Research,Public Policy,Communication,70,9.9,74,1,2,5180,693.0,732.6,Qualitative Research | Public Policy | Communication,0,1,0.893105110952632,High Employability
Netherlands,Europe,Master,Business & Finance,2016,Excel,Strategic Planning,Market Research,64,11.7,61,2,1,3904,748.8,713.6999999999999,Excel | Strategic Planning | Market Research,0,1,0.6699114620290817,Moderate
Mexico,Latin America,Bachelor,Engineering,2025,MATLAB,Project Management,SolidWorks,80,79.4,67,1,10,5360,6352.0,5319.8,MATLAB | Project Management | SolidWorks,1,1,0.6776927724229814,Moderate
USA,North America,PhD,Data Science & AI,2020,R,Machine Learning,NLP,98,35.2,82,3,5,8036,3449.6000000000004,2886.4,R | Machine Learning | NLP,0,0,0.01228307305239863,Low Employability
China,Asia-Pacific,Master,Social Sciences,2024,Data Analysis,Communication,Qualitative Research,62,72.3,69,2,9,4278,4482.599999999999,4988.7,Data Analysis | Communication | Qualitative Research,1,0,0.4337400926604835,Moderate
South Africa,Middle East & Africa,PhD,Business & Finance,2024,Financial Modeling,Excel,Strategic Planning,68,77.8,60,3,9,4080,5290.4,4668.0,Financial Modeling | Excel | Strategic Planning,1,1,0.6021432784097426,Moderate
India,Asia-Pacific,Bachelor,Natural Sciences,2017,Statistical Analysis,Scientific Writing,Laboratory Skills,40,11.0,88,1,2,3520,440.0,968.0,Statistical Analysis | Scientific Writing | Laboratory Skills,0,1,0.7911933756573353,High Employability
Switzerland,Europe,PhD,Social Sciences,2019,Qualitative Research,Public Policy,Communication,59,9.9,78,3,4,4602,584.1,772.2,Qualitative Research | Public Policy | Communication,0,1,0.8015096778636318,High Employability
Australia,Asia-Pacific,PhD,Business & Finance,2020,Strategic Planning,Financial Modeling,Data Analysis,63,38.5,61,3,5,3843,2425.5,2348.5,Strategic Planning | Financial Modeling | Data Analysis,1,1,0.5407452254835226,Moderate
Japan,Asia-Pacific,Master,Social Sciences,2016,Communication,Public Policy,Data Analysis,50,5.0,78,2,1,3900,250.0,390.0,Communication | Public Policy | Data Analysis,1,1,0.7009461874286027,High Employability
South Korea,Asia-Pacific,Bachelor,Healthcare & Medicine,2024,Medical Coding,Diagnostics,Clinical Research,61,84.6,100,1,9,6100,5160.599999999999,8460.0,Medical Coding | Diagnostics | Clinical Research,0,0,0.087799250693322,Low Employability
Argentina,Latin America,Master,Business & Finance,2020,Strategic Planning,Market Research,Data Analysis,57,49.8,83,2,5,4731,2838.6,4133.4,Strategic Planning | Market Research | Data Analysis,1,1,0.752244988769509,High Employability
Brazil,Latin America,PhD,Social Sciences,2020,Data Analysis,Communication,Public Policy,39,43.6,71,3,5,2769,1700.4,3095.6,Data Analysis | Communication | Public Policy,0,0,0.4224911199824612,Moderate
Mexico,Latin America,Bachelor,Computer Science,2019,SQL,React,Cloud Computing,93,15.0,83,1,4,7719,1395.0,1245.0,SQL | React | Cloud Computing,0,0,0.20723483496935335,Low Employability
South Africa,Middle East & Africa,PhD,Computer Science,2018,Python,Cybersecurity,React,68,5.6,58,3,3,3944,380.79999999999995,324.79999999999995,Python | Cybersecurity | React,0,0,0.028181200567579157,Low Employability
South Africa,Middle East & Africa,Master,Computer Science,2016,React,Cloud Computing,Python,70,16.1,64,2,1,4480,1127.0,1030.4,React | Cloud Computing | Python,0,0,0.03987758570346358,Low Employability
Mexico,Latin America,Bachelor,Computer Science,2022,Python,Cloud Computing,Cybersecurity,100,72.2,67,1,7,6700,7220.0,4837.400000000001,Python | Cloud Computing | Cybersecurity,0,0,0.09082527838796005,Low Employability
Brazil,Latin America,Master,Computer Science,2023,DevOps,Cybersecurity,React,87,70.2,55,2,8,4785,6107.400000000001,3861.0,DevOps | Cybersecurity | React,0,0,0.021123882913186013,Low Employability
UK,Europe,PhD,Social Sciences,2017,Data Analysis,Qualitative Research,Public Policy,44,8.7,62,3,2,2728,382.79999999999995,539.4,Data Analysis | Qualitative Research | Public Policy,0,1,0.5345771608120711,Moderate
Australia,Asia-Pacific,Bachelor,Healthcare & Medicine,2018,Clinical Research,Medical Coding,Diagnostics,53,12.4,86,1,3,4558,657.2,1066.4,Clinical Research | Medical Coding | Diagnostics,0,0,0.06141753930531837,Low Employability
South Africa,Middle East & Africa,Bachelor,Healthcare & Medicine,2023,Diagnostics,Clinical Research,Patient Care,77,72.1,70,1,8,5390,5551.7,5047.0,Diagnostics | Clinical Research | Patient Care,0,0,0.16488975263805986,Low Employability
Switzerland,Europe,Bachelor,Natural Sciences,2015,Statistical Analysis,Experimental Design,Laboratory Skills,44,20.0,97,1,0,4268,880.0,1940.0,Statistical Analysis | Experimental Design | Laboratory Skills,1,1,0.856369806243707,High Employability
Australia,Asia-Pacific,PhD,Engineering,2018,Lean Six Sigma,SolidWorks,Project Management,61,9.7,63,3,3,3843,591.6999999999999,611.0999999999999,Lean Six Sigma | SolidWorks | Project Management,1,1,0.5521524037864486,Moderate
Australia,Asia-Pacific,Bachelor,Engineering,2021,SolidWorks,Project Management,Lean Six Sigma,61,55.4,69,1,6,4209,3379.4,3822.6,SolidWorks | Project Management | Lean Six Sigma,1,1,0.8311718383434246,High Employability
USA,North America,Bachelor,Social Sciences,2017,Public Policy,Communication,Qualitative Research,61,9.2,74,1,2,4514,561.1999999999999,680.8,Public Policy | Communication | Qualitative Research,0,1,0.8091415628413163,High Employability
South Korea,Asia-Pacific,Master,Engineering,2024,Project Management,Lean Six Sigma,AutoCAD,64,72.2,89,2,9,5696,4620.8,6425.8,Project Management | Lean Six Sigma | AutoCAD,0,1,0.8749213715171125,High Employability
Canada,North America,Master,Data Science & AI,2022,Big Data,Deep Learning,Machine Learning,92,59.0,81,2,7,7452,5428.0,4779.0,Big Data | Deep Learning | Machine Learning,0,0,0.06434863687200626,Low Employability
UK,Europe,Master,Engineering,2015,Lean Six Sigma,Project Management,AutoCAD,43,6.6,80,2,0,3440,283.8,528.0,Lean Six Sigma | Project Management | AutoCAD,0,1,0.8809180329141525,High Employability
South Africa,Middle East & Africa,PhD,Social Sciences,2021,Public Policy,Data Analysis,Communication,53,46.1,63,3,6,3339,2443.3,2904.3,Public Policy | Data Analysis | Communication,1,1,0.5789707063181257,Moderate
Israel,Middle East & Africa,Bachelor,Computer Science,2017,React,Cloud Computing,DevOps,79,5.0,40,1,2,3160,395.0,200.0,React | Cloud Computing | DevOps,1,0,0.062066997161075284,Low Employability
Israel,Middle East & Africa,Bachelor,Engineering,2022,AutoCAD,Project Management,SolidWorks,63,60.2,72,1,7,4536,3792.6000000000004,4334.400000000001,AutoCAD | Project Management | SolidWorks,1,1,0.6918301412091615,Moderate
Switzerland,Europe,PhD,Computer Science,2016,Java,React,SQL,64,17.4,48,3,1,3072,1113.6,835.1999999999999,Java | React | SQL,0,0,0.03172698744797626,Low Employability
Australia,Asia-Pacific,Bachelor,Engineering,2021,Lean Six Sigma,SolidWorks,MATLAB,84,45.6,87,1,6,7308,3830.4,3967.2000000000003,Lean Six Sigma | SolidWorks | MATLAB,1,1,0.7653850513710012,High Employability
Canada,North America,Bachelor,Natural Sciences,2022,Laboratory Skills,Experimental Design,Statistical Analysis,69,44.5,81,1,7,5589,3070.5,3604.5,Laboratory Skills | Experimental Design | Statistical Analysis,1,1,0.8517879168797801,High Employability
Israel,Middle East & Africa,Bachelor,Business & Finance,2019,Excel,Financial Modeling,Data Analysis,65,6.9,89,1,4,5785,448.5,614.1,Excel | Financial Modeling | Data Analysis,0,1,0.7496878141360743,High Employability
China,Asia-Pacific,Master,Natural Sciences,2017,Scientific Writing,Statistical Analysis,Experimental Design,45,14.3,81,2,2,3645,643.5,1158.3,Scientific Writing | Statistical Analysis | Experimental Design,0,0,0.4799766349214201,Moderate
Brazil,Latin America,Bachelor,Computer Science,2017,Cybersecurity,DevOps,React,77,6.8,58,1,2,4466,523.6,394.4,Cybersecurity | DevOps | React,0,0,0.017032888983778333,Low Employability
Sweden,Europe,PhD,Social Sciences,2024,Public Policy,Communication,Data Analysis,68,71.4,87,3,9,5916,4855.200000000001,6211.8,Public Policy | Communication | Data Analysis,0,1,0.663420567309342,Moderate
Canada,North America,Master,Data Science & AI,2021,NLP,Machine Learning,R,89,47.8,68,2,6,6052,4254.2,3250.3999999999996,NLP | Machine Learning | R,0,0,0.04237426027868834,Low Employability
Netherlands,Europe,Bachelor,Healthcare & Medicine,2017,Diagnostics,Patient Care,Medical Coding,53,19.6,50,1,2,2650,1038.8000000000002,980.0000000000001,Diagnostics | Patient Care | Medical Coding,0,0,0.09703808000300351,Low Employability
Australia,Asia-Pacific,Bachelor,Healthcare & Medicine,2017,Clinical Research,Patient Care,Medical Coding,59,11.1,52,1,2,3068,654.9,577.1999999999999,Clinical Research | Patient Care | Medical Coding,0,0,0.13283519150524553,Low Employability
UAE,Middle East & Africa,PhD,Social Sciences,2018,Data Analysis,Qualitative Research,Communication,60,11.0,74,3,3,4440,660.0,814.0,Data Analysis | Qualitative Research | Communication,0,0,0.4045503234186706,Moderate
Germany,Europe,Bachelor,Engineering,2024,Lean Six Sigma,Project Management,MATLAB,61,69.6,80,1,9,4880,4245.599999999999,5568.0,Lean Six Sigma | Project Management | MATLAB,0,1,0.6784092272528628,Moderate
Brazil,Latin America,Master,Natural Sciences,2019,Statistical Analysis,Laboratory Skills,Scientific Writing,55,5.0,63,2,4,3465,275.0,315.0,Statistical Analysis | Laboratory Skills | Scientific Writing,0,1,0.5569973908274845,Moderate
UAE,Middle East & Africa,PhD,Computer Science,2016,Cybersecurity,Python,SQL,55,5.8,51,3,1,2805,319.0,295.8,Cybersecurity | Python | SQL,0,0,0.0074731989777546024,Low Employability
USA,North America,PhD,Computer Science,2016,SQL,Python,Cybersecurity,50,10.0,72,3,1,3600,500.0,720.0,SQL | Python | Cybersecurity,0,0,0.019967563162019066,Low Employability
UAE,Middle East & Africa,Bachelor,Computer Science,2022,Python,Cybersecurity,DevOps,69,64.6,56,1,7,3864,4457.4,3617.5999999999995,Python | Cybersecurity | DevOps,0,0,0.15561268639442596,Low Employability
South Africa,Middle East & Africa,Master,Computer Science,2022,DevOps,React,SQL,94,52.3,62,2,7,5828,4916.2,3242.6,DevOps | React | SQL,0,0,0.026077381181387863,Low Employability
Brazil,Latin America,PhD,Computer Science,2023,Cybersecurity,Java,Python,100,52.6,80,3,8,8000,5260.0,4208.0,Cybersecurity | Java | Python,0,0,0.04544953625271579,Low Employability
Australia,Asia-Pacific,PhD,Computer Science,2024,Cloud Computing,React,Cybersecurity,96,76.9,53,3,9,5088,7382.400000000001,4075.7000000000003,Cloud Computing | React | Cybersecurity,0,0,0.013779824106396218,Low Employability
Canada,North America,Bachelor,Social Sciences,2022,Public Policy,Data Analysis,Communication,68,59.5,55,1,7,3740,4046.0,3272.5,Public Policy | Data Analysis | Communication,1,1,0.7930531460182323,High Employability
UK,Europe,Master,Business & Finance,2015,Market Research,Strategic Planning,Excel,43,5.0,63,2,0,2709,215.0,315.0,Market Research | Strategic Planning | Excel,1,1,0.829340080649155,High Employability
Argentina,Latin America,Master,Social Sciences,2025,Public Policy,Qualitative Research,Communication,77,79.5,69,2,10,5313,6121.5,5485.5,Public Policy | Qualitative Research | Communication,0,1,0.696036989700538,Moderate
Brazil,Latin America,Master,Social Sciences,2017,Data Analysis,Qualitative Research,Public Policy,59,13.1,64,2,2,3776,772.9,838.4,Data Analysis | Qualitative Research | Public Policy,0,1,0.5404366744495275,Moderate
UAE,Middle East & Africa,Bachelor,Social Sciences,2017,Public Policy,Data Analysis,Qualitative Research,58,11.1,89,1,2,5162,643.8,987.9,Public Policy | Data Analysis | Qualitative Research,0,1,0.665668669234142,Moderate
USA,North America,Master,Data Science & AI,2025,NLP,Data Visualization,R,80,90.0,52,2,10,4160,7200.0,4680.0,NLP | Data Visualization | R,0,0,0.047655696270390575,Low Employability
USA,North America,PhD,Engineering,2020,MATLAB,AutoCAD,Project Management,63,51.6,87,3,5,5481,3250.8,4489.2,MATLAB | AutoCAD | Project Management,1,1,0.5806662556841712,Moderate
South Africa,Middle East & Africa,Master,Engineering,2025,AutoCAD,MATLAB,Lean Six Sigma,58,90.0,94,2,10,5452,5220.0,8460.0,AutoCAD | MATLAB | Lean Six Sigma,0,0,0.2772733447575539,Low Employability
Germany,Europe,PhD,Data Science & AI,2021,Deep Learning,R,NLP,89,64.8,40,3,6,3560,5767.2,2592.0,Deep Learning | R | NLP,0,0,0.009621865521247183,Low Employability
Israel,Middle East & Africa,Bachelor,Business & Finance,2020,Strategic Planning,Market Research,Financial Modeling,47,17.3,55,1,5,2585,813.1,951.5,Strategic Planning | Market Research | Financial Modeling,0,1,0.7105957184186686,High Employability
UAE,Middle East & Africa,PhD,Social Sciences,2024,Communication,Public Policy,Qualitative Research,81,82.8,82,3,9,6642,6706.8,6789.599999999999,Communication | Public Policy | Qualitative Research,1,0,0.4535906019020614,Moderate
China,Asia-Pacific,PhD,Computer Science,2017,Cloud Computing,DevOps,Cybersecurity,81,7.8,72,3,2,5832,631.8,561.6,Cloud Computing | DevOps | Cybersecurity,0,0,0.004671804193851139,Low Employability
Argentina,Latin America,PhD,Natural Sciences,2022,Laboratory Skills,Scientific Writing,Experimental Design,69,61.2,61,3,7,4209,4222.8,3733.2000000000003,Laboratory Skills | Scientific Writing | Experimental Design,0,1,0.5524736610676989,Moderate
Singapore,Asia-Pacific,PhD,Business & Finance,2015,Data Analysis,Strategic Planning,Market Research,72,9.2,75,3,0,5400,662.4,690.0,Data Analysis | Strategic Planning | Market Research,0,1,0.6975646691276554,Moderate
Israel,Middle East & Africa,PhD,Data Science & AI,2020,Deep Learning,Big Data,Data Visualization,88,19.8,74,3,5,6512,1742.4,1465.2,Deep Learning | Big Data | Data Visualization,0,0,0.013722223033454174,Low Employability
Netherlands,Europe,Bachelor,Computer Science,2022,Python,Java,DevOps,96,58.1,60,1,7,5760,5577.6,3486.0,Python | Java | DevOps,0,0,0.33799008327552155,Low Employability
Switzerland,Europe,Bachelor,Computer Science,2025,Python,DevOps,Cybersecurity,75,90.0,68,1,10,5100,6750.0,6120.0,Python | DevOps | Cybersecurity,0,0,0.04933386097999993,Low Employability
France,Europe,Bachelor,Engineering,2024,SolidWorks,MATLAB,AutoCAD,60,82.2,40,1,9,2400,4932.0,3288.0,SolidWorks | MATLAB | AutoCAD,1,1,0.7854772192481574,High Employability
Saudi Arabia,Middle East & Africa,PhD,Healthcare & Medicine,2016,Clinical Research,Medical Coding,Diagnostics,46,10.5,97,3,1,4462,483.0,1018.5,Clinical Research | Medical Coding | Diagnostics,0,0,0.03986947345389114,Low Employability
France,Europe,PhD,Social Sciences,2019,Public Policy,Qualitative Research,Data Analysis,69,5.0,66,3,4,4554,345.0,330.0,Public Policy | Qualitative Research | Data Analysis,0,0,0.4812948187893604,Moderate
Germany,Europe,Bachelor,Healthcare & Medicine,2022,Clinical Research,Patient Care,Medical Coding,52,63.1,50,1,7,2600,3281.2000000000003,3155.0,Clinical Research | Patient Care | Medical Coding,0,0,0.14666026705229127,Low Employability
Saudi Arabia,Middle East & Africa,Master,Data Science & AI,2018,Big Data,Machine Learning,NLP,82,15.9,70,2,3,5740,1303.8,1113.0,Big Data | Machine Learning | NLP,0,0,0.054679498663425904,Low Employability
Switzerland,Europe,Bachelor,Social Sciences,2019,Public Policy,Data Analysis,Communication,55,13.7,74,1,4,4070,753.5,1013.8,Public Policy | Data Analysis | Communication,0,1,0.8190225913492528,High Employability
Germany,Europe,PhD,Healthcare & Medicine,2024,Patient Care,Clinical Research,Diagnostics,47,73.5,55,3,9,2585,3454.5,4042.5,Patient Care | Clinical Research | Diagnostics,0,0,0.03396631502062608,Low Employability
Canada,North America,PhD,Data Science & AI,2018,NLP,Machine Learning,R,68,15.0,64,3,3,4352,1020.0,960.0,NLP | Machine Learning | R,0,0,0.027976036951242105,Low Employability
Canada,North America,Bachelor,Social Sciences,2015,Qualitative Research,Public Policy,Data Analysis,65,5.0,87,1,0,5655,325.0,435.0,Qualitative Research | Public Policy | Data Analysis,1,1,0.7393638263483427,High Employability
Saudi Arabia,Middle East & Africa,Master,Natural Sciences,2019,Laboratory Skills,Scientific Writing,Statistical Analysis,57,5.0,62,2,4,3534,285.0,310.0,Laboratory Skills | Scientific Writing | Statistical Analysis,1,1,0.7574427432628072,High Employability
Argentina,Latin America,Master,Data Science & AI,2023,Deep Learning,Data Visualization,NLP,96,63.7,65,2,8,6240,6115.200000000001,4140.5,Deep Learning | Data Visualization | NLP,0,0,0.03910970194575246,Low Employability
Argentina,Latin America,Master,Business & Finance,2015,Strategic Planning,Market Research,Data Analysis,44,9.1,72,2,0,3168,400.4,655.1999999999999,Strategic Planning | Market Research | Data Analysis,1,1,0.7359503143892635,High Employability
USA,North America,Master,Business & Finance,2021,Strategic Planning,Data Analysis,Market Research,73,32.2,74,2,6,5402,2350.6000000000004,2382.8,Strategic Planning | Data Analysis | Market Research,1,1,0.5620292914597792,Moderate
Brazil,Latin America,Bachelor,Engineering,2023,MATLAB,Project Management,Lean Six Sigma,80,58.6,67,1,8,5360,4688.0,3926.2000000000003,MATLAB | Project Management | Lean Six Sigma,0,1,0.6521199605173224,Moderate
India,Asia-Pacific,PhD,Engineering,2020,Lean Six Sigma,MATLAB,Project Management,60,34.0,76,3,5,4560,2040.0,2584.0,Lean Six Sigma | MATLAB | Project Management,0,1,0.7274832995765251,High Employability
Argentina,Latin America,Master,Data Science & AI,2015,Big Data,NLP,Machine Learning,78,19.3,65,2,0,5070,1505.4,1254.5,Big Data | NLP | Machine Learning,0,0,0.14121767532766138,Low Employability
Canada,North America,PhD,Computer Science,2019,SQL,Java,Cloud Computing,69,11.1,86,3,4,5934,765.9,954.6,SQL | Java | Cloud Computing,0,0,0.18953601240441112,Low Employability
Mexico,Latin America,PhD,Computer Science,2024,Java,SQL,Cybersecurity,95,86.4,95,3,9,9025,8208.0,8208.0,Java | SQL | Cybersecurity,0,0,0.0439965160313794,Low Employability
USA,North America,Master,Business & Finance,2022,Strategic Planning,Market Research,Financial Modeling,51,55.7,86,2,7,4386,2840.7000000000003,4790.2,Strategic Planning | Market Research | Financial Modeling,0,1,0.6745270845976422,Moderate
Saudi Arabia,Middle East & Africa,Bachelor,Social Sciences,2021,Data Analysis,Communication,Public Policy,61,55.0,61,1,6,3721,3355.0,3355.0,Data Analysis | Communication | Public Policy,1,1,0.734256265037592,High Employability
Saudi Arabia,Middle East & Africa,Bachelor,Natural Sciences,2025,Laboratory Skills,Statistical Analysis,Experimental Design,68,82.3,60,1,10,4080,5596.4,4938.0,Laboratory Skills | Statistical Analysis | Experimental Design,0,1,0.8144204313628461,High Employability
UK,Europe,Bachelor,Business & Finance,2015,Market Research,Strategic Planning,Financial Modeling,57,18.0,90,1,0,5130,1026.0,1620.0,Market Research | Strategic Planning | Financial Modeling,1,1,0.8148924516914593,High Employability
France,Europe,PhD,Engineering,2024,Lean Six Sigma,Project Management,SolidWorks,66,84.1,57,3,9,3762,5550.599999999999,4793.7,Lean Six Sigma | Project Management | SolidWorks,0,0,0.4795182562708438,Moderate
USA,North America,Master,Natural Sciences,2020,Experimental Design,Statistical Analysis,Laboratory Skills,50,37.2,66,2,5,3300,1860.0000000000002,2455.2000000000003,Experimental Design | Statistical Analysis | Laboratory Skills,1,1,0.6277334789739978,Moderate
Brazil,Latin America,PhD,Business & Finance,2024,Data Analysis,Excel,Market Research,78,85.0,100,3,9,7800,6630.0,8500.0,Data Analysis | Excel | Market Research,1,1,0.7178133707119689,High Employability
India,Asia-Pacific,Master,Data Science & AI,2019,NLP,R,Deep Learning,96,10.4,54,2,4,5184,998.4000000000001,561.6,NLP | R | Deep Learning,0,0,0.05671146567378366,Low Employability
Mexico,Latin America,Bachelor,Data Science & AI,2016,Data Visualization,R,NLP,47,8.2,68,1,1,3196,385.4,557.5999999999999,Data Visualization | R | NLP,0,0,0.025698495296605034,Low Employability
Brazil,Latin America,Bachelor,Engineering,2017,AutoCAD,MATLAB,SolidWorks,47,7.1,63,1,2,2961,333.7,447.29999999999995,AutoCAD | MATLAB | SolidWorks,1,1,0.5184972777308386,Moderate
USA,North America,Master,Data Science & AI,2016,Big Data,NLP,Data Visualization,78,13.4,75,2,1,5850,1045.2,1005.0,Big Data | NLP | Data Visualization,0,0,0.15053229106211136,Low Employability
South Korea,Asia-Pacific,Bachelor,Data Science & AI,2016,Deep Learning,Big Data,Machine Learning,63,8.0,82,1,1,5166,504.0,656.0,Deep Learning | Big Data | Machine Learning,0,0,0.07916097563489073,Low Employability
USA,North America,Master,Natural Sciences,2017,Laboratory Skills,Experimental Design,Statistical Analysis,62,15.8,62,2,2,3844,979.6,979.6,Laboratory Skills | Experimental Design | Statistical Analysis,0,1,0.7589332101630889,High Employability
Netherlands,Europe,PhD,Social Sciences,2015,Public Policy,Qualitative Research,Data Analysis,68,21.1,73,3,0,4964,1434.8000000000002,1540.3000000000002,Public Policy | Qualitative Research | Data Analysis,1,1,0.5993376352467515,Moderate
Australia,Asia-Pacific,Master,Business & Finance,2023,Data Analysis,Excel,Strategic Planning,72,64.8,68,2,8,4896,4665.599999999999,4406.4,Data Analysis | Excel | Strategic Planning,1,1,0.6442842916327876,Moderate
Brazil,Latin America,Master,Social Sciences,2018,Data Analysis,Qualitative Research,Communication,47,12.6,62,2,3,2914,592.1999999999999,781.1999999999999,Data Analysis | Qualitative Research | Communication,0,1,0.5121480651852727,Moderate
France,Europe,Bachelor,Computer Science,2018,DevOps,SQL,Java,81,17.0,49,1,3,3969,1377.0,833.0,DevOps | SQL | Java,0,0,0.09986952942930465,Low Employability
USA,North America,Bachelor,Data Science & AI,2016,Deep Learning,Machine Learning,Big Data,72,9.3,56,1,1,4032,669.6,520.8000000000001,Deep Learning | Machine Learning | Big Data,0,0,0.05194361377611969,Low Employability
Germany,Europe,Master,Healthcare & Medicine,2018,Clinical Research,Medical Coding,Diagnostics,60,18.6,40,2,3,2400,1116.0,744.0,Clinical Research | Medical Coding | Diagnostics,0,0,0.03329472057432746,Low Employability
Germany,Europe,Master,Computer Science,2022,DevOps,Cybersecurity,Cloud Computing,90,53.1,68,2,7,6120,4779.0,3610.8,DevOps | Cybersecurity | Cloud Computing,0,0,0.07127987252424604,Low Employability
Germany,Europe,Bachelor,Natural Sciences,2019,Scientific Writing,Experimental Design,Statistical Analysis,44,11.0,52,1,4,2288,484.0,572.0,Scientific Writing | Experimental Design | Statistical Analysis,1,1,0.8216221566131725,High Employability
Netherlands,Europe,PhD,Data Science & AI,2018,Deep Learning,Big Data,Data Visualization,79,8.2,66,3,3,5214,647.8,541.1999999999999,Deep Learning | Big Data | Data Visualization,0,0,0.02098636126277193,Low Employability
Argentina,Latin America,PhD,Natural Sciences,2016,Statistical Analysis,Scientific Writing,Experimental Design,54,9.7,99,3,1,5346,523.8,960.3,Statistical Analysis | Scientific Writing | Experimental Design,0,1,0.6142698004030334,Moderate
Argentina,Latin America,Master,Natural Sciences,2021,Experimental Design,Scientific Writing,Laboratory Skills,61,58.5,83,2,6,5063,3568.5,4855.5,Experimental Design | Scientific Writing | Laboratory Skills,1,1,0.6620635791271301,Moderate
Saudi Arabia,Middle East & Africa,Master,Data Science & AI,2015,R,NLP,Data Visualization,71,15.3,74,2,0,5254,1086.3,1132.2,R | NLP | Data Visualization,0,0,0.07001102251313601,Low Employability
Saudi Arabia,Middle East & Africa,PhD,Engineering,2016,Project Management,MATLAB,AutoCAD,40,12.1,69,3,1,2760,484.0,834.9,Project Management | MATLAB | AutoCAD,0,1,0.5003178165727766,Moderate
South Africa,Middle East & Africa,Bachelor,Natural Sciences,2015,Experimental Design,Statistical Analysis,Scientific Writing,38,5.2,70,1,0,2660,197.6,364.0,Experimental Design | Statistical Analysis | Scientific Writing,1,1,0.7056271574674603,High Employability
Brazil,Latin America,Master,Natural Sciences,2019,Scientific Writing,Laboratory Skills,Experimental Design,66,6.8,76,2,4,5016,448.8,516.8,Scientific Writing | Laboratory Skills | Experimental Design,1,1,0.8162568673423265,High Employability
Saudi Arabia,Middle East & Africa,PhD,Business & Finance,2021,Market Research,Strategic Planning,Data Analysis,63,53.5,76,3,6,4788,3370.5,4066.0,Market Research | Strategic Planning | Data Analysis,0,1,0.7418025493411368,High Employability
Saudi Arabia,Middle East & Africa,PhD,Engineering,2015,SolidWorks,Project Management,MATLAB,47,18.2,66,3,0,3102,855.4,1201.2,SolidWorks | Project Management | MATLAB,0,0,0.44308908165700883,Moderate
Saudi Arabia,Middle East & Africa,Bachelor,Engineering,2018,SolidWorks,Project Management,MATLAB,73,6.2,60,1,3,4380,452.6,372.0,SolidWorks | Project Management | MATLAB,1,1,0.6899821574639583,Moderate
USA,North America,PhD,Engineering,2018,Project Management,AutoCAD,SolidWorks,40,12.5,82,3,3,3280,500.0,1025.0,Project Management | AutoCAD | SolidWorks,0,1,0.5180074952023519,Moderate
Australia,Asia-Pacific,Bachelor,Data Science & AI,2016,NLP,Big Data,Deep Learning,81,7.0,77,1,1,6237,567.0,539.0,NLP | Big Data | Deep Learning,0,0,0.08616942949747722,Low Employability
Germany,Europe,Master,Healthcare & Medicine,2025,Clinical Research,Patient Care,Medical Coding,69,90.0,59,2,10,4071,6210.0,5310.0,Clinical Research | Patient Care | Medical Coding,0,0,0.0980145194969144,Low Employability
Canada,North America,Bachelor,Natural Sciences,2015,Statistical Analysis,Experimental Design,Laboratory Skills,50,15.3,75,1,0,3750,765.0,1147.5,Statistical Analysis | Experimental Design | Laboratory Skills,0,1,0.8351935628252732,High Employability
Israel,Middle East & Africa,PhD,Data Science & AI,2015,R,Deep Learning,Big Data,74,9.7,44,3,0,3256,717.8,426.79999999999995,R | Deep Learning | Big Data,0,0,0.01157301659696304,Low Employability
Singapore,Asia-Pacific,Master,Engineering,2025,SolidWorks,Project Management,AutoCAD,63,90.0,70,2,10,4410,5670.0,6300.0,SolidWorks | Project Management | AutoCAD,1,1,0.613765350521797,Moderate
South Africa,Middle East & Africa,Master,Social Sciences,2015,Communication,Data Analysis,Qualitative Research,33,5.0,72,2,0,2376,165.0,360.0,Communication | Data Analysis | Qualitative Research,1,0,0.4904998165966941,Moderate
UK,Europe,Bachelor,Natural Sciences,2018,Laboratory Skills,Statistical Analysis,Experimental Design,67,5.0,77,1,3,5159,335.0,385.0,Laboratory Skills | Statistical Analysis | Experimental Design,1,1,0.844501715687665,High Employability
Argentina,Latin America,Master,Natural Sciences,2023,Laboratory Skills,Statistical Analysis,Scientific Writing,84,80.9,77,2,8,6468,6795.6,6229.3,Laboratory Skills | Statistical Analysis | Scientific Writing,0,1,0.5104818523117649,Moderate
Mexico,Latin America,Master,Business & Finance,2023,Market Research,Excel,Data Analysis,65,79.7,51,2,8,3315,5180.5,4064.7000000000003,Market Research | Excel | Data Analysis,0,1,0.8504618953603209,High Employability
Canada,North America,Bachelor,Computer Science,2025,Python,Cybersecurity,Java,95,90.0,74,1,10,7030,8550.0,6660.0,Python | Cybersecurity | Java,0,0,0.2676157323837556,Low Employability
USA,North America,Bachelor,Business & Finance,2021,Financial Modeling,Strategic Planning,Market Research,62,38.0,55,1,6,3410,2356.0,2090.0,Financial Modeling | Strategic Planning | Market Research,0,1,0.5282681052719681,Moderate
Switzerland,Europe,Bachelor,Computer Science,2025,React,Cybersecurity,DevOps,75,90.0,69,1,10,5175,6750.0,6210.0,React | Cybersecurity | DevOps,0,0,0.05832501981091922,Low Employability
South Africa,Middle East & Africa,PhD,Business & Finance,2017,Strategic Planning,Market Research,Financial Modeling,36,14.3,53,3,2,1908,514.8000000000001,757.9000000000001,Strategic Planning | Market Research | Financial Modeling,0,0,0.46888667200241346,Moderate
South Africa,Middle East & Africa,Master,Business & Finance,2024,Financial Modeling,Excel,Market Research,64,65.2,73,2,9,4672,4172.8,4759.6,Financial Modeling | Excel | Market Research,1,1,0.6530549796103592,Moderate
Mexico,Latin America,PhD,Social Sciences,2017,Data Analysis,Communication,Qualitative Research,30,13.3,72,3,2,2160,399.0,957.6,Data Analysis | Communication | Qualitative Research,0,1,0.5189621473723661,Moderate
Canada,North America,Master,Natural Sciences,2018,Experimental Design,Statistical Analysis,Scientific Writing,49,9.2,62,2,3,3038,450.79999999999995,570.4,Experimental Design | Statistical Analysis | Scientific Writing,1,1,0.634330617721312,Moderate
Netherlands,Europe,PhD,Business & Finance,2023,Financial Modeling,Excel,Market Research,72,59.7,62,3,8,4464,4298.400000000001,3701.4,Financial Modeling | Excel | Market Research,0,1,0.6506343339471299,Moderate
France,Europe,Bachelor,Social Sciences,2018,Data Analysis,Communication,Qualitative Research,62,13.3,86,1,3,5332,824.6,1143.8,Data Analysis | Communication | Qualitative Research,1,1,0.7137415575821454,High Employability
Mexico,Latin America,Master,Natural Sciences,2021,Experimental Design,Statistical Analysis,Scientific Writing,46,49.8,74,2,6,3404,2290.7999999999997,3685.2,Experimental Design | Statistical Analysis | Scientific Writing,0,1,0.6679485298545221,Moderate
Switzerland,Europe,Bachelor,Engineering,2021,Lean Six Sigma,Project Management,AutoCAD,81,57.4,60,1,6,4860,4649.4,3444.0,Lean Six Sigma | Project Management | AutoCAD,0,1,0.8766456568189378,High Employability
Saudi Arabia,Middle East & Africa,Master,Healthcare & Medicine,2015,Medical Coding,Clinical Research,Patient Care,55,6.5,82,2,0,4510,357.5,533.0,Medical Coding | Clinical Research | Patient Care,0,0,0.10942994832151114,Low Employability
Mexico,Latin America,PhD,Data Science & AI,2021,Data Visualization,Big Data,R,82,59.5,64,3,6,5248,4879.0,3808.0,Data Visualization | Big Data | R,0,0,0.012934574001522939,Low Employability
Saudi Arabia,Middle East & Africa,PhD,Social Sciences,2020,Data Analysis,Communication,Public Policy,59,48.4,84,3,5,4956,2855.6,4065.6,Data Analysis | Communication | Public Policy,0,1,0.5542416614337876,Moderate
Germany,Europe,Master,Natural Sciences,2015,Laboratory Skills,Statistical Analysis,Experimental Design,49,15.7,50,2,0,2450,769.3,785.0,Laboratory Skills | Statistical Analysis | Experimental Design,1,1,0.6472843090500745,Moderate
Canada,North America,PhD,Engineering,2017,Lean Six Sigma,AutoCAD,SolidWorks,64,21.7,57,3,2,3648,1388.8,1236.8999999999999,Lean Six Sigma | AutoCAD | SolidWorks,0,1,0.5161123884907103,Moderate
UK,Europe,Bachelor,Social Sciences,2018,Data Analysis,Communication,Qualitative Research,48,10.3,71,1,3,3408,494.40000000000003,731.3000000000001,Data Analysis | Communication | Qualitative Research,1,1,0.8048929487019993,High Employability
UAE,Middle East & Africa,PhD,Natural Sciences,2020,Statistical Analysis,Scientific Writing,Experimental Design,55,46.1,46,3,5,2530,2535.5,2120.6,Statistical Analysis | Scientific Writing | Experimental Design,1,0,0.43569718591109535,Moderate
Mexico,Latin America,PhD,Social Sciences,2016,Public Policy,Communication,Data Analysis,39,6.0,62,3,1,2418,234.0,372.0,Public Policy | Communication | Data Analysis,0,1,0.6750279729893023,Moderate
Brazil,Latin America,PhD,Business & Finance,2019,Strategic Planning,Market Research,Financial Modeling,56,9.7,56,3,4,3136,543.1999999999999,543.1999999999999,Strategic Planning | Market Research | Financial Modeling,1,1,0.5274483589477807,Moderate
Mexico,Latin America,Bachelor,Business & Finance,2022,Excel,Market Research,Financial Modeling,68,61.5,75,1,7,5100,4182.0,4612.5,Excel | Market Research | Financial Modeling,0,1,0.7422202484721341,High Employability
USA,North America,Master,Natural Sciences,2022,Experimental Design,Laboratory Skills,Scientific Writing,46,36.6,60,2,7,2760,1683.6000000000001,2196.0,Experimental Design | Laboratory Skills | Scientific Writing,0,1,0.6159691253278866,Moderate
Germany,Europe,Master,Business & Finance,2017,Financial Modeling,Strategic Planning,Excel,39,8.0,55,2,2,2145,312.0,440.0,Financial Modeling | Strategic Planning | Excel,0,1,0.5517735781519646,Moderate
Argentina,Latin America,Master,Data Science & AI,2017,NLP,Data Visualization,Big Data,58,12.1,61,2,2,3538,701.8,738.1,NLP | Data Visualization | Big Data,0,0,0.1490204345664,Low Employability
Australia,Asia-Pacific,Master,Engineering,2024,Lean Six Sigma,MATLAB,SolidWorks,66,72.5,86,2,9,5676,4785.0,6235.0,Lean Six Sigma | MATLAB | SolidWorks,1,1,0.674810800854985,Moderate
Mexico,Latin America,PhD,Natural Sciences,2021,Experimental Design,Laboratory Skills,Statistical Analysis,68,54.2,64,3,6,4352,3685.6000000000004,3468.8,Experimental Design | Laboratory Skills | Statistical Analysis,1,1,0.5808154691380766,Moderate
UAE,Middle East & Africa,Master,Computer Science,2015,Java,React,DevOps,58,6.2,71,2,0,4118,359.6,440.2,Java | React | DevOps,0,0,0.11735027369487486,Low Employability
Singapore,Asia-Pacific,Bachelor,Social Sciences,2020,Data Analysis,Public Policy,Qualitative Research,57,49.9,59,1,5,3363,2844.2999999999997,2944.1,Data Analysis | Public Policy | Qualitative Research,0,1,0.647102605368447,Moderate
Saudi Arabia,Middle East & Africa,PhD,Social Sciences,2022,Data Analysis,Communication,Qualitative Research,58,56.7,95,3,7,5510,3288.6000000000004,5386.5,Data Analysis | Communication | Qualitative Research,0,1,0.6437380902113754,Moderate
Germany,Europe,Master,Computer Science,2020,Cybersecurity,SQL,Cloud Computing,68,41.8,90,2,5,6120,2842.3999999999996,3761.9999999999995,Cybersecurity | SQL | Cloud Computing,0,0,0.07604612263210128,Low Employability
Argentina,Latin America,Master,Engineering,2018,Project Management,SolidWorks,MATLAB,41,17.4,97,2,3,3977,713.4,1687.8,Project Management | SolidWorks | MATLAB,1,1,0.6557562624481539,Moderate
Saudi Arabia,Middle East & Africa,Bachelor,Computer Science,2017,SQL,Cybersecurity,Cloud Computing,63,9.4,54,1,2,3402,592.2,507.6,SQL | Cybersecurity | Cloud Computing,0,0,0.17030104667806686,Low Employability
Mexico,Latin America,Bachelor,Social Sciences,2018,Public Policy,Data Analysis,Communication,45,15.4,89,1,3,4005,693.0,1370.6000000000001,Public Policy | Data Analysis | Communication,1,1,0.837529041634147,High Employability
Australia,Asia-Pacific,PhD,Computer Science,2017,Cloud Computing,SQL,Python,58,12.3,62,3,2,3596,713.4000000000001,762.6,Cloud Computing | SQL | Python,0,0,0.050035170804930966,Low Employability
UK,Europe,Master,Data Science & AI,2017,R,Data Visualization,Deep Learning,62,7.9,70,2,2,4340,489.8,553.0,R | Data Visualization | Deep Learning,0,0,0.06689907936274796,Low Employability
Australia,Asia-Pacific,Bachelor,Data Science & AI,2022,Big Data,R,Deep Learning,83,71.1,61,1,7,5063,5901.299999999999,4337.099999999999,Big Data | R | Deep Learning,0,0,0.053041489655385014,Low Employability
Mexico,Latin America,Bachelor,Natural Sciences,2017,Laboratory Skills,Statistical Analysis,Scientific Writing,56,14.0,61,1,2,3416,784.0,854.0,Laboratory Skills | Statistical Analysis | Scientific Writing,0,1,0.5986672599459836,Moderate
Japan,Asia-Pacific,Bachelor,Healthcare & Medicine,2018,Patient Care,Medical Coding,Clinical Research,60,5.0,46,1,3,2760,300.0,230.0,Patient Care | Medical Coding | Clinical Research,0,0,0.03440452325442759,Low Employability
Germany,Europe,PhD,Social Sciences,2017,Data Analysis,Qualitative Research,Public Policy,41,17.2,42,3,2,1722,705.1999999999999,722.4,Data Analysis | Qualitative Research | Public Policy,0,0,0.4178937437304581,Moderate
Sweden,Europe,Master,Computer Science,2016,Python,DevOps,Java,81,17.9,76,2,1,6156,1449.8999999999999,1360.3999999999999,Python | DevOps | Java,0,0,0.0719592089588863,Low Employability
Saudi Arabia,Middle East & Africa,Master,Computer Science,2025,Cloud Computing,Cybersecurity,SQL,70,88.5,78,2,10,5460,6195.0,6903.0,Cloud Computing | Cybersecurity | SQL,0,0,0.02938622671720961,Low Employability
USA,North America,Master,Computer Science,2017,DevOps,Java,React,79,12.6,82,2,2,6478,995.4,1033.2,DevOps | Java | React,0,0,0.049514574286219935,Low Employability
France,Europe,Bachelor,Data Science & AI,2018,Machine Learning,Deep Learning,R,74,10.5,65,1,3,4810,777.0,682.5,Machine Learning | Deep Learning | R,0,0,0.04087706819384001,Low Employability
UK,Europe,PhD,Healthcare & Medicine,2024,Clinical Research,Patient Care,Diagnostics,77,75.4,53,3,9,4081,5805.8,3996.2000000000003,Clinical Research | Patient Care | Diagnostics,0,0,0.09223561741093295,Low Employability
South Africa,Middle East & Africa,PhD,Computer Science,2021,Cloud Computing,Cybersecurity,Java,72,60.6,63,3,6,4536,4363.2,3817.8,Cloud Computing | Cybersecurity | Java,0,0,0.024548983010118177,Low Employability
UK,Europe,PhD,Data Science & AI,2016,NLP,Deep Learning,Machine Learning,65,11.9,81,3,1,5265,773.5,963.9,NLP | Deep Learning | Machine Learning,0,0,0.1623983368524465,Low Employability
UK,Europe,Bachelor,Engineering,2024,Lean Six Sigma,MATLAB,Project Management,76,87.0,92,1,9,6992,6612.0,8004.0,Lean Six Sigma | MATLAB | Project Management,1,1,0.8940741875667553,High Employability
India,Asia-Pacific,Bachelor,Computer Science,2020,SQL,DevOps,Java,63,47.5,81,1,5,5103,2992.5,3847.5,SQL | DevOps | Java,0,0,0.0931296631230908,Low Employability
Saudi Arabia,Middle East & Africa,Master,Business & Finance,2016,Market Research,Excel,Data Analysis,63,16.9,59,2,1,3717,1064.6999999999998,997.0999999999999,Market Research | Excel | Data Analysis,1,1,0.8955293763062511,High Employability
Switzerland,Europe,Bachelor,Healthcare & Medicine,2015,Medical Coding,Patient Care,Diagnostics,52,8.3,84,1,0,4368,431.6,697.2,Medical Coding | Patient Care | Diagnostics,0,0,0.08826473378697625,Low Employability
USA,North America,PhD,Engineering,2018,SolidWorks,Project Management,MATLAB,40,18.9,78,3,3,3120,756.0,1474.1999999999998,SolidWorks | Project Management | MATLAB,0,0,0.36677162329797286,Low Employability
Canada,North America,PhD,Social Sciences,2015,Data Analysis,Qualitative Research,Communication,43,5.0,54,3,0,2322,215.0,270.0,Data Analysis | Qualitative Research | Communication,0,0,0.3849414459510323,Low Employability
Canada,North America,Master,Healthcare & Medicine,2024,Patient Care,Medical Coding,Clinical Research,65,72.0,81,2,9,5265,4680.0,5832.0,Patient Care | Medical Coding | Clinical Research,0,0,0.01757227830802096,Low Employability
South Korea,Asia-Pacific,Bachelor,Social Sciences,2017,Public Policy,Data Analysis,Communication,37,12.4,54,1,2,1998,458.8,669.6,Public Policy | Data Analysis | Communication,0,1,0.8259553604225972,High Employability
USA,North America,Master,Computer Science,2017,Python,Java,Cybersecurity,54,12.9,67,2,2,3618,696.6,864.3000000000001,Python | Java | Cybersecurity,0,0,0.08204880416745824,Low Employability
UAE,Middle East & Africa,PhD,Social Sciences,2018,Public Policy,Communication,Data Analysis,35,9.3,63,3,3,2205,325.5,585.9000000000001,Public Policy | Communication | Data Analysis,1,1,0.6270934526429932,Moderate
Saudi Arabia,Middle East & Africa,Master,Social Sciences,2025,Public Policy,Communication,Data Analysis,68,83.4,46,2,10,3128,5671.200000000001,3836.4,Public Policy | Communication | Data Analysis,1,1,0.8163852979194638,High Employability
UAE,Middle East & Africa,Bachelor,Business & Finance,2020,Excel,Market Research,Financial Modeling,58,47.1,84,1,5,4872,2731.8,3956.4,Excel | Market Research | Financial Modeling,1,1,0.7091293397367782,High Employability
Israel,Middle East & Africa,Master,Data Science & AI,2017,Data Visualization,Deep Learning,R,58,8.6,55,2,2,3190,498.79999999999995,473.0,Data Visualization | Deep Learning | R,0,0,0.022755770963922207,Low Employability
UK,Europe,Bachelor,Data Science & AI,2016,Big Data,Data Visualization,Deep Learning,60,5.0,40,1,1,2400,300.0,200.0,Big Data | Data Visualization | Deep Learning,0,0,0.14451936876990348,Low Employability
Mexico,Latin America,Master,Healthcare & Medicine,2017,Patient Care,Medical Coding,Diagnostics,71,7.3,81,2,2,5751,518.3,591.3,Patient Care | Medical Coding | Diagnostics,0,0,0.025603991078666025,Low Employability
UK,Europe,PhD,Natural Sciences,2015,Experimental Design,Statistical Analysis,Scientific Writing,52,11.0,100,3,0,5200,572.0,1100.0,Experimental Design | Statistical Analysis | Scientific Writing,0,1,0.6870718742009873,Moderate
South Africa,Middle East & Africa,PhD,Computer Science,2015,React,Java,Cloud Computing,59,14.1,51,3,0,3009,831.9,719.1,React | Java | Cloud Computing,0,0,0.034987166264727775,Low Employability
Brazil,Latin America,PhD,Business & Finance,2019,Financial Modeling,Market Research,Excel,62,18.1,76,3,4,4712,1122.2,1375.6000000000001,Financial Modeling | Market Research | Excel,0,1,0.7832298332118198,High Employability
South Korea,Asia-Pacific,Master,Engineering,2019,MATLAB,SolidWorks,Lean Six Sigma,60,5.0,63,2,4,3780,300.0,315.0,MATLAB | SolidWorks | Lean Six Sigma,1,1,0.6370142509815998,Moderate
Japan,Asia-Pacific,PhD,Computer Science,2020,DevOps,Java,React,79,41.6,79,3,5,6241,3286.4,3286.4,DevOps | Java | React,0,0,0.042278544373677895,Low Employability
France,Europe,PhD,Social Sciences,2016,Qualitative Research,Communication,Public Policy,59,8.9,78,3,1,4602,525.1,694.2,Qualitative Research | Communication | Public Policy,1,1,0.5241271923491984,Moderate
Germany,Europe,Bachelor,Natural Sciences,2024,Experimental Design,Laboratory Skills,Scientific Writing,64,73.2,60,1,9,3840,4684.8,4392.0,Experimental Design | Laboratory Skills | Scientific Writing,1,1,0.7461153241137217,High Employability
USA,North America,PhD,Business & Finance,2020,Data Analysis,Financial Modeling,Excel,71,28.1,94,3,5,6674,1995.1000000000001,2641.4,Data Analysis | Financial Modeling | Excel,1,1,0.6982529155560377,Moderate
Singapore,Asia-Pacific,PhD,Engineering,2016,AutoCAD,Project Management,Lean Six Sigma,47,5.0,69,3,1,3243,235.0,345.0,AutoCAD | Project Management | Lean Six Sigma,0,1,0.5288388700008587,Moderate
Canada,North America,Master,Data Science & AI,2019,Big Data,R,Deep Learning,57,8.5,53,2,4,3021,484.5,450.5,Big Data | R | Deep Learning,0,0,0.034444219355037775,Low Employability
USA,North America,Master,Social Sciences,2017,Public Policy,Data Analysis,Qualitative Research,43,6.4,69,2,2,2967,275.2,441.6,Public Policy | Data Analysis | Qualitative Research,0,1,0.5442734682273968,Moderate
Mexico,Latin America,Bachelor,Engineering,2018,Project Management,Lean Six Sigma,AutoCAD,65,13.8,67,1,3,4355,897.0,924.6,Project Management | Lean Six Sigma | AutoCAD,0,1,0.8971468069264935,High Employability
Brazil,Latin America,PhD,Healthcare & Medicine,2025,Medical Coding,Clinical Research,Diagnostics,55,90.0,64,3,10,3520,4950.0,5760.0,Medical Coding | Clinical Research | Diagnostics,0,0,0.1171463418355759,Low Employability
France,Europe,Bachelor,Engineering,2020,MATLAB,Lean Six Sigma,AutoCAD,66,47.9,78,1,5,5148,3161.4,3736.2,MATLAB | Lean Six Sigma | AutoCAD,1,1,0.8526327675444568,High Employability
Canada,North America,PhD,Engineering,2025,SolidWorks,Lean Six Sigma,AutoCAD,77,90.0,61,3,10,4697,6930.0,5490.0,SolidWorks | Lean Six Sigma | AutoCAD,0,1,0.7344789536081435,High Employability
South Korea,Asia-Pacific,Bachelor,Engineering,2023,Project Management,SolidWorks,Lean Six Sigma,53,63.8,70,1,8,3710,3381.3999999999996,4466.0,Project Management | SolidWorks | Lean Six Sigma,0,0,0.47857134138394014,Moderate
South Korea,Asia-Pacific,Master,Natural Sciences,2022,Experimental Design,Scientific Writing,Laboratory Skills,99,47.6,76,2,7,7524,4712.400000000001,3617.6,Experimental Design | Scientific Writing | Laboratory Skills,0,1,0.6791306525316423,Moderate
Brazil,Latin America,Master,Healthcare & Medicine,2021,Clinical Research,Patient Care,Medical Coding,64,56.1,72,2,6,4608,3590.4,4039.2000000000003,Clinical Research | Patient Care | Medical Coding,0,0,0.09103309364154373,Low Employability
UK,Europe,Master,Social Sciences,2025,Qualitative Research,Communication,Data Analysis,74,90.0,76,2,10,5624,6660.0,6840.0,Qualitative Research | Communication | Data Analysis,0,1,0.7759935337002579,High Employability
UAE,Middle East & Africa,Bachelor,Social Sciences,2018,Data Analysis,Public Policy,Communication,51,5.5,79,1,3,4029,280.5,434.5,Data Analysis | Public Policy | Communication,1,1,0.7166609243140173,High Employability
USA,North America,PhD,Data Science & AI,2015,Big Data,Machine Learning,Data Visualization,65,11.6,67,3,0,4355,754.0,777.1999999999999,Big Data | Machine Learning | Data Visualization,0,0,0.027202569826305294,Low Employability
Israel,Middle East & Africa,PhD,Engineering,2015,Project Management,Lean Six Sigma,AutoCAD,59,13.2,72,3,0,4248,778.8,950.4,Project Management | Lean Six Sigma | AutoCAD,0,1,0.7313225518484904,High Employability
Saudi Arabia,Middle East & Africa,Master,Healthcare & Medicine,2015,Clinical Research,Medical Coding,Diagnostics,55,11.1,90,2,0,4950,610.5,999.0,Clinical Research | Medical Coding | Diagnostics,0,0,0.057868917234088366,Low Employability
Israel,Middle East & Africa,Bachelor,Engineering,2017,Project Management,MATLAB,SolidWorks,49,5.0,69,1,2,3381,245.0,345.0,Project Management | MATLAB | SolidWorks,0,1,0.5397247294568688,Moderate
China,Asia-Pacific,Bachelor,Social Sciences,2023,Public Policy,Data Analysis,Qualitative Research,57,52.6,87,1,8,4959,2998.2000000000003,4576.2,Public Policy | Data Analysis | Qualitative Research,1,1,0.51836610044777,Moderate
Germany,Europe,Master,Engineering,2021,AutoCAD,Lean Six Sigma,Project Management,53,56.1,67,2,6,3551,2973.3,3758.7000000000003,AutoCAD | Lean Six Sigma | Project Management,0,1,0.7733004350365154,High Employability
Canada,North America,Master,Business & Finance,2016,Financial Modeling,Market Research,Excel,35,13.8,53,2,1,1855,483.0,731.4000000000001,Financial Modeling | Market Research | Excel,0,1,0.8159469546913912,High Employability
UK,Europe,PhD,Engineering,2022,Lean Six Sigma,SolidWorks,MATLAB,74,53.1,100,3,7,7400,3929.4,5310.0,Lean Six Sigma | SolidWorks | MATLAB,1,1,0.6794318849898202,Moderate
Israel,Middle East & Africa,Master,Business & Finance,2015,Data Analysis,Strategic Planning,Financial Modeling,59,17.8,100,2,0,5900,1050.2,1780.0,Data Analysis | Strategic Planning | Financial Modeling,0,0,0.4977290952003412,Moderate
China,Asia-Pacific,Bachelor,Business & Finance,2023,Data Analysis,Excel,Market Research,70,80.2,47,1,8,3290,5614.0,3769.4,Data Analysis | Excel | Market Research,1,1,0.7293683375320257,High Employability
India,Asia-Pacific,Master,Healthcare & Medicine,2024,Diagnostics,Medical Coding,Clinical Research,65,77.4,71,2,9,4615,5031.0,5495.400000000001,Diagnostics | Medical Coding | Clinical Research,0,0,0.02620033310480739,Low Employability
Argentina,Latin America,PhD,Computer Science,2017,Cloud Computing,Cybersecurity,Python,64,5.0,77,3,2,4928,320.0,385.0,Cloud Computing | Cybersecurity | Python,0,0,0.04587979066008718,Low Employability
China,Asia-Pacific,Bachelor,Business & Finance,2020,Excel,Strategic Planning,Market Research,55,39.1,69,1,5,3795,2150.5,2697.9,Excel | Strategic Planning | Market Research,0,1,0.5368042690787511,Moderate
USA,North America,PhD,Healthcare & Medicine,2015,Clinical Research,Patient Care,Medical Coding,49,5.0,52,3,0,2548,245.0,260.0,Clinical Research | Patient Care | Medical Coding,0,0,0.05376936761209399,Low Employability
Japan,Asia-Pacific,Bachelor,Social Sciences,2025,Data Analysis,Public Policy,Communication,48,75.8,72,1,10,3456,3638.3999999999996,5457.599999999999,Data Analysis | Public Policy | Communication,1,1,0.7977993615095585,High Employability
Canada,North America,Bachelor,Business & Finance,2019,Excel,Data Analysis,Financial Modeling,55,9.7,77,1,4,4235,533.5,746.9,Excel | Data Analysis | Financial Modeling,1,1,0.8266801727466795,High Employability
France,Europe,Bachelor,Healthcare & Medicine,2023,Clinical Research,Medical Coding,Patient Care,57,69.2,75,1,8,4275,3944.4,5190.0,Clinical Research | Medical Coding | Patient Care,0,0,0.04154070973865999,Low Employability
USA,North America,Master,Social Sciences,2023,Communication,Qualitative Research,Data Analysis,70,61.4,89,2,8,6230,4298.0,5464.599999999999,Communication | Qualitative Research | Data Analysis,0,1,0.6325418971968494,Moderate
Saudi Arabia,Middle East & Africa,Master,Healthcare & Medicine,2020,Diagnostics,Medical Coding,Clinical Research,55,40.3,71,2,5,3905,2216.5,2861.2999999999997,Diagnostics | Medical Coding | Clinical Research,0,0,0.03502982751946459,Low Employability
Netherlands,Europe,Master,Engineering,2018,SolidWorks,Project Management,MATLAB,62,10.4,66,2,3,4092,644.8000000000001,686.4,SolidWorks | Project Management | MATLAB,0,1,0.5570629184741362,Moderate
UK,Europe,Bachelor,Data Science & AI,2017,Deep Learning,NLP,Big Data,78,12.6,100,1,2,7800,982.8,1260.0,Deep Learning | NLP | Big Data,0,0,0.20194664586878305,Low Employability
Netherlands,Europe,Bachelor,Data Science & AI,2025,Data Visualization,Deep Learning,Big Data,78,86.5,61,1,10,4758,6747.0,5276.5,Data Visualization | Deep Learning | Big Data,0,0,0.0666738116278441,Low Employability
Japan,Asia-Pacific,Master,Natural Sciences,2019,Laboratory Skills,Scientific Writing,Statistical Analysis,65,14.6,62,2,4,4030,949.0,905.1999999999999,Laboratory Skills | Scientific Writing | Statistical Analysis,0,1,0.7462936616284991,High Employability
Canada,North America,PhD,Engineering,2025,AutoCAD,SolidWorks,MATLAB,65,81.2,48,3,10,3120,5278.0,3897.6000000000004,AutoCAD | SolidWorks | MATLAB,0,0,0.36567914864001716,Low Employability
USA,North America,PhD,Natural Sciences,2015,Statistical Analysis,Laboratory Skills,Scientific Writing,62,15.1,78,3,0,4836,936.1999999999999,1177.8,Statistical Analysis | Laboratory Skills | Scientific Writing,0,0,0.4654289442275948,Moderate
Sweden,Europe,Master,Social Sciences,2018,Qualitative Research,Communication,Public Policy,60,14.8,54,2,3,3240,888.0,799.2,Qualitative Research | Communication | Public Policy,0,1,0.6119609430997366,Moderate
Switzerland,Europe,Bachelor,Healthcare & Medicine,2017,Patient Care,Medical Coding,Diagnostics,38,12.8,80,1,2,3040,486.40000000000003,1024.0,Patient Care | Medical Coding | Diagnostics,0,0,0.03522517674966117,Low Employability
Mexico,Latin America,PhD,Healthcare & Medicine,2023,Medical Coding,Diagnostics,Patient Care,69,64.8,67,3,8,4623,4471.2,4341.599999999999,Medical Coding | Diagnostics | Patient Care,0,0,0.029798338469085167,Low Employability
Canada,North America,Master,Healthcare & Medicine,2020,Clinical Research,Patient Care,Medical Coding,56,36.3,60,2,5,3360,2032.7999999999997,2178.0,Clinical Research | Patient Care | Medical Coding,0,0,0.09027525085729489,Low Employability
Germany,Europe,PhD,Healthcare & Medicine,2019,Diagnostics,Patient Care,Clinical Research,54,5.0,84,3,4,4536,270.0,420.0,Diagnostics | Patient Care | Clinical Research,0,0,0.03547498939648288,Low Employability
France,Europe,Master,Healthcare & Medicine,2015,Clinical Research,Medical Coding,Patient Care,47,15.6,72,2,0,3384,733.1999999999999,1123.2,Clinical Research | Medical Coding | Patient Care,0,0,0.025093835046888634,Low Employability
South Africa,Middle East & Africa,PhD,Computer Science,2015,Cloud Computing,React,Cybersecurity,70,7.0,50,3,0,3500,490.0,350.0,Cloud Computing | React | Cybersecurity,0,0,0.012439188350050097,Low Employability
Argentina,Latin America,Master,Social Sciences,2020,Communication,Qualitative Research,Public Policy,52,28.8,62,2,5,3224,1497.6000000000001,1785.6000000000001,Communication | Qualitative Research | Public Policy,0,1,0.5700833209342339,Moderate
South Africa,Middle East & Africa,Bachelor,Engineering,2018,Lean Six Sigma,SolidWorks,Project Management,67,8.3,83,1,3,5561,556.1,688.9000000000001,Lean Six Sigma | SolidWorks | Project Management,0,1,0.7574358258925807,High Employability
UAE,Middle East & Africa,Bachelor,Healthcare & Medicine,2015,Medical Coding,Clinical Research,Diagnostics,50,5.0,52,1,0,2600,250.0,260.0,Medical Coding | Clinical Research | Diagnostics,0,0,0.21118697692433877,Low Employability
Switzerland,Europe,PhD,Engineering,2020,AutoCAD,SolidWorks,Lean Six Sigma,66,22.0,55,3,5,3630,1452.0,1210.0,AutoCAD | SolidWorks | Lean Six Sigma,1,0,0.41928912557483905,Moderate
Switzerland,Europe,PhD,Natural Sciences,2018,Scientific Writing,Experimental Design,Laboratory Skills,57,13.1,57,3,3,3249,746.6999999999999,746.6999999999999,Scientific Writing | Experimental Design | Laboratory Skills,1,1,0.802028627464351,High Employability
Mexico,Latin America,PhD,Business & Finance,2020,Market Research,Data Analysis,Financial Modeling,55,36.3,74,3,5,4070,1996.4999999999998,2686.2,Market Research | Data Analysis | Financial Modeling,0,1,0.7666539612361839,High Employability
Argentina,Latin America,Bachelor,Natural Sciences,2023,Scientific Writing,Laboratory Skills,Statistical Analysis,75,54.2,73,1,8,5475,4065.0,3956.6000000000004,Scientific Writing | Laboratory Skills | Statistical Analysis,0,1,0.7333951074486961,High Employability
Sweden,Europe,Master,Natural Sciences,2017,Statistical Analysis,Experimental Design,Laboratory Skills,42,7.7,88,2,2,3696,323.40000000000003,677.6,Statistical Analysis | Experimental Design | Laboratory Skills,0,1,0.7549073207562631,High Employability
Mexico,Latin America,Master,Data Science & AI,2021,Machine Learning,Deep Learning,Data Visualization,64,53.3,54,2,6,3456,3411.2,2878.2,Machine Learning | Deep Learning | Data Visualization,0,0,0.03396658264081246,Low Employability
India,Asia-Pacific,Master,Natural Sciences,2018,Scientific Writing,Laboratory Skills,Experimental Design,53,5.0,69,2,3,3657,265.0,345.0,Scientific Writing | Laboratory Skills | Experimental Design,0,1,0.8299181282051629,High Employability
India,Asia-Pacific,PhD,Healthcare & Medicine,2025,Medical Coding,Patient Care,Diagnostics,76,89.8,71,3,10,5396,6824.8,6375.8,Medical Coding | Patient Care | Diagnostics,0,0,0.036247712778908606,Low Employability
Canada,North America,Master,Computer Science,2024,Java,React,Cloud Computing,83,75.1,65,2,9,5395,6233.299999999999,4881.5,Java | React | Cloud Computing,0,0,0.2239205372814223,Low Employability
Saudi Arabia,Middle East & Africa,PhD,Data Science & AI,2016,R,Big Data,Deep Learning,82,14.3,89,3,1,7298,1172.6000000000001,1272.7,R | Big Data | Deep Learning,0,0,0.02511534502941214,Low Employability
Netherlands,Europe,Master,Healthcare & Medicine,2019,Medical Coding,Patient Care,Clinical Research,69,15.2,89,2,4,6141,1048.8,1352.8,Medical Coding | Patient Care | Clinical Research,0,0,0.1321536252739787,Low Employability
South Africa,Middle East & Africa,Bachelor,Healthcare & Medicine,2024,Clinical Research,Medical Coding,Patient Care,63,73.3,42,1,9,2646,4617.9,3078.6,Clinical Research | Medical Coding | Patient Care,0,0,0.03737747272304183,Low Employability
USA,North America,PhD,Natural Sciences,2018,Experimental Design,Statistical Analysis,Laboratory Skills,52,11.1,48,3,3,2496,577.1999999999999,532.8,Experimental Design | Statistical Analysis | Laboratory Skills,0,0,0.4909564165336496,Moderate
China,Asia-Pacific,Master,Social Sciences,2024,Data Analysis,Communication,Qualitative Research,75,73.9,75,2,9,5625,5542.5,5542.5,Data Analysis | Communication | Qualitative Research,0,0,0.4337199400323143,Moderate
Netherlands,Europe,Bachelor,Natural Sciences,2017,Experimental Design,Scientific Writing,Statistical Analysis,48,5.0,74,1,2,3552,240.0,370.0,Experimental Design | Scientific Writing | Statistical Analysis,1,1,0.8290359242786154,High Employability
Brazil,Latin America,Master,Social Sciences,2020,Data Analysis,Qualitative Research,Communication,46,53.5,100,2,5,4600,2461.0,5350.0,Data Analysis | Qualitative Research | Communication,0,1,0.5670712483189845,Moderate
USA,North America,Bachelor,Social Sciences,2025,Communication,Qualitative Research,Data Analysis,90,76.0,88,1,10,7920,6840.0,6688.0,Communication | Qualitative Research | Data Analysis,1,1,0.7194486144889216,High Employability
Saudi Arabia,Middle East & Africa,Master,Computer Science,2020,Java,Cybersecurity,DevOps,65,54.5,55,2,5,3575,3542.5,2997.5,Java | Cybersecurity | DevOps,0,0,0.1428193900212722,Low Employability
France,Europe,Master,Computer Science,2016,Cybersecurity,DevOps,SQL,52,5.0,75,2,1,3900,260.0,375.0,Cybersecurity | DevOps | SQL,0,0,0.00883249536807382,Low Employability
Australia,Asia-Pacific,Master,Natural Sciences,2024,Laboratory Skills,Scientific Writing,Statistical Analysis,72,85.6,86,2,9,6192,6163.2,7361.599999999999,Laboratory Skills | Scientific Writing | Statistical Analysis,0,1,0.6699921817256846,Moderate
Japan,Asia-Pacific,Bachelor,Computer Science,2017,Python,React,Cloud Computing,72,5.1,81,1,2,5832,367.2,413.09999999999997,Python | React | Cloud Computing,0,0,0.3272948659318398,Low Employability
Brazil,Latin America,Master,Social Sciences,2019,Communication,Qualitative Research,Data Analysis,48,7.8,75,2,4,3600,374.4,585.0,Communication | Qualitative Research | Data Analysis,1,1,0.6216635311813142,Moderate
Israel,Middle East & Africa,Master,Business & Finance,2016,Strategic Planning,Excel,Financial Modeling,47,7.7,62,2,1,2914,361.90000000000003,477.40000000000003,Strategic Planning | Excel | Financial Modeling,0,1,0.7752121477939752,High Employability
Australia,Asia-Pacific,PhD,Healthcare & Medicine,2020,Diagnostics,Medical Coding,Patient Care,55,52.6,56,3,5,3080,2893.0,2945.6,Diagnostics | Medical Coding | Patient Care,0,0,0.015911045061536434,Low Employability
USA,North America,Master,Natural Sciences,2023,Scientific Writing,Statistical Analysis,Laboratory Skills,79,67.2,59,2,8,4661,5308.8,3964.8,Scientific Writing | Statistical Analysis | Laboratory Skills,1,1,0.6949325340028317,Moderate
Argentina,Latin America,Bachelor,Data Science & AI,2018,Deep Learning,R,Big Data,63,7.7,72,1,3,4536,485.1,554.4,Deep Learning | R | Big Data,0,0,0.044228100985872904,Low Employability
Switzerland,Europe,Master,Data Science & AI,2019,NLP,Big Data,R,75,10.3,68,2,4,5100,772.5,700.4000000000001,NLP | Big Data | R,0,0,0.03339389629769062,Low Employability
Mexico,Latin America,PhD,Natural Sciences,2023,Statistical Analysis,Laboratory Skills,Scientific Writing,60,68.1,53,3,8,3180,4085.9999999999995,3609.2999999999997,Statistical Analysis | Laboratory Skills | Scientific Writing,1,0,0.4511882523510084,Moderate
Canada,North America,Master,Natural Sciences,2020,Experimental Design,Scientific Writing,Laboratory Skills,56,41.0,73,2,5,4088,2296.0,2993.0,Experimental Design | Scientific Writing | Laboratory Skills,0,1,0.6049587414467424,Moderate
Canada,North America,Master,Healthcare & Medicine,2016,Patient Care,Medical Coding,Clinical Research,42,9.7,58,2,1,2436,407.4,562.5999999999999,Patient Care | Medical Coding | Clinical Research,0,0,0.014973433482057472,Low Employability
South Africa,Middle East & Africa,Bachelor,Natural Sciences,2025,Experimental Design,Statistical Analysis,Laboratory Skills,66,90.0,76,1,10,5016,5940.0,6840.0,Experimental Design | Statistical Analysis | Laboratory Skills,0,1,0.7033842832089013,High Employability
Japan,Asia-Pacific,Master,Computer Science,2022,DevOps,React,SQL,82,42.5,67,2,7,5494,3485.0,2847.5,DevOps | React | SQL,0,0,0.04436208596777758,Low Employability
UAE,Middle East & Africa,Bachelor,Natural Sciences,2024,Statistical Analysis,Scientific Writing,Laboratory Skills,83,75.2,73,1,9,6059,6241.6,5489.6,Statistical Analysis | Scientific Writing | Laboratory Skills,1,1,0.7049920038148753,High Employability
UK,Europe,Bachelor,Healthcare & Medicine,2022,Diagnostics,Patient Care,Medical Coding,49,58.9,93,1,7,4557,2886.1,5477.7,Diagnostics | Patient Care | Medical Coding,0,0,0.1350894281681346,Low Employability
Saudi Arabia,Middle East & Africa,Bachelor,Healthcare & Medicine,2017,Medical Coding,Clinical Research,Patient Care,62,11.3,75,1,2,4650,700.6,847.5,Medical Coding | Clinical Research | Patient Care,0,0,0.16375384048432462,Low Employability
Switzerland,Europe,PhD,Data Science & AI,2017,Machine Learning,Deep Learning,NLP,72,17.9,55,3,2,3960,1288.8,984.4999999999999,Machine Learning | Deep Learning | NLP,0,0,0.017130229806146015,Low Employability
Singapore,Asia-Pacific,Bachelor,Data Science & AI,2019,NLP,Big Data,R,66,9.7,87,1,4,5742,640.1999999999999,843.9,NLP | Big Data | R,0,0,0.06932414280331704,Low Employability
South Korea,Asia-Pacific,Bachelor,Engineering,2025,MATLAB,Lean Six Sigma,AutoCAD,79,90.0,73,1,10,5767,7110.0,6570.0,MATLAB | Lean Six Sigma | AutoCAD,0,1,0.8944753663966788,High Employability
Argentina,Latin America,Bachelor,Natural Sciences,2021,Statistical Analysis,Scientific Writing,Laboratory Skills,73,52.8,83,1,6,6059,3854.3999999999996,4382.4,Statistical Analysis | Scientific Writing | Laboratory Skills,0,1,0.7918402365643906,High Employability
Argentina,Latin America,Bachelor,Business & Finance,2024,Excel,Strategic Planning,Data Analysis,79,88.6,73,1,9,5767,6999.4,6467.799999999999,Excel | Strategic Planning | Data Analysis,1,1,0.8988786968792936,High Employability
USA,North America,PhD,Data Science & AI,2024,NLP,Machine Learning,Big Data,80,90.0,77,3,9,6160,7200.0,6930.0,NLP | Machine Learning | Big Data,0,0,0.0319960213719679,Low Employability
Canada,North America,Master,Computer Science,2023,SQL,React,DevOps,70,78.8,68,2,8,4760,5516.0,5358.4,SQL | React | DevOps,0,0,0.09801060325448735,Low Employability
China,Asia-Pacific,Bachelor,Business & Finance,2016,Market Research,Excel,Data Analysis,38,6.5,99,1,1,3762,247.0,643.5,Market Research | Excel | Data Analysis,1,1,0.848852743345731,High Employability
Sweden,Europe,Bachelor,Natural Sciences,2025,Experimental Design,Statistical Analysis,Scientific Writing,48,90.0,62,1,10,2976,4320.0,5580.0,Experimental Design | Statistical Analysis | Scientific Writing,0,1,0.7116154937893145,High Employability
Mexico,Latin America,Bachelor,Engineering,2015,Lean Six Sigma,AutoCAD,MATLAB,52,11.4,55,1,0,2860,592.8000000000001,627.0,Lean Six Sigma | AutoCAD | MATLAB,1,1,0.8355200618038124,High Employability
UAE,Middle East & Africa,Master,Engineering,2018,Project Management,AutoCAD,SolidWorks,50,16.9,100,2,3,5000,844.9999999999999,1689.9999999999998,Project Management | AutoCAD | SolidWorks,1,1,0.6250605434901967,Moderate
Saudi Arabia,Middle East & Africa,PhD,Natural Sciences,2025,Laboratory Skills,Statistical Analysis,Scientific Writing,66,75.7,75,3,10,4950,4996.2,5677.5,Laboratory Skills | Statistical Analysis | Scientific Writing,0,0,0.46958039457176975,Moderate
Germany,Europe,Bachelor,Computer Science,2019,Python,Cybersecurity,DevOps,76,13.2,54,1,4,4104,1003.1999999999999,712.8,Python | Cybersecurity | DevOps,0,0,0.21233706447479733,Low Employability
South Korea,Asia-Pacific,PhD,Social Sciences,2019,Public Policy,Qualitative Research,Communication,55,13.5,70,3,4,3850,742.5,945.0,Public Policy | Qualitative Research | Communication,0,1,0.63298362130769,Moderate
Canada,North America,Master,Social Sciences,2024,Public Policy,Data Analysis,Qualitative Research,86,79.0,51,2,9,4386,6794.0,4029.0,Public Policy | Data Analysis | Qualitative Research,1,1,0.5198338908868815,Moderate
Japan,Asia-Pacific,PhD,Healthcare & Medicine,2018,Diagnostics,Clinical Research,Medical Coding,46,5.0,62,3,3,2852,230.0,310.0,Diagnostics | Clinical Research | Medical Coding,0,0,0.0922004075072681,Low Employability
Brazil,Latin America,Master,Engineering,2015,AutoCAD,SolidWorks,Project Management,35,9.0,80,2,0,2800,315.0,720.0,AutoCAD | SolidWorks | Project Management,0,1,0.5459904880313862,Moderate
Japan,Asia-Pacific,Bachelor,Natural Sciences,2020,Scientific Writing,Experimental Design,Statistical Analysis,71,33.4,62,1,5,4402,2371.4,2070.7999999999997,Scientific Writing | Experimental Design | Statistical Analysis,1,1,0.8656595545422215,High Employability
Switzerland,Europe,Master,Healthcare & Medicine,2021,Clinical Research,Medical Coding,Patient Care,60,54.1,61,2,6,3660,3246.0,3300.1,Clinical Research | Medical Coding | Patient Care,0,0,0.029946364180360098,Low Employability
Mexico,Latin America,Master,Social Sciences,2017,Communication,Public Policy,Qualitative Research,50,14.7,70,2,2,3500,735.0,1029.0,Communication | Public Policy | Qualitative Research,0,1,0.6272567779621949,Moderate
UAE,Middle East & Africa,Master,Computer Science,2024,Java,Cybersecurity,React,92,77.8,80,2,9,7360,7157.599999999999,6224.0,Java | Cybersecurity | React,0,0,0.0364892682794935,Low Employability
South Africa,Middle East & Africa,PhD,Natural Sciences,2022,Laboratory Skills,Experimental Design,Statistical Analysis,72,59.9,92,3,7,6624,4312.8,5510.8,Laboratory Skills | Experimental Design | Statistical Analysis,0,1,0.6629165987019873,Moderate
South Africa,Middle East & Africa,Bachelor,Healthcare & Medicine,2022,Patient Care,Medical Coding,Diagnostics,56,66.4,77,1,7,4312,3718.4000000000005,5112.8,Patient Care | Medical Coding | Diagnostics,0,0,0.02924661470966457,Low Employability
Canada,North America,Bachelor,Business & Finance,2018,Strategic Planning,Financial Modeling,Excel,57,11.9,65,1,3,3705,678.3000000000001,773.5,Strategic Planning | Financial Modeling | Excel,1,1,0.7192977557851068,High Employability
Australia,Asia-Pacific,PhD,Natural Sciences,2018,Statistical Analysis,Scientific Writing,Laboratory Skills,51,18.7,55,3,3,2805,953.6999999999999,1028.5,Statistical Analysis | Scientific Writing | Laboratory Skills,0,1,0.5101139188712136,Moderate
Mexico,Latin America,PhD,Social Sciences,2023,Communication,Qualitative Research,Public Policy,65,66.9,100,3,8,6500,4348.5,6690.000000000001,Communication | Qualitative Research | Public Policy,0,0,0.46449218819989285,Moderate
UAE,Middle East & Africa,Master,Data Science & AI,2020,Machine Learning,Deep Learning,R,88,35.4,80,2,5,7040,3115.2,2832.0,Machine Learning | Deep Learning | R,0,0,0.027704291643984393,Low Employability
China,Asia-Pacific,Bachelor,Social Sciences,2022,Data Analysis,Public Policy,Communication,67,65.5,82,1,7,5494,4388.5,5371.0,Data Analysis | Public Policy | Communication,0,1,0.5710632224379217,Moderate
Mexico,Latin America,Bachelor,Business & Finance,2025,Financial Modeling,Excel,Data Analysis,66,90.0,92,1,10,6072,5940.0,8280.0,Financial Modeling | Excel | Data Analysis,0,1,0.7467008073487758,High Employability
Argentina,Latin America,PhD,Computer Science,2025,Cloud Computing,React,Cybersecurity,98,90.0,48,3,10,4704,8820.0,4320.0,Cloud Computing | React | Cybersecurity,0,0,0.01623144941442108,Low Employability
USA,North America,Bachelor,Social Sciences,2020,Public Policy,Qualitative Research,Data Analysis,51,35.8,84,1,5,4284,1825.8,3007.2,Public Policy | Qualitative Research | Data Analysis,1,1,0.7423556957558949,High Employability
Mexico,Latin America,Master,Engineering,2015,MATLAB,SolidWorks,AutoCAD,51,14.1,67,2,0,3417,719.1,944.6999999999999,MATLAB | SolidWorks | AutoCAD,0,1,0.7714886373014623,High Employability
Germany,Europe,PhD,Social Sciences,2018,Communication,Public Policy,Qualitative Research,57,16.0,57,3,3,3249,912.0,912.0,Communication | Public Policy | Qualitative Research,0,1,0.5191722835975553,Moderate
China,Asia-Pacific,Bachelor,Data Science & AI,2021,Machine Learning,Big Data,Data Visualization,76,39.1,82,1,6,6232,2971.6,3206.2000000000003,Machine Learning | Big Data | Data Visualization,0,0,0.020606957684815727,Low Employability
Switzerland,Europe,Bachelor,Social Sciences,2022,Communication,Data Analysis,Public Policy,63,70.4,79,1,7,4977,4435.200000000001,5561.6,Communication | Data Analysis | Public Policy,1,1,0.7333487849138476,High Employability
UK,Europe,Master,Healthcare & Medicine,2023,Clinical Research,Medical Coding,Patient Care,51,83.6,70,2,8,3570,4263.599999999999,5852.0,Clinical Research | Medical Coding | Patient Care,1,0,0.04629430075085592,Low Employability
UAE,Middle East & Africa,PhD,Healthcare & Medicine,2020,Diagnostics,Patient Care,Medical Coding,45,52.6,62,3,5,2790,2367.0,3261.2000000000003,Diagnostics | Patient Care | Medical Coding,0,0,0.027247327217101297,Low Employability
Australia,Asia-Pacific,Bachelor,Healthcare & Medicine,2022,Medical Coding,Diagnostics,Clinical Research,66,80.7,56,1,7,3696,5326.2,4519.2,Medical Coding | Diagnostics | Clinical Research,0,0,0.05445801418159728,Low Employability
UAE,Middle East & Africa,Master,Data Science & AI,2025,Deep Learning,Data Visualization,NLP,86,80.7,61,2,10,5246,6940.2,4922.7,Deep Learning | Data Visualization | NLP,0,0,0.02618634559058502,Low Employability
Argentina,Latin America,Bachelor,Computer Science,2015,SQL,Java,Python,60,5.0,75,1,0,4500,300.0,375.0,SQL | Java | Python,0,0,0.256440629848509,Low Employability
Israel,Middle East & Africa,Bachelor,Computer Science,2023,DevOps,Cybersecurity,Python,91,63.8,88,1,8,8008,5805.8,5614.4,DevOps | Cybersecurity | Python,0,0,0.08734441357264895,Low Employability
USA,North America,Bachelor,Natural Sciences,2021,Scientific Writing,Experimental Design,Laboratory Skills,54,51.5,63,1,6,3402,2781.0,3244.5,Scientific Writing | Experimental Design | Laboratory Skills,0,1,0.9096363354330699,High Employability
South Africa,Middle East & Africa,PhD,Natural Sciences,2025,Scientific Writing,Statistical Analysis,Laboratory Skills,72,90.0,75,3,10,5400,6480.0,6750.0,Scientific Writing | Statistical Analysis | Laboratory Skills,0,1,0.5668158723363139,Moderate
Germany,Europe,PhD,Business & Finance,2020,Financial Modeling,Strategic Planning,Data Analysis,72,28.8,82,3,5,5904,2073.6,2361.6,Financial Modeling | Strategic Planning | Data Analysis,1,0,0.37895338293018865,Low Employability
Israel,Middle East & Africa,Bachelor,Healthcare & Medicine,2018,Diagnostics,Medical Coding,Clinical Research,51,5.0,40,1,3,2040,255.0,200.0,Diagnostics | Medical Coding | Clinical Research,0,0,0.026578250400749116,Low Employability
Australia,Asia-Pacific,Bachelor,Engineering,2024,Project Management,AutoCAD,MATLAB,54,89.9,58,1,9,3132,4854.6,5214.200000000001,Project Management | AutoCAD | MATLAB,1,1,0.5780318557318903,Moderate
Mexico,Latin America,PhD,Healthcare & Medicine,2023,Diagnostics,Patient Care,Medical Coding,80,61.1,71,3,8,5680,4888.0,4338.1,Diagnostics | Patient Care | Medical Coding,0,0,0.03616789619824067,Low Employability
Netherlands,Europe,Master,Healthcare & Medicine,2016,Medical Coding,Patient Care,Clinical Research,72,10.6,51,2,1,3672,763.1999999999999,540.6,Medical Coding | Patient Care | Clinical Research,0,0,0.10633903163232802,Low Employability
Mexico,Latin America,Master,Healthcare & Medicine,2017,Clinical Research,Diagnostics,Patient Care,54,13.0,71,2,2,3834,702.0,923.0,Clinical Research | Diagnostics | Patient Care,0,0,0.10104216660267866,Low Employability
Brazil,Latin America,Bachelor,Healthcare & Medicine,2022,Medical Coding,Patient Care,Diagnostics,62,65.4,80,1,7,4960,4054.8,5232.0,Medical Coding | Patient Care | Diagnostics,0,0,0.07949373628263715,Low Employability
Singapore,Asia-Pacific,PhD,Business & Finance,2018,Data Analysis,Market Research,Strategic Planning,64,7.3,62,3,3,3968,467.2,452.59999999999997,Data Analysis | Market Research | Strategic Planning,0,1,0.6492949337890392,Moderate
Argentina,Latin America,Bachelor,Engineering,2016,SolidWorks,AutoCAD,Project Management,53,19.0,88,1,1,4664,1007.0,1672.0,SolidWorks | AutoCAD | Project Management,1,1,0.8746137432736382,High Employability
Argentina,Latin America,Master,Social Sciences,2023,Communication,Data Analysis,Qualitative Research,57,71.9,61,2,8,3477,4098.3,4385.900000000001,Communication | Data Analysis | Qualitative Research,1,1,0.5799290275018008,Moderate
USA,North America,Master,Social Sciences,2016,Public Policy,Qualitative Research,Communication,60,8.4,60,2,1,3600,504.0,504.0,Public Policy | Qualitative Research | Communication,1,1,0.6458363383643442,Moderate
Brazil,Latin America,PhD,Natural Sciences,2019,Scientific Writing,Laboratory Skills,Statistical Analysis,30,6.4,56,3,4,1680,192.0,358.40000000000003,Scientific Writing | Laboratory Skills | Statistical Analysis,0,0,0.4148310849609375,Moderate
Argentina,Latin America,PhD,Computer Science,2016,Python,Cloud Computing,Java,63,13.3,48,3,1,3024,837.9000000000001,638.4000000000001,Python | Cloud Computing | Java,0,0,0.09474180669238803,Low Employability
Germany,Europe,Bachelor,Computer Science,2017,Python,Cybersecurity,SQL,74,13.2,76,1,2,5624,976.8,1003.1999999999999,Python | Cybersecurity | SQL,0,0,0.0954581140170628,Low Employability
Japan,Asia-Pacific,Bachelor,Data Science & AI,2021,Big Data,Deep Learning,Machine Learning,82,43.2,86,1,6,7052,3542.4,3715.2000000000003,Big Data | Deep Learning | Machine Learning,0,0,0.1468670153833905,Low Employability
France,Europe,PhD,Natural Sciences,2021,Laboratory Skills,Scientific Writing,Statistical Analysis,69,55.4,85,3,6,5865,3822.6,4709.0,Laboratory Skills | Scientific Writing | Statistical Analysis,0,1,0.5339505928965628,Moderate
Germany,Europe,Master,Engineering,2018,Lean Six Sigma,MATLAB,SolidWorks,59,5.0,61,2,3,3599,295.0,305.0,Lean Six Sigma | MATLAB | SolidWorks,0,1,0.6906886208531079,Moderate
Japan,Asia-Pacific,PhD,Natural Sciences,2025,Scientific Writing,Laboratory Skills,Experimental Design,58,90.0,64,3,10,3712,5220.0,5760.0,Scientific Writing | Laboratory Skills | Experimental Design,1,1,0.7797988700847612,High Employability
South Africa,Middle East & Africa,Master,Data Science & AI,2017,Machine Learning,Deep Learning,Big Data,74,16.3,96,2,2,7104,1206.2,1564.8000000000002,Machine Learning | Deep Learning | Big Data,0,0,0.0388791564357757,Low Employability
Brazil,Latin America,Bachelor,Healthcare & Medicine,2017,Diagnostics,Medical Coding,Clinical Research,55,13.1,74,1,2,4070,720.5,969.4,Diagnostics | Medical Coding | Clinical Research,1,0,0.03682263705962084,Low Employability
India,Asia-Pacific,Master,Computer Science,2022,Python,DevOps,SQL,72,53.4,84,2,7,6048,3844.7999999999997,4485.599999999999,Python | DevOps | SQL,0,0,0.0420663977724044,Low Employability
South Africa,Middle East & Africa,Master,Social Sciences,2025,Qualitative Research,Communication,Data Analysis,72,81.3,74,2,10,5328,5853.599999999999,6016.2,Qualitative Research | Communication | Data Analysis,1,1,0.6640995315017324,Moderate
India,Asia-Pacific,PhD,Computer Science,2021,SQL,Cloud Computing,Cybersecurity,91,54.5,96,3,6,8736,4959.5,5232.0,SQL | Cloud Computing | Cybersecurity,0,0,0.030075656998953305,Low Employability
France,Europe,Master,Data Science & AI,2024,Data Visualization,R,NLP,83,85.1,66,2,9,5478,7063.299999999999,5616.599999999999,Data Visualization | R | NLP,0,0,0.011486703962491518,Low Employability
South Korea,Asia-Pacific,Master,Social Sciences,2019,Data Analysis,Qualitative Research,Communication,72,5.0,58,2,4,4176,360.0,290.0,Data Analysis | Qualitative Research | Communication,1,1,0.6152374878309353,Moderate
South Korea,Asia-Pacific,Master,Data Science & AI,2023,Data Visualization,Big Data,R,100,70.5,57,2,8,5700,7050.0,4018.5,Data Visualization | Big Data | R,0,0,0.02364084033837977,Low Employability
Sweden,Europe,PhD,Computer Science,2020,Cybersecurity,SQL,DevOps,70,35.4,76,3,5,5320,2478.0,2690.4,Cybersecurity | SQL | DevOps,0,0,0.034094694321643276,Low Employability
UK,Europe,Bachelor,Data Science & AI,2015,R,Data Visualization,Big Data,70,13.2,79,1,0,5530,924.0,1042.8,R | Data Visualization | Big Data,0,0,0.0787978288405371,Low Employability
Argentina,Latin America,Master,Natural Sciences,2024,Laboratory Skills,Statistical Analysis,Experimental Design,72,67.5,60,2,9,4320,4860.0,4050.0,Laboratory Skills | Statistical Analysis | Experimental Design,0,1,0.693074430422505,Moderate
Israel,Middle East & Africa,PhD,Computer Science,2019,SQL,Cybersecurity,Python,92,9.3,71,3,4,6532,855.6,660.3000000000001,SQL | Cybersecurity | Python,0,0,0.05186737318087158,Low Employability
Sweden,Europe,Bachelor,Engineering,2019,MATLAB,SolidWorks,Lean Six Sigma,57,10.2,72,1,4,4104,581.4,734.4,MATLAB | SolidWorks | Lean Six Sigma,1,1,0.6578938019480622,Moderate
USA,North America,Master,Natural Sciences,2022,Scientific Writing,Experimental Design,Statistical Analysis,61,73.4,65,2,7,3965,4477.400000000001,4771.0,Scientific Writing | Experimental Design | Statistical Analysis,1,1,0.7244551378311179,High Employability
France,Europe,PhD,Business & Finance,2016,Data Analysis,Strategic Planning,Financial Modeling,45,8.4,70,3,1,3150,378.0,588.0,Data Analysis | Strategic Planning | Financial Modeling,0,0,0.3294160964674168,Low Employability
Japan,Asia-Pacific,Bachelor,Computer Science,2015,Cybersecurity,Python,DevOps,54,20.6,51,1,0,2754,1112.4,1050.6000000000001,Cybersecurity | Python | DevOps,0,0,0.07639323327223564,Low Employability
USA,North America,Master,Business & Finance,2015,Market Research,Strategic Planning,Financial Modeling,31,6.6,69,2,0,2139,204.6,455.4,Market Research | Strategic Planning | Financial Modeling,0,1,0.5871765689343534,Moderate
UAE,Middle East & Africa,Master,Natural Sciences,2018,Experimental Design,Laboratory Skills,Statistical Analysis,56,5.5,62,2,3,3472,308.0,341.0,Experimental Design | Laboratory Skills | Statistical Analysis,0,1,0.6370434707649372,Moderate
USA,North America,PhD,Engineering,2019,Project Management,SolidWorks,MATLAB,78,15.5,67,3,4,5226,1209.0,1038.5,Project Management | SolidWorks | MATLAB,0,0,0.4651820472180804,Moderate
Israel,Middle East & Africa,PhD,Natural Sciences,2025,Laboratory Skills,Statistical Analysis,Scientific Writing,76,89.4,48,3,10,3648,6794.400000000001,4291.200000000001,Laboratory Skills | Statistical Analysis | Scientific Writing,0,0,0.30193823560157,Low Employability
China,Asia-Pacific,Master,Natural Sciences,2015,Statistical Analysis,Experimental Design,Laboratory Skills,39,12.5,44,2,0,1716,487.5,550.0,Statistical Analysis | Experimental Design | Laboratory Skills,0,1,0.5363892677642502,Moderate
Canada,North America,PhD,Computer Science,2024,DevOps,SQL,Cybersecurity,96,87.9,86,3,9,8256,8438.400000000001,7559.400000000001,DevOps | SQL | Cybersecurity,0,0,0.020451117951527938,Low Employability
Australia,Asia-Pacific,PhD,Social Sciences,2018,Communication,Data Analysis,Qualitative Research,72,5.0,73,3,3,5256,360.0,365.0,Communication | Data Analysis | Qualitative Research,0,0,0.4578417869248368,Moderate
UK,Europe,Master,Business & Finance,2015,Excel,Market Research,Financial Modeling,44,5.8,96,2,0,4224,255.2,556.8,Excel | Market Research | Financial Modeling,1,1,0.7494447277022294,High Employability
South Africa,Middle East & Africa,PhD,Social Sciences,2020,Data Analysis,Communication,Public Policy,47,43.3,67,3,5,3149,2035.1,2901.1,Data Analysis | Communication | Public Policy,0,0,0.39088146194374573,Low Employability
Mexico,Latin America,PhD,Natural Sciences,2015,Laboratory Skills,Statistical Analysis,Experimental Design,54,5.0,86,3,0,4644,270.0,430.0,Laboratory Skills | Statistical Analysis | Experimental Design,1,1,0.5973672771394375,Moderate
USA,North America,PhD,Computer Science,2016,Cybersecurity,Java,Python,84,16.3,69,3,1,5796,1369.2,1124.7,Cybersecurity | Java | Python,0,0,0.04711264328826656,Low Employability
South Africa,Middle East & Africa,Master,Data Science & AI,2022,R,Data Visualization,NLP,98,49.7,93,2,7,9114,4870.6,4622.1,R | Data Visualization | NLP,0,0,0.02123743443724791,Low Employability
France,Europe,PhD,Natural Sciences,2016,Statistical Analysis,Scientific Writing,Experimental Design,45,7.7,54,3,1,2430,346.5,415.8,Statistical Analysis | Scientific Writing | Experimental Design,0,0,0.4263881210010571,Moderate
Mexico,Latin America,Master,Natural Sciences,2021,Experimental Design,Statistical Analysis,Scientific Writing,60,35.0,66,2,6,3960,2100.0,2310.0,Experimental Design | Statistical Analysis | Scientific Writing,1,1,0.6643908550266145,Moderate
Sweden,Europe,Bachelor,Healthcare & Medicine,2021,Diagnostics,Clinical Research,Medical Coding,47,51.1,48,1,6,2256,2401.7000000000003,2452.8,Diagnostics | Clinical Research | Medical Coding,0,0,0.1257862018739143,Low Employability
Switzerland,Europe,Master,Data Science & AI,2016,Deep Learning,Big Data,R,79,9.4,73,2,1,5767,742.6,686.2,Deep Learning | Big Data | R,0,0,0.021180861879039965,Low Employability
