Country,University_Name,Graduation_Year,Employment_Rate_6_Months (%),Employment_Rate_12_Months (%),Average_Starting_Salary_USD,Job_Role,Skill_1,Skill_2,Skill_3,Skill_Demand_Score (1–100),Remote_Work_Availability (%),Employer_Reputation_Score (1–100),High_Employability,Region_Europe,Region_Latin America,Region_Middle East & Africa,Region_North America,Degree_Level_Master,Degree_Level_PhD,Field_of_Study_Computer Science,Field_of_Study_Data Science & AI,Field_of_Study_Engineering,Field_of_Study_Healthcare & Medicine,Field_of_Study_Natural Sciences,Field_of_Study_Social Sciences,Top_Industry_Government/NGO,Top_Industry_Healthcare,Top_Industry_Manufacturing/Construction,Top_Industry_Research/Academia,Top_Industry_Technology,Top_Industry_Technology/Consulting
USA,Harvard,2017,79.3,85.6,66700,Robotics Engineer,AutoCAD,Lean Six Sigma,MATLAB,69,8.8,66,0,False,False,False,True,False,False,False,False,True,False,False,False,False,False,True,False,False,False
USA,MIT,2023,83.8,87.9,84500,Civil Engineer,Lean Six Sigma,AutoCAD,MATLAB,71,65.4,63,0,False,False,False,True,False,False,False,False,True,False,False,False,False,False,True,False,False,False
Israel,Technion,2019,81.7,83.2,88300,Public Health Specialist,Clinical Research,Diagnostics,Patient Care,52,5.0,74,0,False,False,True,False,True,False,False,False,False,True,False,False,False,True,False,False,False,False
India,IIT Bombay,2016,84.2,92.1,21000,AI Researcher,DevOps,Python,Cloud Computing,69,10.3,48,1,False,False,False,False,True,False,True,False,False,False,False,False,False,False,False,False,True,False
South Africa,University of Cape Town,2023,83.6,86.3,48600,Management Consultant,Financial Modeling,Data Analysis,Market Research,69,64.0,65,0,False,False,True,False,False,True,False,False,False,False,False,False,False,False,False,False,False,False
South Africa,University of Cape Town,2015,99.0,100.0,39200,Software Engineer,React,Java,Cloud Computing,59,14.1,51,1,False,False,True,False,False,True,True,False,False,False,False,False,False,False,False,False,True,False
UK,LSE,2025,71.5,73.8,86000,Management Consultant,Excel,Strategic Planning,Data Analysis,71,90.0,72,0,True,False,False,False,True,False,False,False,False,False,False,False,False,False,False,False,False,False
Sweden,Karolinska Institute,2025,81.5,83.5,79800,Economist,Public Policy,Communication,Data Analysis,62,85.4,85,0,True,False,False,False,False,True,False,False,False,False,False,True,True,False,False,False,False,False
Netherlands,University of Amsterdam,2023,72.4,78.1,60900,Policy Analyst,Qualitative Research,Communication,Data Analysis,62,63.2,79,0,True,False,False,False,True,False,False,False,False,False,False,True,True,False,False,False,False,False
UK,Imperial College London,2016,95.9,99.2,78800,Data Analyst,Deep Learning,Big Data,R,68,11.7,84,1,True,False,False,False,True,False,False,True,False,False,False,False,False,False,False,False,False,True
Mexico,UNAM,2017,89.1,91.9,20400,NLP Specialist,Deep Learning,Big Data,R,62,14.1,90,1,False,True,False,False,False,False,False,True,False,False,False,False,False,False,False,False,False,True
Israel,Hebrew University of Jerusalem,2023,85.0,90.7,68600,Mechanical Engineer,SolidWorks,AutoCAD,Lean Six Sigma,59,73.6,93,1,False,False,True,False,False,False,False,False,True,False,False,False,False,False,True,False,False,False
Sweden,KTH Royal Institute of Technology,2024,90.8,90.8,105500,Marketing Manager,Financial Modeling,Data Analysis,Strategic Planning,76,80.9,65,1,True,False,False,False,False,True,False,False,False,False,False,False,False,False,False,False,False,False
South Africa,University of Cape Town,2016,73.1,77.6,31300,Policy Analyst,Communication,Data Analysis,Qualitative Research,55,17.4,62,0,False,False,True,False,False,True,False,False,False,False,False,True,True,False,False,False,False,False
South Korea,Seoul National University,2019,88.7,95.6,56300,Software Engineer,Cybersecurity,Java,SQL,81,7.4,77,1,False,False,False,False,True,False,True,False,False,False,False,False,False,False,False,False,True,False
Singapore,NUS,2017,94.8,98.4,72500,AI Consultant,Big Data,NLP,Machine Learning,70,8.0,48,1,False,False,False,False,False,False,False,True,False,False,False,False,False,False,False,False,False,True
Brazil,University of São Paulo,2019,82.6,87.6,27200,Physicist,Statistical Analysis,Laboratory Skills,Scientific Writing,55,5.0,63,0,False,True,False,False,True,False,False,False,False,False,True,False,False,False,False,True,False,False
Canada,University of Toronto,2017,79.0,83.7,73700,Chemist,Statistical Analysis,Scientific Writing,Experimental Design,58,19.4,72,0,False,False,False,True,False,True,False,False,False,False,True,False,False,False,False,True,False,False
Australia,ANU,2023,80.9,82.0,87500,Electrical Engineer,Project Management,MATLAB,Lean Six Sigma,65,70.6,100,0,False,False,False,False,True,False,False,False,True,False,False,False,False,False,True,False,False,False
Argentina,University of Buenos Aires,2018,81.5,86.4,15600,Civil Engineer,AutoCAD,MATLAB,Lean Six Sigma,44,15.7,81,0,False,True,False,False,False,False,False,False,True,False,False,False,False,False,True,False,False,False
Saudi Arabia,King Abdulaziz University,2025,75.5,83.3,51100,Policy Analyst,Public Policy,Data Analysis,Communication,55,90.0,100,0,False,False,True,False,False,False,False,False,False,False,False,True,True,False,False,False,False,False
China,Fudan University,2025,87.2,92.4,43100,NLP Specialist,Data Visualization,Deep Learning,Big Data,84,74.5,71,1,False,False,False,False,False,False,False,True,False,False,False,False,False,False,False,False,False,True
Netherlands,University of Amsterdam,2016,92.4,95.5,49100,Cybersecurity Analyst,React,DevOps,Cloud Computing,87,6.1,65,1,True,False,False,False,False,False,True,False,False,False,False,False,False,False,False,False,True,False
Mexico,UNAM,2025,76.8,82.3,34200,Sociologist,Public Policy,Data Analysis,Qualitative Research,83,73.9,72,0,False,True,False,False,False,True,False,False,False,False,False,True,True,False,False,False,False,False
USA,Stanford,2022,93.9,96.4,85900,Public Health Specialist,Patient Care,Diagnostics,Clinical Research,50,65.2,74,1,False,False,False,True,False,False,False,False,False,True,False,False,False,True,False,False,False,False
Brazil,University of São Paulo,2023,83.0,86.6,30200,Physicist,Laboratory Skills,Experimental Design,Scientific Writing,68,72.9,59,0,False,True,False,False,True,False,False,False,False,False,True,False,False,False,False,True,False,False
Germany,Heidelberg University,2018,83.6,86.2,82800,Marketing Manager,Data Analysis,Financial Modeling,Market Research,62,5.1,81,0,True,False,False,False,True,False,False,False,False,False,False,False,False,False,False,False,False,False
Canada,McGill University,2021,87.1,94.1,96500,Data Analyst,NLP,Big Data,Data Visualization,86,58.2,98,1,False,False,False,True,True,False,False,True,False,False,False,False,False,False,False,False,False,True
France,PSL University,2023,86.2,89.5,64100,Medical Doctor,Clinical Research,Medical Coding,Patient Care,57,69.2,75,0,True,False,False,False,False,False,False,False,False,True,False,False,False,True,False,False,False,False
Canada,UBC,2015,87.1,92.2,83700,Mechanical Engineer,Lean Six Sigma,AutoCAD,SolidWorks,64,8.7,100,1,False,False,False,True,False,True,False,False,True,False,False,False,False,False,True,False,False,False
UAE,Khalifa University,2024,87.0,89.8,94600,Software Engineer,Java,Cybersecurity,React,92,77.8,80,0,False,False,True,False,True,False,True,False,False,False,False,False,False,False,False,False,True,False
UAE,Khalifa University,2024,92.6,95.9,124400,Public Health Specialist,Medical Coding,Patient Care,Clinical Research,52,75.5,82,1,False,False,True,False,False,True,False,False,False,True,False,False,False,True,False,False,False,False
France,Ecole Polytechnique,2025,73.8,79.1,48200,Policy Analyst,Communication,Qualitative Research,Data Analysis,73,81.2,72,0,True,False,False,False,False,False,False,False,False,False,False,True,True,False,False,False,False,False
Canada,UBC,2016,87.3,93.0,92700,AI Researcher,Cybersecurity,Java,SQL,77,15.4,85,1,False,False,False,True,False,True,True,False,False,False,False,False,False,False,False,False,True,False
France,PSL University,2019,85.3,91.3,53500,Machine Learning Engineer,Deep Learning,Data Visualization,R,83,12.6,100,1,True,False,False,False,False,False,False,True,False,False,False,False,False,False,False,False,False,True
South Africa,University of Cape Town,2016,95.7,100.0,32300,AI Consultant,Machine Learning,Big Data,Deep Learning,78,8.4,81,1,False,False,True,False,False,False,False,True,False,False,False,False,False,False,False,False,False,True
Australia,University of Melbourne,2018,91.8,95.8,108600,AI Consultant,NLP,R,Data Visualization,76,21.6,41,1,False,False,False,False,False,True,False,True,False,False,False,False,False,False,False,False,False,True
USA,UC Berkeley,2015,83.2,87.2,85900,Data Scientist,Cloud Computing,Java,SQL,80,10.3,53,0,False,False,False,True,True,False,True,False,False,False,False,False,False,False,False,False,True,False
Argentina,University of Buenos Aires,2016,96.4,99.9,23600,Cloud Architect,Python,React,Java,74,10.2,60,1,False,True,False,False,False,True,True,False,False,False,False,False,False,False,False,False,True,False
Canada,UBC,2021,86.2,87.1,109000,Electrical Engineer,Project Management,AutoCAD,Lean Six Sigma,63,43.4,82,0,False,False,False,True,False,True,False,False,True,False,False,False,False,False,True,False,False,False
Canada,University of Toronto,2025,82.4,88.4,106600,Robotics Engineer,AutoCAD,MATLAB,SolidWorks,78,78.0,64,0,False,False,False,True,False,True,False,False,True,False,False,False,False,False,True,False,False,False
Saudi Arabia,King Abdulaziz University,2017,76.7,85.3,39200,Biologist,Experimental Design,Laboratory Skills,Scientific Writing,58,5.0,83,0,False,False,True,False,False,False,False,False,False,False,True,False,False,False,False,True,False,False
Argentina,University of Buenos Aires,2016,86.4,88.4,30100,Civil Engineer,SolidWorks,AutoCAD,Project Management,47,16.3,59,0,False,True,False,False,True,False,False,False,True,False,False,False,False,False,True,False,False,False
Netherlands,University of Amsterdam,2018,85.1,88.3,59300,Environmental Scientist,Statistical Analysis,Laboratory Skills,Scientific Writing,55,5.0,54,0,True,False,False,False,True,False,False,False,False,False,True,False,False,False,False,True,False,False
Japan,University of Tokyo,2025,85.0,93.3,82800,Machine Learning Engineer,Big Data,Data Visualization,R,75,85.6,71,1,False,False,False,False,True,False,False,True,False,False,False,False,False,False,False,False,False,True
Canada,University of Toronto,2015,85.8,93.1,104400,AI Consultant,Machine Learning,Big Data,Data Visualization,70,5.1,76,1,False,False,False,True,False,True,False,True,False,False,False,False,False,False,False,False,False,True
South Korea,Seoul National University,2018,88.2,93.4,62000,Medical Doctor,Medical Coding,Clinical Research,Patient Care,52,10.6,79,1,False,False,False,False,True,False,False,False,False,True,False,False,False,True,False,False,False,False
Saudi Arabia,King Abdulaziz University,2025,85.1,94.3,91100,Software Engineer,Cloud Computing,Cybersecurity,SQL,70,88.5,78,1,False,False,True,False,True,False,True,False,False,False,False,False,False,False,False,False,True,False
Australia,University of Sydney,2020,79.9,84.5,107000,Financial Analyst,Data Analysis,Excel,Market Research,55,34.1,82,0,False,False,False,False,False,True,False,False,False,False,False,False,False,False,False,False,False,False
Netherlands,University of Amsterdam,2017,79.5,86.3,65300,Sociologist,Communication,Qualitative Research,Public Policy,57,14.1,79,0,True,False,False,False,False,True,False,False,False,False,False,True,True,False,False,False,False,False
India,IIT Delhi,2025,90.2,96.7,40200,Pharmacist,Medical Coding,Patient Care,Diagnostics,76,89.8,71,1,False,False,False,False,False,True,False,False,False,True,False,False,False,True,False,False,False,False
Switzerland,EPFL,2025,80.0,86.1,154400,Electrical Engineer,AutoCAD,MATLAB,SolidWorks,67,87.8,86,0,True,False,False,False,False,True,False,False,True,False,False,False,False,False,True,False,False,False
USA,Harvard,2018,84.1,91.7,61200,Chemist,Statistical Analysis,Laboratory Skills,Scientific Writing,56,13.4,65,1,False,False,False,True,False,False,False,False,False,False,True,False,False,False,False,True,False,False
Argentina,University of Buenos Aires,2025,80.6,85.8,28200,Marketing Manager,Market Research,Strategic Planning,Excel,75,81.8,100,0,False,True,False,False,True,False,False,False,False,False,False,False,False,False,False,False,False,False
Mexico,UNAM,2015,73.9,81.2,9000,Economist,Public Policy,Qualitative Research,Data Analysis,57,13.1,79,0,False,True,False,False,False,False,False,False,False,False,False,True,True,False,False,False,False,False
Israel,Technion,2016,78.5,83.7,89700,Electrical Engineer,SolidWorks,Project Management,Lean Six Sigma,45,14.9,67,0,False,False,True,False,False,True,False,False,True,False,False,False,False,False,True,False,False,False
Argentina,University of Buenos Aires,2017,81.4,87.2,22700,Financial Analyst,Data Analysis,Market Research,Strategic Planning,48,5.9,73,0,False,True,False,False,False,True,False,False,False,False,False,False,False,False,False,False,False,False
Australia,University of Sydney,2019,80.5,84.5,99300,Electrical Engineer,SolidWorks,AutoCAD,MATLAB,60,5.0,48,0,False,False,False,False,False,True,False,False,True,False,False,False,False,False,True,False,False,False
France,Ecole Polytechnique,2016,90.2,95.8,62800,Pharmacist,Patient Care,Clinical Research,Medical Coding,66,14.3,67,1,True,False,False,False,True,False,False,False,False,True,False,False,False,True,False,False,False,False
Sweden,KTH Royal Institute of Technology,2021,75.0,80.0,60300,Investment Banker,Excel,Data Analysis,Strategic Planning,59,53.2,57,0,True,False,False,False,False,False,False,False,False,False,False,False,False,False,False,False,False,False
Netherlands,University of Amsterdam,2015,90.7,95.4,62400,Sociologist,Data Analysis,Qualitative Research,Public Policy,54,13.5,63,1,True,False,False,False,False,True,False,False,False,False,False,True,True,False,False,False,False,False
South Korea,KAIST,2023,83.1,88.3,62700,Sociologist,Qualitative Research,Data Analysis,Public Policy,58,70.2,77,0,False,False,False,False,False,True,False,False,False,False,False,True,True,False,False,False,False,False
Mexico,UNAM,2025,96.0,100.0,43300,NLP Specialist,NLP,Data Visualization,Deep Learning,82,90.0,72,1,False,True,False,False,True,False,False,True,False,False,False,False,False,False,False,False,False,True
Switzerland,ETH Zurich,2024,87.2,90.5,145500,Biomedical Researcher,Clinical Research,Diagnostics,Patient Care,62,58.8,62,0,True,False,False,False,True,False,False,False,False,True,False,False,False,True,False,False,False,False
Brazil,University of São Paulo,2020,82.0,87.7,28300,Management Consultant,Strategic Planning,Data Analysis,Market Research,78,49.5,61,0,False,True,False,False,True,False,False,False,False,False,False,False,False,False,False,False,False,False
Mexico,UNAM,2016,83.7,86.1,15700,Biologist,Experimental Design,Laboratory Skills,Scientific Writing,70,15.9,62,0,False,True,False,False,True,False,False,False,False,False,True,False,False,False,False,True,False,False
Sweden,KTH Royal Institute of Technology,2015,99.0,100.0,75900,Cloud Architect,Java,SQL,Python,82,5.0,61,1,True,False,False,False,False,True,True,False,False,False,False,False,False,False,False,False,True,False
Germany,TU Munich,2016,81.5,85.6,51200,Sociologist,Qualitative Research,Data Analysis,Communication,58,5.0,67,0,True,False,False,False,True,False,False,False,False,False,False,True,True,False,False,False,False,False
Switzerland,ETH Zurich,2016,92.6,99.0,89000,NLP Specialist,Big Data,Machine Learning,R,60,5.0,89,1,True,False,False,False,False,False,False,True,False,False,False,False,False,False,False,False,False,True
Argentina,University of Buenos Aires,2025,86.3,94.4,24800,Medical Doctor,Patient Care,Clinical Research,Diagnostics,71,90.0,71,1,False,True,False,False,False,False,False,False,False,True,False,False,False,True,False,False,False,False
UAE,Khalifa University,2025,91.8,96.3,125900,Management Consultant,Excel,Financial Modeling,Market Research,79,90.0,90,1,False,False,True,False,False,True,False,False,False,False,False,False,False,False,False,False,False,False
Canada,McGill University,2020,83.4,90.5,57500,Financial Analyst,Data Analysis,Strategic Planning,Market Research,42,28.2,40,0,False,False,False,True,False,False,False,False,False,False,False,False,False,False,False,False,False,False
South Africa,University of Cape Town,2024,84.8,92.8,39900,Investment Banker,Excel,Market Research,Financial Modeling,68,90.0,49,1,False,False,True,False,True,False,False,False,False,False,False,False,False,False,False,False,False,False
South Korea,Seoul National University,2024,91.0,96.7,64400,Pharmacist,Diagnostics,Patient Care,Clinical Research,67,59.3,68,1,False,False,False,False,True,False,False,False,False,True,False,False,False,True,False,False,False,False
India,IIT Delhi,2019,93.3,99.1,17600,Machine Learning Engineer,R,NLP,Big Data,68,7.4,54,1,False,False,False,False,False,False,False,True,False,False,False,False,False,False,False,False,False,True
Saudi Arabia,King Abdulaziz University,2021,84.8,87.8,41600,Human Resources Specialist,Data Analysis,Communication,Public Policy,67,44.7,58,0,False,False,True,False,False,False,False,False,False,False,False,True,True,False,False,False,False,False
Mexico,UNAM,2018,84.8,88.7,22900,AI Consultant,Data Visualization,Deep Learning,R,64,19.8,70,0,False,True,False,False,False,False,False,True,False,False,False,False,False,False,False,False,False,True
Argentina,University of Buenos Aires,2023,82.3,87.1,15000,Sociologist,Communication,Qualitative Research,Data Analysis,63,76.1,81,0,False,True,False,False,True,False,False,False,False,False,False,True,True,False,False,False,False,False
Japan,University of Tokyo,2018,77.1,81.6,33100,Economist,Communication,Public Policy,Data Analysis,32,5.0,90,0,False,False,False,False,False,False,False,False,False,False,False,True,True,False,False,False,False,False
Sweden,Karolinska Institute,2024,80.0,86.2,69200,Sociologist,Communication,Public Policy,Data Analysis,71,90.0,86,0,True,False,False,False,True,False,False,False,False,False,False,True,True,False,False,False,False,False
France,PSL University,2023,86.5,88.3,77700,Software Engineer,Java,Cloud Computing,Python,88,62.4,48,0,True,False,False,False,True,False,True,False,False,False,False,False,False,False,False,False,True,False
South Africa,University of Cape Town,2022,77.6,86.0,37900,Environmental Scientist,Laboratory Skills,Experimental Design,Statistical Analysis,72,59.9,92,0,False,False,True,False,False,True,False,False,False,False,True,False,False,False,False,True,False,False
Mexico,UNAM,2019,85.7,93.7,22700,Software Engineer,SQL,DevOps,Python,83,5.0,67,1,False,True,False,False,False,False,True,False,False,False,False,False,False,False,False,False,True,False
Mexico,UNAM,2025,76.1,82.9,25800,Sociologist,Public Policy,Data Analysis,Communication,89,76.0,78,0,False,True,False,False,False,True,False,False,False,False,False,True,True,False,False,False,False,False
USA,MIT,2021,80.6,84.4,96600,Environmental Scientist,Statistical Analysis,Scientific Writing,Experimental Design,53,50.5,57,0,False,False,False,True,False,True,False,False,False,False,True,False,False,False,False,True,False,False
Mexico,UNAM,2024,91.0,95.5,35000,Biomedical Researcher,Clinical Research,Medical Coding,Diagnostics,58,74.2,81,1,False,True,False,False,True,False,False,False,False,True,False,False,False,True,False,False,False,False
France,PSL University,2017,75.1,80.3,50600,Mechanical Engineer,Lean Six Sigma,AutoCAD,SolidWorks,61,5.0,78,0,True,False,False,False,False,False,False,False,True,False,False,False,False,False,True,False,False,False
Mexico,UNAM,2018,94.1,97.6,23700,Cybersecurity Analyst,Cloud Computing,React,SQL,57,5.0,70,1,False,True,False,False,True,False,True,False,False,False,False,False,False,False,False,False,True,False
USA,Harvard,2025,88.5,94.8,149100,Biomedical Researcher,Patient Care,Diagnostics,Clinical Research,53,89.3,51,1,False,False,False,True,False,True,False,False,False,True,False,False,False,True,False,False,False,False
France,PSL University,2017,90.2,93.5,49300,Cloud Architect,SQL,Cloud Computing,Cybersecurity,70,15.0,61,1,True,False,False,False,False,False,True,False,False,False,False,False,False,False,False,False,True,False
South Korea,Seoul National University,2019,75.6,81.7,46900,Human Resources Specialist,Data Analysis,Qualitative Research,Communication,72,5.0,58,0,False,False,False,False,True,False,False,False,False,False,False,True,True,False,False,False,False,False
USA,UC Berkeley,2024,92.0,97.7,152200,Data Analyst,R,Machine Learning,Big Data,81,80.9,67,1,False,False,False,True,False,True,False,True,False,False,False,False,False,False,False,False,False,True
UAE,Khalifa University,2017,94.3,99.9,101100,AI Researcher,DevOps,Cybersecurity,SQL,69,7.6,63,1,False,False,True,False,False,True,True,False,False,False,False,False,False,False,False,False,True,False
Switzerland,EPFL,2022,80.9,86.5,125400,Environmental Scientist,Laboratory Skills,Statistical Analysis,Scientific Writing,84,68.7,65,0,True,False,False,False,False,True,False,False,False,False,True,False,False,False,False,True,False,False
Japan,University of Tokyo,2021,88.0,88.9,65800,NLP Specialist,NLP,Data Visualization,R,71,31.3,64,0,False,False,False,False,False,False,False,True,False,False,False,False,False,False,False,False,False,True
UAE,Khalifa University,2019,98.4,100.0,68500,Machine Learning Engineer,R,Machine Learning,Data Visualization,75,14.1,40,1,False,False,True,False,False,False,False,True,False,False,False,False,False,False,False,False,False,True
Israel,Hebrew University of Jerusalem,2023,83.9,85.9,70200,Robotics Engineer,MATLAB,SolidWorks,Lean Six Sigma,77,73.4,63,0,False,False,True,False,False,False,False,False,True,False,False,False,False,False,True,False,False,False
USA,Harvard,2019,94.4,99.7,112100,Mechanical Engineer,SolidWorks,Lean Six Sigma,AutoCAD,60,7.7,57,1,False,False,False,True,False,True,False,False,True,False,False,False,False,False,True,False,False,False
Saudi Arabia,King Abdulaziz University,2015,87.0,92.1,68600,Medical Doctor,Diagnostics,Clinical Research,Medical Coding,45,12.4,75,1,False,False,True,False,True,False,False,False,False,True,False,False,False,True,False,False,False,False
Brazil,University of São Paulo,2019,78.7,83.2,28200,Human Resources Specialist,Communication,Qualitative Research,Data Analysis,48,7.8,75,0,False,True,False,False,True,False,False,False,False,False,False,True,True,False,False,False,False,False
Netherlands,TU Delft,2024,76.6,83.4,82700,Electrical Engineer,Lean Six Sigma,Project Management,AutoCAD,81,84.1,98,0,True,False,False,False,True,False,False,False,True,False,False,False,False,False,True,False,False,False
Mexico,UNAM,2019,83.8,85.2,20300,Data Analyst,Big Data,NLP,Data Visualization,92,13.3,69,0,False,True,False,False,False,False,False,True,False,False,False,False,False,False,False,False,False,True
Argentina,University of Buenos Aires,2023,85.6,95.5,29700,AI Consultant,Big Data,Data Visualization,NLP,87,71.1,80,1,False,True,False,False,True,False,False,True,False,False,False,False,False,False,False,False,False,True
Sweden,KTH Royal Institute of Technology,2018,84.1,87.5,90900,Marketing Manager,Data Analysis,Financial Modeling,Strategic Planning,60,19.4,90,0,True,False,False,False,False,True,False,False,False,False,False,False,False,False,False,False,False,False
Mexico,UNAM,2017,88.7,91.7,34200,Software Engineer,Cybersecurity,SQL,Cloud Computing,72,10.3,86,1,False,True,False,False,True,False,True,False,False,False,False,False,False,False,False,False,True,False
Brazil,University of São Paulo,2017,87.6,92.3,8900,Policy Analyst,Data Analysis,Communication,Public Policy,49,5.0,45,1,False,True,False,False,False,False,False,False,False,False,False,True,True,False,False,False,False,False
Mexico,UNAM,2021,83.4,85.8,30900,Sociologist,Public Policy,Qualitative Research,Communication,49,46.6,95,0,False,True,False,False,False,True,False,False,False,False,False,True,True,False,False,False,False,False
Argentina,University of Buenos Aires,2018,85.5,90.0,27600,Data Scientist,React,SQL,Cloud Computing,73,5.0,69,0,False,True,False,False,False,True,True,False,False,False,False,False,False,False,False,False,True,False
Canada,University of Toronto,2016,86.5,95.2,64300,Policy Analyst,Data Analysis,Public Policy,Qualitative Research,63,8.7,53,1,False,False,False,True,False,True,False,False,False,False,False,True,True,False,False,False,False,False
Canada,University of Toronto,2020,91.5,96.6,100900,NLP Specialist,Data Visualization,Deep Learning,Big Data,79,42.0,67,1,False,False,False,True,True,False,False,True,False,False,False,False,False,False,False,False,False,True
Saudi Arabia,King Abdulaziz University,2024,87.3,92.2,61700,Data Scientist,SQL,DevOps,Cybersecurity,82,72.9,71,1,False,False,True,False,False,False,True,False,False,False,False,False,False,False,False,False,True,False
Argentina,University of Buenos Aires,2025,87.5,87.5,20000,Investment Banker,Excel,Data Analysis,Strategic Planning,80,90.0,40,0,False,True,False,False,False,False,False,False,False,False,False,False,False,False,False,False,False,False
Mexico,UNAM,2020,78.1,80.3,20300,Marketing Manager,Market Research,Excel,Data Analysis,52,28.9,96,0,False,True,False,False,False,False,False,False,False,False,False,False,False,False,False,False,False,False
South Korea,KAIST,2022,86.4,92.8,55200,Management Consultant,Financial Modeling,Strategic Planning,Data Analysis,52,54.8,77,1,False,False,False,False,False,False,False,False,False,False,False,False,False,False,False,False,False,False
South Africa,University of Cape Town,2025,83.6,88.1,22000,Physicist,Experimental Design,Statistical Analysis,Laboratory Skills,66,90.0,76,0,False,False,True,False,False,False,False,False,False,False,True,False,False,False,False,True,False,False
Israel,Hebrew University of Jerusalem,2020,95.8,98.6,69900,Public Health Specialist,Patient Care,Medical Coding,Clinical Research,66,45.9,65,1,False,False,True,False,False,False,False,False,False,True,False,False,False,True,False,False,False,False
Sweden,KTH Royal Institute of Technology,2015,76.7,83.6,61500,Sociologist,Communication,Qualitative Research,Public Policy,48,7.4,85,0,True,False,False,False,False,True,False,False,False,False,False,True,True,False,False,False,False,False
UK,Imperial College London,2021,74.2,76.1,52300,Sociologist,Qualitative Research,Public Policy,Communication,68,37.2,96,0,True,False,False,False,True,False,False,False,False,False,False,True,True,False,False,False,False,False
South Africa,University of Cape Town,2022,89.7,95.2,21700,Physicist,Scientific Writing,Experimental Design,Statistical Analysis,63,54.6,75,1,False,False,True,False,True,False,False,False,False,False,True,False,False,False,False,True,False,False
Brazil,University of São Paulo,2025,85.5,90.7,24400,Physicist,Experimental Design,Scientific Writing,Statistical Analysis,71,86.4,69,1,False,True,False,False,False,False,False,False,False,False,True,False,False,False,False,True,False,False
Brazil,University of São Paulo,2022,84.4,86.8,47000,Cloud Architect,Cloud Computing,React,SQL,91,61.7,67,0,False,True,False,False,False,True,True,False,False,False,False,False,False,False,False,False,True,False
Argentina,University of Buenos Aires,2018,81.7,85.7,12900,Economist,Data Analysis,Public Policy,Qualitative Research,48,11.0,55,0,False,True,False,False,False,False,False,False,False,False,False,True,True,False,False,False,False,False
Canada,UBC,2021,72.7,79.8,61400,Policy Analyst,Public Policy,Data Analysis,Communication,66,52.6,84,0,False,False,False,True,True,False,False,False,False,False,False,True,True,False,False,False,False,False
South Korea,Seoul National University,2023,85.1,86.4,58100,Electrical Engineer,Project Management,SolidWorks,Lean Six Sigma,53,63.8,70,0,False,False,False,False,False,False,False,False,True,False,False,False,False,False,True,False,False,False
Israel,Technion,2016,77.6,83.0,56800,Sociologist,Data Analysis,Communication,Qualitative Research,44,6.9,48,0,False,False,True,False,True,False,False,False,False,False,False,True,True,False,False,False,False,False
Canada,University of Toronto,2018,74.5,77.5,68800,Management Consultant,Excel,Financial Modeling,Market Research,66,5.3,100,0,False,False,False,True,True,False,False,False,False,False,False,False,False,False,False,False,False,False
South Africa,University of Cape Town,2018,92.2,95.5,41500,Data Analyst,Machine Learning,Data Visualization,NLP,83,7.1,71,1,False,False,True,False,True,False,False,True,False,False,False,False,False,False,False,False,False,True
UAE,Khalifa University,2017,80.8,88.1,81000,Civil Engineer,Lean Six Sigma,Project Management,AutoCAD,46,9.8,96,0,False,False,True,False,True,False,False,False,True,False,False,False,False,False,True,False,False,False
Saudi Arabia,King Abdulaziz University,2017,90.3,96.7,48800,Chemist,Laboratory Skills,Statistical Analysis,Experimental Design,48,13.2,84,1,False,False,True,False,True,False,False,False,False,False,True,False,False,False,False,True,False,False
South Africa,University of Cape Town,2015,72.1,75.7,21800,Economist,Qualitative Research,Public Policy,Data Analysis,47,9.6,79,0,False,False,True,False,False,False,False,False,False,False,False,True,True,False,False,False,False,False
South Africa,University of Cape Town,2015,83.3,89.1,29500,Machine Learning Engineer,Deep Learning,Data Visualization,Machine Learning,76,12.8,86,0,False,False,True,False,False,False,False,True,False,False,False,False,False,False,False,False,False,True
Mexico,UNAM,2016,95.3,100.0,38200,Medical Doctor,Diagnostics,Medical Coding,Clinical Research,35,12.1,73,1,False,True,False,False,False,True,False,False,False,True,False,False,False,True,False,False,False,False
South Africa,University of Cape Town,2015,86.6,89.5,43600,Software Engineer,DevOps,SQL,React,80,9.8,80,0,False,False,True,False,False,True,True,False,False,False,False,False,False,False,False,False,True,False
Argentina,University of Buenos Aires,2020,90.1,97.0,19300,Data Scientist,Cybersecurity,Java,Python,74,41.0,63,1,False,True,False,False,False,False,True,False,False,False,False,False,False,False,False,False,True,False
Australia,ANU,2020,91.5,96.9,112600,Pharmacist,Diagnostics,Medical Coding,Patient Care,55,52.6,56,1,False,False,False,False,False,True,False,False,False,True,False,False,False,True,False,False,False,False
Israel,Technion,2025,90.8,98.7,126800,Cybersecurity Analyst,React,Cybersecurity,Java,91,90.0,47,1,False,False,True,False,False,True,True,False,False,False,False,False,False,False,False,False,True,False
Brazil,University of São Paulo,2022,85.7,90.9,29400,Biologist,Experimental Design,Statistical Analysis,Laboratory Skills,74,54.8,91,1,False,True,False,False,True,False,False,False,False,False,True,False,False,False,False,True,False,False
Mexico,UNAM,2025,79.4,83.5,42000,Mechanical Engineer,SolidWorks,AutoCAD,Lean Six Sigma,84,90.0,62,0,False,True,False,False,True,False,False,False,True,False,False,False,False,False,True,False,False,False
Canada,University of Toronto,2020,81.6,83.9,71600,Sociologist,Qualitative Research,Communication,Public Policy,50,30.0,58,0,False,False,False,True,False,True,False,False,False,False,False,True,True,False,False,False,False,False
Canada,McGill University,2021,84.2,92.3,84700,Biologist,Laboratory Skills,Statistical Analysis,Scientific Writing,52,59.8,66,1,False,False,False,True,False,True,False,False,False,False,True,False,False,False,False,True,False,False
USA,Stanford,2018,86.4,89.1,110300,Management Consultant,Financial Modeling,Excel,Data Analysis,59,10.8,77,0,False,False,False,True,False,True,False,False,False,False,False,False,False,False,False,False,False,False
Canada,UBC,2021,92.3,96.0,54500,Physicist,Laboratory Skills,Scientific Writing,Statistical Analysis,56,43.8,61,1,False,False,False,True,False,False,False,False,False,False,True,False,False,False,False,True,False,False
France,Ecole Polytechnique,2015,97.2,100.0,63800,Machine Learning Engineer,Deep Learning,NLP,Data Visualization,64,5.8,77,1,True,False,False,False,True,False,False,True,False,False,False,False,False,False,False,False,False,True
Sweden,KTH Royal Institute of Technology,2023,83.2,88.6,44600,Human Resources Specialist,Qualitative Research,Data Analysis,Communication,50,85.5,96,0,True,False,False,False,False,False,False,False,False,False,False,True,True,False,False,False,False,False
India,IIT Delhi,2020,79.3,84.9,17300,Economist,Public Policy,Data Analysis,Communication,63,46.6,100,0,False,False,False,False,True,False,False,False,False,False,False,True,True,False,False,False,False,False
UAE,Khalifa University,2025,77.3,79.5,89400,Marketing Manager,Data Analysis,Market Research,Excel,62,89.7,96,0,False,False,True,False,True,False,False,False,False,False,False,False,False,False,False,False,False,False
Mexico,UNAM,2020,94.1,99.1,34100,Cloud Architect,DevOps,Python,Cloud Computing,91,65.3,62,1,False,True,False,False,False,True,True,False,False,False,False,False,False,False,False,False,True,False
Argentina,University of Buenos Aires,2021,85.2,91.6,15600,Civil Engineer,Lean Six Sigma,AutoCAD,SolidWorks,80,55.8,64,1,False,True,False,False,False,False,False,False,True,False,False,False,False,False,True,False,False,False
India,IIT Bombay,2020,96.8,100.0,34000,NLP Specialist,Machine Learning,NLP,Data Visualization,85,50.7,87,1,False,False,False,False,True,False,False,True,False,False,False,False,False,False,False,False,False,True
Germany,Heidelberg University,2018,86.2,90.9,76400,Policy Analyst,Communication,Public Policy,Qualitative Research,57,16.0,57,1,True,False,False,False,False,True,False,False,False,False,False,True,True,False,False,False,False,False
Brazil,University of São Paulo,2020,78.0,83.1,23000,Environmental Scientist,Experimental Design,Scientific Writing,Statistical Analysis,72,41.9,70,0,False,True,False,False,False,False,False,False,False,False,True,False,False,False,False,True,False,False
China,Peking University,2017,93.7,100.0,31100,Machine Learning Engineer,Big Data,Data Visualization,R,95,8.5,73,1,False,False,False,False,False,False,False,True,False,False,False,False,False,False,False,False,False,True
Brazil,University of São Paulo,2021,99.0,100.0,37200,Public Health Specialist,Clinical Research,Patient Care,Medical Coding,64,56.1,72,1,False,True,False,False,True,False,False,False,False,True,False,False,False,True,False,False,False,False
France,PSL University,2025,91.0,98.1,67100,Public Health Specialist,Clinical Research,Medical Coding,Diagnostics,59,90.0,59,1,True,False,False,False,False,False,False,False,False,True,False,False,False,True,False,False,False,False
Singapore,NUS,2017,82.4,86.3,72500,Cloud Architect,Cloud Computing,Java,React,77,17.8,69,0,False,False,False,False,False,False,True,False,False,False,False,False,False,False,False,False,True,False
Sweden,KTH Royal Institute of Technology,2025,89.4,91.5,53400,Biologist,Experimental Design,Statistical Analysis,Scientific Writing,48,90.0,62,1,True,False,False,False,False,False,False,False,False,False,True,False,False,False,False,True,False,False
India,IIT Delhi,2022,83.5,89.0,18200,Investment Banker,Excel,Market Research,Data Analysis,58,47.2,83,0,False,False,False,False,False,False,False,False,False,False,False,False,False,False,False,False,False,False
Australia,University of Melbourne,2022,80.8,89.4,90800,Management Consultant,Financial Modeling,Market Research,Strategic Planning,53,44.7,59,0,False,False,False,False,True,False,False,False,False,False,False,False,False,False,False,False,False,False
USA,Georgia Tech,2021,94.2,98.7,131100,Pharmacist,Diagnostics,Medical Coding,Clinical Research,65,37.5,91,1,False,False,False,True,False,True,False,False,False,True,False,False,False,True,False,False,False,False
Saudi Arabia,King Abdulaziz University,2023,88.6,94.3,95700,Investment Banker,Strategic Planning,Financial Modeling,Market Research,70,75.7,76,1,False,False,True,False,False,True,False,False,False,False,False,False,False,False,False,False,False,False
Singapore,NUS,2017,89.6,95.0,78600,Human Resources Specialist,Public Policy,Data Analysis,Qualitative Research,61,9.6,91,1,False,False,False,False,False,True,False,False,False,False,False,True,True,False,False,False,False,False
Saudi Arabia,King Abdulaziz University,2021,99.0,100.0,76700,AI Consultant,Data Visualization,R,Machine Learning,67,51.3,59,1,False,False,True,False,True,False,False,True,False,False,False,False,False,False,False,False,False,True
Canada,University of Toronto,2021,79.7,83.8,80100,Sociologist,Communication,Qualitative Research,Public Policy,43,45.5,40,0,False,False,False,True,False,True,False,False,False,False,False,True,True,False,False,False,False,False
USA,Harvard,2025,85.1,91.6,70600,Sociologist,Data Analysis,Public Policy,Communication,74,80.3,69,1,False,False,False,True,True,False,False,False,False,False,False,True,True,False,False,False,False,False
Israel,Hebrew University of Jerusalem,2025,74.2,82.2,56500,Sociologist,Public Policy,Communication,Qualitative Research,78,87.8,70,0,False,False,True,False,False,False,False,False,False,False,False,True,True,False,False,False,False,False
Canada,McGill University,2020,69.8,74.3,60700,Civil Engineer,SolidWorks,Project Management,AutoCAD,53,30.0,65,0,False,False,False,True,False,False,False,False,True,False,False,False,False,False,True,False,False,False
UK,Imperial College London,2023,93.2,97.1,78700,Biomedical Researcher,Clinical Research,Medical Coding,Patient Care,71,84.0,83,1,True,False,False,False,False,False,False,False,False,True,False,False,False,True,False,False,False,False
Israel,Technion,2024,76.8,83.2,71300,Robotics Engineer,Project Management,SolidWorks,AutoCAD,71,89.0,79,0,False,False,True,False,False,False,False,False,True,False,False,False,False,False,True,False,False,False
Singapore,NUS,2019,88.6,96.2,97100,Public Health Specialist,Diagnostics,Clinical Research,Medical Coding,59,20.4,59,1,False,False,False,False,True,False,False,False,False,True,False,False,False,True,False,False,False,False
Brazil,University of São Paulo,2022,94.0,97.7,56000,Pharmacist,Diagnostics,Patient Care,Medical Coding,59,56.8,76,1,False,True,False,False,False,True,False,False,False,True,False,False,False,True,False,False,False,False
Germany,Humboldt University,2019,77.1,82.1,52600,Biologist,Laboratory Skills,Scientific Writing,Statistical Analysis,79,18.6,76,0,True,False,False,False,False,False,False,False,False,False,True,False,False,False,False,True,False,False
UAE,Khalifa University,2017,91.9,98.1,74600,Data Scientist,Cloud Computing,DevOps,Cybersecurity,63,8.7,44,1,False,False,True,False,True,False,True,False,False,False,False,False,False,False,False,False,True,False
Brazil,University of São Paulo,2015,94.5,98.5,33300,AI Consultant,Data Visualization,Machine Learning,NLP,85,5.0,48,1,False,True,False,False,True,False,False,True,False,False,False,False,False,False,False,False,False,True
Netherlands,TU Delft,2015,86.5,94.9,61600,Electrical Engineer,MATLAB,AutoCAD,Lean Six Sigma,45,15.4,69,1,True,False,False,False,True,False,False,False,True,False,False,False,False,False,True,False,False,False
Germany,TU Munich,2022,85.7,92.0,67400,Environmental Scientist,Statistical Analysis,Scientific Writing,Experimental Design,48,74.8,90,1,True,False,False,False,True,False,False,False,False,False,True,False,False,False,False,True,False,False
UAE,Khalifa University,2018,92.0,98.0,63300,Machine Learning Engineer,Deep Learning,Big Data,Data Visualization,78,7.2,59,1,False,False,True,False,False,False,False,True,False,False,False,False,False,False,False,False,False,True
India,IIT Delhi,2018,95.9,100.0,21500,Cybersecurity Analyst,DevOps,React,Cybersecurity,72,13.9,40,1,False,False,False,False,False,False,True,False,False,False,False,False,False,False,False,False,True,False
USA,UC Berkeley,2015,84.3,88.6,115700,Public Health Specialist,Patient Care,Medical Coding,Clinical Research,38,5.0,87,0,False,False,False,True,False,True,False,False,False,True,False,False,False,True,False,False,False,False
Brazil,University of São Paulo,2021,91.7,96.6,26400,Public Health Specialist,Patient Care,Medical Coding,Clinical Research,66,50.8,50,1,False,True,False,False,False,False,False,False,False,True,False,False,False,True,False,False,False,False
USA,UC Berkeley,2025,88.8,90.7,115900,Software Engineer,DevOps,Cloud Computing,React,85,90.0,82,1,False,False,False,True,True,False,True,False,False,False,False,False,False,False,False,False,True,False
China,Peking University,2025,78.3,82.6,29700,Economist,Public Policy,Communication,Qualitative Research,90,90.0,76,0,False,False,False,False,False,False,False,False,False,False,False,True,True,False,False,False,False,False
Canada,UBC,2025,82.4,86.9,79800,Environmental Scientist,Statistical Analysis,Scientific Writing,Experimental Design,68,89.3,69,0,False,False,False,True,True,False,False,False,False,False,True,False,False,False,False,True,False,False
Germany,TU Munich,2022,83.3,89.7,91000,Physicist,Laboratory Skills,Statistical Analysis,Experimental Design,63,60.8,40,0,True,False,False,False,False,True,False,False,False,False,True,False,False,False,False,True,False,False
UK,Imperial College London,2021,93.0,100.0,86700,Biomedical Researcher,Diagnostics,Patient Care,Clinical Research,33,70.9,67,1,True,False,False,False,True,False,False,False,False,True,False,False,False,True,False,False,False,False
Japan,University of Tokyo,2019,87.8,94.0,95700,NLP Specialist,Machine Learning,R,Data Visualization,67,6.9,98,1,False,False,False,False,False,True,False,True,False,False,False,False,False,False,False,False,False,True
Mexico,UNAM,2022,81.1,87.8,22400,Marketing Manager,Excel,Market Research,Financial Modeling,68,61.5,75,0,False,True,False,False,False,False,False,False,False,False,False,False,False,False,False,False,False,False
Canada,UBC,2019,89.7,95.1,77800,Public Health Specialist,Medical Coding,Clinical Research,Diagnostics,68,15.5,87,1,False,False,False,True,False,False,False,False,False,True,False,False,False,True,False,False,False,False
Japan,Kyoto University,2021,77.3,85.6,65700,Sociologist,Qualitative Research,Communication,Data Analysis,50,53.0,58,0,False,False,False,False,False,True,False,False,False,False,False,True,True,False,False,False,False,False
Brazil,University of São Paulo,2019,84.6,90.3,39500,Marketing Manager,Financial Modeling,Market Research,Excel,62,18.1,76,0,False,True,False,False,False,True,False,False,False,False,False,False,False,False,False,False,False,False
Australia,ANU,2015,87.8,95.2,85900,Civil Engineer,Project Management,SolidWorks,AutoCAD,37,13.0,80,1,False,False,False,False,False,True,False,False,True,False,False,False,False,False,True,False,False,False
USA,Harvard,2024,88.1,92.8,101700,Marketing Manager,Financial Modeling,Strategic Planning,Excel,69,78.3,70,1,False,False,False,True,True,False,False,False,False,False,False,False,False,False,False,False,False,False
Japan,Kyoto University,2017,82.8,91.0,45600,Public Health Specialist,Medical Coding,Patient Care,Diagnostics,45,5.0,40,1,False,False,False,False,False,False,False,False,False,True,False,False,False,True,False,False,False,False
UK,Oxford,2022,76.4,84.7,92000,Mechanical Engineer,Lean Six Sigma,SolidWorks,MATLAB,74,53.1,100,0,True,False,False,False,False,True,False,False,True,False,False,False,False,False,True,False,False,False
Japan,Kyoto University,2019,88.4,88.4,59100,Biomedical Researcher,Diagnostics,Clinical Research,Medical Coding,80,5.0,45,0,False,False,False,False,False,False,False,False,False,True,False,False,False,True,False,False,False,False
Canada,University of Toronto,2016,95.2,100.0,93700,Investment Banker,Excel,Market Research,Data Analysis,57,13.0,82,1,False,False,False,True,False,True,False,False,False,False,False,False,False,False,False,False,False,False
South Africa,University of Cape Town,2025,81.4,86.6,28900,Policy Analyst,Qualitative Research,Data Analysis,Public Policy,69,82.5,65,0,False,False,True,False,False,False,False,False,False,False,False,True,True,False,False,False,False,False
Germany,TU Munich,2020,90.8,93.8,72800,Cybersecurity Analyst,Cybersecurity,SQL,Cloud Computing,68,41.8,90,1,True,False,False,False,True,False,True,False,False,False,False,False,False,False,False,False,True,False
Saudi Arabia,King Abdulaziz University,2021,82.1,85.2,68600,NLP Specialist,NLP,Data Visualization,Big Data,91,40.2,66,0,False,False,True,False,False,False,False,True,False,False,False,False,False,False,False,False,False,True
UAE,Khalifa University,2016,76.4,81.6,53900,Economist,Data Analysis,Qualitative Research,Communication,38,7.0,74,0,False,False,True,False,True,False,False,False,False,False,False,True,True,False,False,False,False,False
Saudi Arabia,King Abdulaziz University,2015,93.5,98.4,56500,Public Health Specialist,Clinical Research,Medical Coding,Diagnostics,55,11.1,90,1,False,False,True,False,True,False,False,False,False,True,False,False,False,True,False,False,False,False
Germany,Heidelberg University,2020,80.9,86.1,96000,Electrical Engineer,Lean Six Sigma,MATLAB,AutoCAD,65,40.5,70,0,True,False,False,False,False,True,False,False,True,False,False,False,False,False,True,False,False,False
Sweden,Karolinska Institute,2019,76.7,78.9,38600,Economist,Public Policy,Communication,Data Analysis,75,5.0,59,0,True,False,False,False,False,False,False,False,False,False,False,True,True,False,False,False,False,False
Sweden,Karolinska Institute,2015,97.5,100.0,80900,AI Researcher,Python,SQL,Cybersecurity,82,6.6,74,1,True,False,False,False,False,True,True,False,False,False,False,False,False,False,False,False,True,False
Switzerland,EPFL,2015,93.7,96.4,85600,Sociologist,Data Analysis,Communication,Qualitative Research,53,13.2,76,1,True,False,False,False,False,True,False,False,False,False,False,True,True,False,False,False,False,False
Brazil,University of São Paulo,2016,80.6,85.7,27600,Marketing Manager,Financial Modeling,Strategic Planning,Data Analysis,50,14.8,100,0,False,True,False,False,True,False,False,False,False,False,False,False,False,False,False,False,False,False
Mexico,UNAM,2017,84.4,89.2,24600,Public Health Specialist,Medical Coding,Diagnostics,Patient Care,79,6.0,94,0,False,True,False,False,True,False,False,False,False,True,False,False,False,True,False,False,False,False
Brazil,University of São Paulo,2016,90.2,96.4,48000,Medical Doctor,Medical Coding,Clinical Research,Patient Care,68,8.1,66,1,False,True,False,False,False,True,False,False,False,True,False,False,False,True,False,False,False,False
South Korea,Seoul National University,2015,84.9,88.6,40000,Cybersecurity Analyst,Cloud Computing,DevOps,Cybersecurity,57,10.2,58,0,False,False,False,False,False,False,True,False,False,False,False,False,False,False,False,False,True,False
Germany,Heidelberg University,2020,75.2,80.9,74900,Human Resources Specialist,Qualitative Research,Public Policy,Data Analysis,68,20.1,75,0,True,False,False,False,False,True,False,False,False,False,False,True,True,False,False,False,False,False
Mexico,UNAM,2021,84.0,92.3,29800,Data Scientist,Cybersecurity,DevOps,Java,86,42.9,69,1,False,True,False,False,False,False,True,False,False,False,False,False,False,False,False,False,True,False
South Africa,University of Cape Town,2022,90.4,96.5,38000,Machine Learning Engineer,Big Data,Data Visualization,R,74,61.7,48,1,False,False,True,False,False,False,False,True,False,False,False,False,False,False,False,False,False,True
Canada,University of Toronto,2020,76.7,80.3,57000,Human Resources Specialist,Data Analysis,Qualitative Research,Public Policy,72,50.9,79,0,False,False,False,True,True,False,False,False,False,False,False,True,True,False,False,False,False,False
USA,Harvard,2016,91.4,98.8,112400,AI Consultant,Data Visualization,Big Data,NLP,73,21.6,75,1,False,False,False,True,False,True,False,True,False,False,False,False,False,False,False,False,False,True
UAE,Khalifa University,2020,78.5,83.7,63300,Financial Analyst,Excel,Market Research,Financial Modeling,58,47.1,84,0,False,False,True,False,False,False,False,False,False,False,False,False,False,False,False,False,False,False
Israel,Technion,2017,83.3,84.7,59100,Cloud Architect,React,Cloud Computing,DevOps,79,5.0,40,0,False,False,True,False,False,False,True,False,False,False,False,False,False,False,False,False,True,False
Brazil,University of São Paulo,2020,99.0,100.0,36800,Public Health Specialist,Patient Care,Diagnostics,Medical Coding,68,40.8,68,1,False,True,False,False,True,False,False,False,False,True,False,False,False,True,False,False,False,False
Israel,Hebrew University of Jerusalem,2015,79.8,85.3,63400,Environmental Scientist,Scientific Writing,Statistical Analysis,Laboratory Skills,53,6.7,84,0,False,False,True,False,True,False,False,False,False,False,True,False,False,False,False,True,False,False
South Africa,University of Cape Town,2019,79.2,85.3,44700,Investment Banker,Market Research,Strategic Planning,Excel,49,10.1,69,0,False,False,True,False,False,True,False,False,False,False,False,False,False,False,False,False,False,False
Israel,Technion,2024,85.4,90.3,93300,Policy Analyst,Data Analysis,Public Policy,Communication,76,90.0,78,0,False,False,True,False,False,True,False,False,False,False,False,True,True,False,False,False,False,False
UAE,Khalifa University,2020,73.4,76.3,62400,Financial Analyst,Data Analysis,Strategic Planning,Market Research,56,33.9,67,0,False,False,True,False,False,False,False,False,False,False,False,False,False,False,False,False,False,False
Argentina,University of Buenos Aires,2015,85.6,90.5,19000,Sociologist,Qualitative Research,Communication,Public Policy,54,10.3,40,0,False,True,False,False,False,True,False,False,False,False,False,True,True,False,False,False,False,False
Argentina,University of Buenos Aires,2022,80.5,83.1,18600,Electrical Engineer,Lean Six Sigma,MATLAB,SolidWorks,69,75.3,88,0,False,True,False,False,True,False,False,False,True,False,False,False,False,False,True,False,False,False
Australia,University of Sydney,2019,87.5,92.8,60200,Electrical Engineer,Lean Six Sigma,MATLAB,AutoCAD,54,6.9,65,1,False,False,False,False,False,False,False,False,True,False,False,False,False,False,True,False,False,False
Singapore,NUS,2022,83.9,89.2,85500,Sociologist,Communication,Qualitative Research,Data Analysis,64,64.4,87,0,False,False,False,False,False,True,False,False,False,False,False,True,True,False,False,False,False,False
China,Fudan University,2021,85.6,85.6,70400,Public Health Specialist,Diagnostics,Patient Care,Clinical Research,71,36.3,66,0,False,False,False,False,False,True,False,False,False,True,False,False,False,True,False,False,False,False
Canada,UBC,2022,81.0,87.1,68900,Data Analyst,NLP,R,Data Visualization,91,54.2,40,0,False,False,False,True,False,False,False,True,False,False,False,False,False,False,False,False,False,True
Switzerland,EPFL,2019,85.0,87.0,98300,Economist,Qualitative Research,Public Policy,Communication,59,9.9,78,0,True,False,False,False,False,True,False,False,False,False,False,True,True,False,False,False,False,False
USA,Stanford,2021,85.1,92.5,79400,Software Engineer,Cloud Computing,React,DevOps,80,49.7,56,1,False,False,False,True,False,False,True,False,False,False,False,False,False,False,False,False,True,False
UK,Cambridge,2022,76.8,81.5,55300,Sociologist,Data Analysis,Communication,Public Policy,81,46.3,45,0,True,False,False,False,True,False,False,False,False,False,False,True,True,False,False,False,False,False
Japan,University of Tokyo,2024,79.0,82.6,50100,Economist,Qualitative Research,Communication,Public Policy,78,73.9,97,0,False,False,False,False,False,False,False,False,False,False,False,True,True,False,False,False,False,False
Brazil,University of São Paulo,2022,78.8,88.1,31500,Physicist,Statistical Analysis,Scientific Writing,Experimental Design,57,67.4,74,0,False,True,False,False,True,False,False,False,False,False,True,False,False,False,False,True,False,False
Canada,UBC,2020,99.0,100.0,110600,Cloud Architect,Cloud Computing,DevOps,Cybersecurity,72,44.6,59,1,False,False,False,True,False,True,True,False,False,False,False,False,False,False,False,False,True,False
Brazil,University of São Paulo,2016,81.9,86.2,37300,Robotics Engineer,MATLAB,Project Management,Lean Six Sigma,53,5.0,55,0,False,True,False,False,True,False,False,False,True,False,False,False,False,False,True,False,False,False
Singapore,NUS,2020,76.7,79.6,57500,Economist,Communication,Data Analysis,Public Policy,65,51.9,80,0,False,False,False,False,False,False,False,False,False,False,False,True,True,False,False,False,False,False
Israel,Hebrew University of Jerusalem,2016,89.2,91.4,111000,Data Analyst,Data Visualization,Machine Learning,Deep Learning,87,8.4,66,1,False,False,True,False,False,True,False,True,False,False,False,False,False,False,False,False,False,True
Mexico,UNAM,2021,92.8,98.7,32300,AI Consultant,Deep Learning,Data Visualization,R,100,43.6,83,1,False,True,False,False,False,False,False,True,False,False,False,False,False,False,False,False,False,True
Australia,ANU,2019,94.3,100.0,107300,Software Engineer,React,Cloud Computing,Java,83,12.7,86,1,False,False,False,False,False,True,True,False,False,False,False,False,False,False,False,False,True,False
Canada,McGill University,2025,75.8,78.7,70400,Investment Banker,Market Research,Excel,Data Analysis,50,90.0,53,0,False,False,False,True,False,False,False,False,False,False,False,False,False,False,False,False,False,False
Japan,University of Tokyo,2022,78.6,84.2,51000,Electrical Engineer,Project Management,SolidWorks,MATLAB,72,68.6,61,0,False,False,False,False,False,False,False,False,True,False,False,False,False,False,True,False,False,False
Argentina,University of Buenos Aires,2025,84.4,88.9,27300,Environmental Scientist,Statistical Analysis,Laboratory Skills,Scientific Writing,86,90.0,81,0,False,True,False,False,False,True,False,False,False,False,True,False,False,False,False,True,False,False
South Africa,University of Cape Town,2015,98.9,100.0,45600,Data Scientist,SQL,Cybersecurity,React,57,12.0,60,1,False,False,True,False,False,True,True,False,False,False,False,False,False,False,False,False,True,False
Saudi Arabia,King Abdulaziz University,2023,84.2,91.7,59400,Environmental Scientist,Experimental Design,Laboratory Skills,Scientific Writing,66,73.1,95,1,False,False,True,False,True,False,False,False,False,False,True,False,False,False,False,True,False,False
Canada,University of Toronto,2023,94.3,100.0,82600,Mechanical Engineer,SolidWorks,Lean Six Sigma,MATLAB,48,77.5,75,1,False,False,False,True,True,False,False,False,True,False,False,False,False,False,True,False,False,False
Israel,Hebrew University of Jerusalem,2021,96.4,100.0,119900,Cloud Architect,Cloud Computing,Python,Java,69,47.9,57,1,False,False,True,False,False,True,True,False,False,False,False,False,False,False,False,False,True,False
USA,UC Berkeley,2016,84.2,92.5,57300,Policy Analyst,Public Policy,Data Analysis,Qualitative Research,55,5.0,76,1,False,False,False,True,True,False,False,False,False,False,False,True,True,False,False,False,False,False
South Korea,Seoul National University,2025,77.0,81.7,51600,Environmental Scientist,Experimental Design,Statistical Analysis,Scientific Writing,70,82.2,79,0,False,False,False,False,False,False,False,False,False,False,True,False,False,False,False,True,False,False
Mexico,UNAM,2023,85.1,88.3,27800,Policy Analyst,Qualitative Research,Communication,Data Analysis,61,77.2,64,0,False,True,False,False,False,True,False,False,False,False,False,True,True,False,False,False,False,False
Switzerland,EPFL,2018,81.0,86.5,135600,Robotics Engineer,AutoCAD,Lean Six Sigma,Project Management,65,5.0,43,0,True,False,False,False,False,True,False,False,True,False,False,False,False,False,True,False,False,False
Israel,Hebrew University of Jerusalem,2022,86.3,90.2,59300,Civil Engineer,MATLAB,Project Management,SolidWorks,89,54.4,72,0,False,False,True,False,False,False,False,False,True,False,False,False,False,False,True,False,False,False
USA,UC Berkeley,2015,93.0,100.0,91300,Physicist,Statistical Analysis,Laboratory Skills,Scientific Writing,62,15.1,78,1,False,False,False,True,False,True,False,False,False,False,True,False,False,False,False,True,False,False
UAE,Khalifa University,2015,80.2,83.6,67500,Human Resources Specialist,Qualitative Research,Communication,Public Policy,49,9.1,63,0,False,False,True,False,False,True,False,False,False,False,False,True,True,False,False,False,False,False
Brazil,University of São Paulo,2023,84.8,90.0,30300,Electrical Engineer,MATLAB,Project Management,Lean Six Sigma,80,58.6,67,0,False,True,False,False,False,False,False,False,True,False,False,False,False,False,True,False,False,False
South Africa,University of Cape Town,2025,71.9,76.8,37100,Electrical Engineer,Lean Six Sigma,Project Management,SolidWorks,68,90.0,79,0,False,False,True,False,True,False,False,False,True,False,False,False,False,False,True,False,False,False
China,Fudan University,2017,92.3,99.7,34600,Policy Analyst,Data Analysis,Communication,Qualitative Research,59,8.9,55,1,False,False,False,False,False,True,False,False,False,False,False,True,True,False,False,False,False,False
Singapore,NTU,2021,98.4,100.0,127900,NLP Specialist,Data Visualization,Deep Learning,R,97,45.1,53,1,False,False,False,False,False,True,False,True,False,False,False,False,False,False,False,False,False,True
Switzerland,EPFL,2018,71.2,76.8,69200,Environmental Scientist,Scientific Writing,Experimental Design,Laboratory Skills,54,7.7,46,0,True,False,False,False,False,False,False,False,False,False,True,False,False,False,False,True,False,False
Canada,McGill University,2017,90.3,93.0,101800,Biomedical Researcher,Diagnostics,Clinical Research,Patient Care,30,9.9,96,1,False,False,False,True,False,True,False,False,False,True,False,False,False,True,False,False,False,False
Singapore,NUS,2020,79.0,82.8,80200,Physicist,Laboratory Skills,Scientific Writing,Experimental Design,64,30.0,74,0,False,False,False,False,True,False,False,False,False,False,True,False,False,False,False,True,False,False
South Korea,Seoul National University,2024,86.1,90.9,55100,Civil Engineer,Lean Six Sigma,Project Management,SolidWorks,65,71.2,57,1,False,False,False,False,False,False,False,False,True,False,False,False,False,False,True,False,False,False
Japan,University of Tokyo,2016,81.8,88.7,42500,Civil Engineer,SolidWorks,Project Management,MATLAB,43,17.5,65,0,False,False,False,False,False,False,False,False,True,False,False,False,False,False,True,False,False,False
Brazil,University of São Paulo,2022,77.5,77.7,33900,Management Consultant,Market Research,Excel,Strategic Planning,72,67.4,65,0,False,True,False,False,True,False,False,False,False,False,False,False,False,False,False,False,False,False
Australia,University of Sydney,2022,93.8,95.7,91700,AI Researcher,SQL,Cloud Computing,Java,78,67.9,51,1,False,False,False,False,True,False,True,False,False,False,False,False,False,False,False,False,True,False
South Korea,Seoul National University,2018,76.2,82.1,60800,Environmental Scientist,Statistical Analysis,Laboratory Skills,Experimental Design,55,5.0,87,0,False,False,False,False,False,True,False,False,False,False,True,False,False,False,False,True,False,False
India,IIT Bombay,2021,77.2,82.6,23400,Electrical Engineer,Lean Six Sigma,Project Management,SolidWorks,73,39.8,70,0,False,False,False,False,True,False,False,False,True,False,False,False,False,False,True,False,False,False
South Korea,KAIST,2020,84.7,90.1,59100,Robotics Engineer,Project Management,Lean Six Sigma,MATLAB,56,31.7,71,0,False,False,False,False,True,False,False,False,True,False,False,False,False,False,True,False,False,False
Switzerland,ETH Zurich,2016,78.4,84.3,125200,Software Engineer,SQL,React,Python,81,5.0,54,0,True,False,False,False,False,True,True,False,False,False,False,False,False,False,False,False,True,False
Brazil,University of São Paulo,2017,90.3,95.3,20500,Sociologist,Public Policy,Data Analysis,Qualitative Research,46,9.1,90,1,False,True,False,False,False,False,False,False,False,False,False,True,True,False,False,False,False,False
Canada,UBC,2015,87.3,91.3,66900,Software Engineer,Cybersecurity,SQL,DevOps,60,10.6,94,1,False,False,False,True,True,False,True,False,False,False,False,False,False,False,False,False,True,False
Canada,UBC,2023,90.0,94.4,90400,Data Scientist,SQL,React,DevOps,70,78.8,68,1,False,False,False,True,True,False,True,False,False,False,False,False,False,False,False,False,True,False
USA,Georgia Tech,2018,96.0,100.0,65200,Electrical Engineer,Lean Six Sigma,MATLAB,Project Management,48,7.9,87,1,False,False,False,True,False,False,False,False,True,False,False,False,False,False,True,False,False,False
Brazil,University of São Paulo,2024,74.1,80.9,36700,Investment Banker,Strategic Planning,Market Research,Data Analysis,61,90.0,86,0,False,True,False,False,True,False,False,False,False,False,False,False,False,False,False,False,False,False
USA,UC Berkeley,2023,87.7,92.8,97900,Investment Banker,Data Analysis,Financial Modeling,Excel,74,74.8,57,1,False,False,False,True,True,False,False,False,False,False,False,False,False,False,False,False,False,False
UK,LSE,2020,86.4,90.7,51000,Economist,Public Policy,Communication,Data Analysis,55,30.4,76,1,True,False,False,False,True,False,False,False,False,False,False,True,True,False,False,False,False,False
Sweden,Karolinska Institute,2016,85.9,91.0,78300,Cloud Architect,React,Cloud Computing,Cybersecurity,86,9.6,76,1,True,False,False,False,True,False,True,False,False,False,False,False,False,False,False,False,True,False
USA,Harvard,2024,82.1,86.8,73600,Electrical Engineer,Project Management,SolidWorks,AutoCAD,77,90.0,100,0,False,False,False,True,False,False,False,False,True,False,False,False,False,False,True,False,False,False
Switzerland,ETH Zurich,2021,84.6,90.0,122700,Physicist,Scientific Writing,Statistical Analysis,Laboratory Skills,58,53.4,65,0,True,False,False,False,False,True,False,False,False,False,True,False,False,False,False,True,False,False
South Africa,University of Cape Town,2018,86.6,89.6,28500,Marketing Manager,Financial Modeling,Excel,Data Analysis,67,16.6,68,0,False,False,True,False,False,False,False,False,False,False,False,False,False,False,False,False,False,False
China,Fudan University,2022,78.2,85.8,29600,Environmental Scientist,Experimental Design,Laboratory Skills,Statistical Analysis,63,50.0,62,0,False,False,False,False,True,False,False,False,False,False,True,False,False,False,False,True,False,False
Brazil,University of São Paulo,2024,82.7,87.3,28100,Physicist,Scientific Writing,Laboratory Skills,Experimental Design,64,76.1,56,0,False,True,False,False,False,False,False,False,False,False,True,False,False,False,False,True,False,False
India,IIT Delhi,2025,81.4,88.8,41800,Biologist,Statistical Analysis,Scientific Writing,Experimental Design,85,90.0,63,0,False,False,False,False,False,True,False,False,False,False,True,False,False,False,False,True,False,False
China,Tsinghua University,2022,89.9,93.1,46000,Data Analyst,R,NLP,Machine Learning,87,48.2,87,1,False,False,False,False,False,False,False,True,False,False,False,False,False,False,False,False,False,True
USA,UC Berkeley,2023,92.3,97.8,106500,Medical Doctor,Diagnostics,Clinical Research,Medical Coding,63,75.9,62,1,False,False,False,True,True,False,False,False,False,True,False,False,False,True,False,False,False,False
Australia,University of Melbourne,2020,86.3,91.5,119100,Pharmacist,Diagnostics,Clinical Research,Patient Care,79,30.0,59,1,False,False,False,False,False,True,False,False,False,True,False,False,False,True,False,False,False,False
Brazil,University of São Paulo,2017,93.9,99.6,43400,Public Health Specialist,Diagnostics,Clinical Research,Medical Coding,58,13.2,86,1,False,True,False,False,False,True,False,False,False,True,False,False,False,True,False,False,False,False
Japan,Kyoto University,2017,88.8,95.1,51100,AI Researcher,DevOps,Cloud Computing,SQL,92,9.3,55,1,False,False,False,False,False,False,True,False,False,False,False,False,False,False,False,False,True,False
Brazil,University of São Paulo,2025,80.6,81.3,41100,Mechanical Engineer,SolidWorks,Project Management,Lean Six Sigma,78,84.6,68,0,False,True,False,False,True,False,False,False,True,False,False,False,False,False,True,False,False,False
France,PSL University,2024,92.2,98.6,89100,AI Consultant,Data Visualization,R,NLP,83,85.1,66,1,True,False,False,False,True,False,False,True,False,False,False,False,False,False,False,False,False,True
Argentina,University of Buenos Aires,2024,94.3,97.5,32800,AI Consultant,NLP,Deep Learning,Data Visualization,98,74.6,82,1,False,True,False,False,True,False,False,True,False,False,False,False,False,False,False,False,False,True
Netherlands,University of Amsterdam,2025,90.4,95.0,64700,Sociologist,Data Analysis,Communication,Public Policy,66,89.8,65,1,True,False,False,False,True,False,False,False,False,False,False,True,True,False,False,False,False,False
Mexico,UNAM,2024,83.2,86.1,36300,Data Scientist,Java,Cybersecurity,React,77,89.5,95,0,False,True,False,False,True,False,True,False,False,False,False,False,False,False,False,False,True,False
UAE,Khalifa University,2022,82.2,87.3,100700,Robotics Engineer,MATLAB,AutoCAD,Project Management,75,50.7,73,0,False,False,True,False,False,True,False,False,True,False,False,False,False,False,True,False,False,False
Sweden,Karolinska Institute,2025,92.5,97.9,81700,Machine Learning Engineer,Deep Learning,Data Visualization,Big Data,100,63.0,80,1,True,False,False,False,False,False,False,True,False,False,False,False,False,False,False,False,False,True
Argentina,University of Buenos Aires,2023,73.8,79.9,28800,Investment Banker,Market Research,Data Analysis,Excel,79,68.6,84,0,False,True,False,False,False,True,False,False,False,False,False,False,False,False,False,False,False,False
Singapore,NUS,2018,86.6,94.9,62300,Environmental Scientist,Scientific Writing,Laboratory Skills,Experimental Design,63,10.4,45,1,False,False,False,False,False,False,False,False,False,False,True,False,False,False,False,True,False,False
South Korea,Seoul National University,2019,85.8,95.1,47100,Cloud Architect,Java,Cybersecurity,React,76,10.6,78,1,False,False,False,False,False,False,True,False,False,False,False,False,False,False,False,False,True,False
Saudi Arabia,King Abdulaziz University,2022,89.7,93.5,73100,Investment Banker,Market Research,Strategic Planning,Data Analysis,65,52.6,50,1,False,False,True,False,True,False,False,False,False,False,False,False,False,False,False,False,False,False
Brazil,University of São Paulo,2016,91.1,95.2,26700,AI Researcher,SQL,React,Java,65,5.0,68,1,False,True,False,False,True,False,True,False,False,False,False,False,False,False,False,False,True,False
Japan,Kyoto University,2022,93.8,99.0,51700,Pharmacist,Medical Coding,Patient Care,Clinical Research,49,56.9,58,1,False,False,False,False,False,False,False,False,False,True,False,False,False,True,False,False,False,False
Mexico,UNAM,2016,98.0,99.2,27100,Data Scientist,Python,Cloud Computing,SQL,73,9.2,80,1,False,True,False,False,True,False,True,False,False,False,False,False,False,False,False,False,True,False
Switzerland,ETH Zurich,2020,79.2,83.6,135700,Civil Engineer,Lean Six Sigma,SolidWorks,Project Management,52,50.8,70,0,True,False,False,False,False,True,False,False,True,False,False,False,False,False,True,False,False,False
Argentina,University of Buenos Aires,2025,79.7,83.3,25200,Economist,Data Analysis,Qualitative Research,Public Policy,54,72.0,46,0,False,True,False,False,False,False,False,False,False,False,False,True,True,False,False,False,False,False
Argentina,University of Buenos Aires,2018,93.8,95.6,23900,Cloud Architect,Java,Cloud Computing,Python,84,7.6,72,1,False,True,False,False,True,False,True,False,False,False,False,False,False,False,False,False,True,False
USA,Harvard,2022,85.7,90.2,101100,Robotics Engineer,AutoCAD,MATLAB,SolidWorks,55,38.5,59,0,False,False,False,True,True,False,False,False,True,False,False,False,False,False,True,False,False,False
South Africa,University of Cape Town,2024,78.1,82.8,51800,Marketing Manager,Financial Modeling,Excel,Strategic Planning,68,77.8,60,0,False,False,True,False,False,True,False,False,False,False,False,False,False,False,False,False,False,False
Saudi Arabia,King Abdulaziz University,2016,95.2,98.0,85800,Biomedical Researcher,Patient Care,Diagnostics,Clinical Research,66,9.5,70,1,False,False,True,False,False,True,False,False,False,True,False,False,False,True,False,False,False,False
China,Tsinghua University,2017,82.4,89.3,34500,Human Resources Specialist,Data Analysis,Qualitative Research,Public Policy,56,6.9,75,0,False,False,False,False,True,False,False,False,False,False,False,True,True,False,False,False,False,False
Brazil,University of São Paulo,2025,93.5,98.5,46000,Pharmacist,Patient Care,Medical Coding,Clinical Research,67,88.7,41,1,False,True,False,False,False,True,False,False,False,True,False,False,False,True,False,False,False,False
India,IIT Bombay,2022,81.7,87.0,21400,Environmental Scientist,Laboratory Skills,Statistical Analysis,Experimental Design,53,72.7,57,0,False,False,False,False,True,False,False,False,False,False,True,False,False,False,False,True,False,False
Germany,Heidelberg University,2025,95.1,98.8,130500,Pharmacist,Diagnostics,Patient Care,Medical Coding,87,78.1,83,1,True,False,False,False,False,True,False,False,False,True,False,False,False,True,False,False,False,False
Mexico,UNAM,2015,86.6,94.4,25600,Public Health Specialist,Patient Care,Diagnostics,Clinical Research,47,11.4,73,1,False,True,False,False,False,False,False,False,False,True,False,False,False,True,False,False,False,False
Switzerland,EPFL,2022,84.1,90.6,76400,Physicist,Experimental Design,Scientific Writing,Laboratory Skills,46,73.0,45,0,True,False,False,False,False,False,False,False,False,False,True,False,False,False,False,True,False,False
Australia,University of Sydney,2015,88.6,91.5,80400,Environmental Scientist,Experimental Design,Scientific Writing,Laboratory Skills,45,5.0,66,1,False,False,False,False,False,True,False,False,False,False,True,False,False,False,False,True,False,False
USA,Harvard,2019,83.9,91.5,69600,Investment Banker,Excel,Financial Modeling,Strategic Planning,71,7.2,66,1,False,False,False,True,False,False,False,False,False,False,False,False,False,False,False,False,False,False
Germany,Humboldt University,2020,79.0,85.9,65300,Economist,Data Analysis,Public Policy,Communication,76,27.7,61,0,True,False,False,False,False,True,False,False,False,False,False,True,True,False,False,False,False,False
UK,Imperial College London,2024,94.4,97.8,119300,AI Consultant,Big Data,Deep Learning,R,92,75.3,69,1,True,False,False,False,False,True,False,True,False,False,False,False,False,False,False,False,False,True
Australia,University of Sydney,2016,83.0,87.2,72100,Sociologist,Qualitative Research,Data Analysis,Public Policy,50,9.6,64,0,False,False,False,False,False,True,False,False,False,False,False,True,True,False,False,False,False,False
Sweden,KTH Royal Institute of Technology,2020,88.0,94.1,54800,Civil Engineer,Project Management,SolidWorks,Lean Six Sigma,57,47.0,64,1,True,False,False,False,False,False,False,False,True,False,False,False,False,False,True,False,False,False
South Africa,University of Cape Town,2016,83.1,87.9,38400,Management Consultant,Financial Modeling,Data Analysis,Excel,56,5.0,53,0,False,False,True,False,True,False,False,False,False,False,False,False,False,False,False,False,False,False
South Korea,KAIST,2015,92.0,100.0,49900,Public Health Specialist,Clinical Research,Medical Coding,Patient Care,72,13.2,77,1,False,False,False,False,True,False,False,False,False,True,False,False,False,True,False,False,False,False
Canada,University of Toronto,2018,78.5,82.0,51700,Biologist,Experimental Design,Statistical Analysis,Scientific Writing,49,9.2,62,0,False,False,False,True,True,False,False,False,False,False,True,False,False,False,False,True,False,False
Australia,ANU,2022,93.7,96.6,66200,Medical Doctor,Medical Coding,Diagnostics,Clinical Research,66,80.7,56,1,False,False,False,False,False,False,False,False,False,True,False,False,False,True,False,False,False,False
Canada,University of Toronto,2017,78.6,85.8,34500,Environmental Scientist,Experimental Design,Statistical Analysis,Laboratory Skills,73,5.0,77,0,False,False,False,True,False,False,False,False,False,False,True,False,False,False,False,True,False,False
Sweden,KTH Royal Institute of Technology,2017,92.5,100.0,94800,AI Consultant,R,Machine Learning,NLP,58,11.3,77,1,True,False,False,False,False,True,False,True,False,False,False,False,False,False,False,False,False,True
Canada,UBC,2015,83.5,89.1,87700,Civil Engineer,SolidWorks,MATLAB,Lean Six Sigma,46,11.3,64,0,False,False,False,True,False,True,False,False,True,False,False,False,False,False,True,False,False,False
Argentina,University of Buenos Aires,2015,91.2,96.9,29500,Data Scientist,Java,DevOps,Python,69,15.6,69,1,False,True,False,False,False,True,True,False,False,False,False,False,False,False,False,False,True,False
Saudi Arabia,King Abdulaziz University,2020,96.3,99.5,48500,Data Scientist,SQL,Python,DevOps,73,34.0,90,1,False,False,True,False,False,False,True,False,False,False,False,False,False,False,False,False,True,False
Brazil,University of São Paulo,2016,99.0,100.0,19100,AI Researcher,Python,Cloud Computing,React,74,9.7,74,1,False,True,False,False,True,False,True,False,False,False,False,False,False,False,False,False,True,False
Netherlands,TU Delft,2017,86.2,92.3,66100,Economist,Public Policy,Communication,Data Analysis,54,9.0,67,1,True,False,False,False,False,True,False,False,False,False,False,True,True,False,False,False,False,False
Mexico,UNAM,2017,88.7,94.9,22800,Economist,Data Analysis,Communication,Qualitative Research,30,13.3,72,1,False,True,False,False,False,True,False,False,False,False,False,True,True,False,False,False,False,False
USA,Stanford,2021,88.1,95.3,82000,Biomedical Researcher,Medical Coding,Patient Care,Diagnostics,71,42.3,76,1,False,False,False,True,False,False,False,False,False,True,False,False,False,True,False,False,False,False
France,PSL University,2024,83.1,86.8,62400,Public Health Specialist,Medical Coding,Diagnostics,Clinical Research,76,89.5,77,0,True,False,False,False,False,False,False,False,False,True,False,False,False,True,False,False,False,False
Switzerland,ETH Zurich,2019,85.6,89.3,140300,Marketing Manager,Financial Modeling,Strategic Planning,Data Analysis,62,14.0,81,0,True,False,False,False,False,True,False,False,False,False,False,False,False,False,False,False,False,False
USA,UC Berkeley,2016,96.5,100.0,119200,Biomedical Researcher,Clinical Research,Patient Care,Medical Coding,62,9.9,56,1,False,False,False,True,False,True,False,False,False,True,False,False,False,True,False,False,False,False
Argentina,University of Buenos Aires,2025,87.5,91.2,28100,Medical Doctor,Patient Care,Diagnostics,Clinical Research,68,82.1,65,1,False,True,False,False,True,False,False,False,False,True,False,False,False,True,False,False,False,False
UAE,Khalifa University,2015,82.3,87.3,54800,Electrical Engineer,AutoCAD,SolidWorks,MATLAB,41,13.3,84,0,False,False,True,False,True,False,False,False,True,False,False,False,False,False,True,False,False,False
Israel,Hebrew University of Jerusalem,2016,79.2,82.6,85800,Investment Banker,Market Research,Strategic Planning,Data Analysis,42,14.1,67,0,False,False,True,False,False,True,False,False,False,False,False,False,False,False,False,False,False,False
China,Fudan University,2017,70.0,76.3,26400,Biologist,Scientific Writing,Statistical Analysis,Laboratory Skills,41,10.3,74,0,False,False,False,False,False,False,False,False,False,False,True,False,False,False,False,True,False,False
Argentina,University of Buenos Aires,2016,73.5,73.5,22400,Mechanical Engineer,SolidWorks,AutoCAD,Project Management,53,19.0,88,0,False,True,False,False,False,False,False,False,True,False,False,False,False,False,True,False,False,False
Singapore,NUS,2017,87.5,94.2,67600,Cybersecurity Analyst,React,Python,Java,64,12.4,77,1,False,False,False,False,False,False,True,False,False,False,False,False,False,False,False,False,True,False
Australia,ANU,2017,99.0,100.0,114500,Machine Learning Engineer,R,Deep Learning,NLP,68,9.9,43,1,False,False,False,False,False,True,False,True,False,False,False,False,False,False,False,False,False,True
Canada,McGill University,2016,89.2,93.2,71800,Pharmacist,Medical Coding,Diagnostics,Clinical Research,53,5.9,86,1,False,False,False,True,True,False,False,False,False,True,False,False,False,True,False,False,False,False
Argentina,University of Buenos Aires,2024,80.0,84.3,20600,Management Consultant,Strategic Planning,Excel,Financial Modeling,69,88.3,56,0,False,True,False,False,False,False,False,False,False,False,False,False,False,False,False,False,False,False
USA,Stanford,2015,91.5,93.8,106700,Medical Doctor,Clinical Research,Diagnostics,Medical Coding,41,7.6,83,1,False,False,False,True,False,True,False,False,False,True,False,False,False,True,False,False,False,False
Mexico,UNAM,2015,81.0,87.7,19500,Electrical Engineer,Lean Six Sigma,SolidWorks,AutoCAD,48,12.0,68,0,False,True,False,False,False,False,False,False,True,False,False,False,False,False,True,False,False,False
Netherlands,University of Amsterdam,2016,78.3,78.5,55100,Chemist,Scientific Writing,Laboratory Skills,Experimental Design,50,17.1,83,0,True,False,False,False,True,False,False,False,False,False,True,False,False,False,False,True,False,False
Switzerland,ETH Zurich,2022,97.4,100.0,126600,AI Researcher,SQL,Cloud Computing,React,85,53.8,65,1,True,False,False,False,True,False,True,False,False,False,False,False,False,False,False,False,True,False
Canada,University of Toronto,2019,87.3,92.0,75400,Civil Engineer,Lean Six Sigma,MATLAB,SolidWorks,53,10.0,79,1,False,False,False,True,True,False,False,False,True,False,False,False,False,False,True,False,False,False
Mexico,UNAM,2023,68.5,72.4,10500,Human Resources Specialist,Qualitative Research,Public Policy,Communication,53,64.9,67,0,False,True,False,False,False,False,False,False,False,False,False,True,True,False,False,False,False,False
USA,Georgia Tech,2015,88.5,94.2,56200,Sociologist,Communication,Public Policy,Qualitative Research,53,13.1,52,1,False,False,False,True,True,False,False,False,False,False,False,True,True,False,False,False,False,False
USA,Georgia Tech,2022,79.6,86.0,83000,Management Consultant,Financial Modeling,Strategic Planning,Excel,53,44.5,82,0,False,False,False,True,False,False,False,False,False,False,False,False,False,False,False,False,False,False
USA,Stanford,2020,78.5,81.8,119200,Investment Banker,Data Analysis,Financial Modeling,Excel,71,28.1,94,0,False,False,False,True,False,True,False,False,False,False,False,False,False,False,False,False,False,False
Saudi Arabia,King Abdulaziz University,2024,93.2,97.5,62800,Biomedical Researcher,Clinical Research,Patient Care,Diagnostics,74,74.6,67,1,False,False,True,False,False,False,False,False,False,True,False,False,False,True,False,False,False,False
Japan,Kyoto University,2020,76.2,82.7,47600,Economist,Communication,Qualitative Research,Data Analysis,54,37.7,55,0,False,False,False,False,True,False,False,False,False,False,False,True,True,False,False,False,False,False
USA,Stanford,2017,92.0,100.0,99200,Cybersecurity Analyst,Python,Java,DevOps,81,9.9,66,1,False,False,False,True,False,True,True,False,False,False,False,False,False,False,False,False,True,False
South Korea,Seoul National University,2018,95.7,98.4,81400,AI Consultant,Data Visualization,R,NLP,87,13.6,80,1,False,False,False,False,False,True,False,True,False,False,False,False,False,False,False,False,False,True
USA,Stanford,2024,93.1,99.4,151500,Data Analyst,Machine Learning,Deep Learning,R,93,76.5,61,1,False,False,False,True,False,True,False,True,False,False,False,False,False,False,False,False,False,True
USA,Harvard,2015,99.0,100.0,86400,Medical Doctor,Medical Coding,Patient Care,Clinical Research,35,10.8,70,1,False,False,False,True,True,False,False,False,False,True,False,False,False,True,False,False,False,False
Mexico,UNAM,2016,81.2,85.8,20400,Investment Banker,Strategic Planning,Financial Modeling,Data Analysis,66,5.0,57,0,False,True,False,False,False,False,False,False,False,False,False,False,False,False,False,False,False,False
Germany,TU Munich,2025,83.0,87.7,101600,Machine Learning Engineer,NLP,Machine Learning,R,100,90.0,73,0,True,False,False,False,True,False,False,True,False,False,False,False,False,False,False,False,False,True
USA,Stanford,2017,79.9,84.2,101100,Investment Banker,Financial Modeling,Excel,Market Research,50,16.4,78,0,False,False,False,True,False,True,False,False,False,False,False,False,False,False,False,False,False,False
Brazil,University of São Paulo,2021,84.2,90.2,36700,Marketing Manager,Data Analysis,Financial Modeling,Strategic Planning,73,65.8,54,0,False,True,False,False,False,True,False,False,False,False,False,False,False,False,False,False,False,False
France,PSL University,2019,83.7,88.2,56300,Data Analyst,Data Visualization,Deep Learning,Machine Learning,82,14.9,68,0,True,False,False,False,False,False,False,True,False,False,False,False,False,False,False,False,False,True
South Korea,KAIST,2015,83.8,87.1,64200,Financial Analyst,Financial Modeling,Excel,Strategic Planning,70,5.0,72,0,False,False,False,False,False,True,False,False,False,False,False,False,False,False,False,False,False,False
Brazil,University of São Paulo,2023,83.0,87.7,47200,Environmental Scientist,Laboratory Skills,Statistical Analysis,Scientific Writing,62,68.2,90,0,False,True,False,False,False,True,False,False,False,False,True,False,False,False,False,True,False,False
Israel,Hebrew University of Jerusalem,2020,99.0,100.0,103700,Medical Doctor,Diagnostics,Patient Care,Clinical Research,57,35.7,78,1,False,False,True,False,False,True,False,False,False,True,False,False,False,True,False,False,False,False
Australia,University of Melbourne,2019,82.3,91.4,44900,Chemist,Laboratory Skills,Statistical Analysis,Scientific Writing,44,10.9,60,1,False,False,False,False,False,False,False,False,False,False,True,False,False,False,False,True,False,False
UK,Cambridge,2019,83.1,86.8,89300,Robotics Engineer,Lean Six Sigma,AutoCAD,SolidWorks,62,19.0,67,0,True,False,False,False,False,True,False,False,True,False,False,False,False,False,True,False,False,False
India,IIT Bombay,2020,83.5,86.6,27500,Public Health Specialist,Medical Coding,Diagnostics,Clinical Research,64,54.8,75,0,False,False,False,False,False,False,False,False,False,True,False,False,False,True,False,False,False,False
Saudi Arabia,King Abdulaziz University,2019,91.2,93.7,71000,Medical Doctor,Patient Care,Diagnostics,Clinical Research,64,14.4,63,1,False,False,True,False,True,False,False,False,False,True,False,False,False,True,False,False,False,False
USA,Georgia Tech,2023,91.3,95.5,81300,Cloud Architect,DevOps,Python,Cloud Computing,85,90.0,66,1,False,False,False,True,False,False,True,False,False,False,False,False,False,False,False,False,True,False
Germany,Heidelberg University,2020,79.8,86.3,93600,Civil Engineer,AutoCAD,Lean Six Sigma,SolidWorks,58,33.5,89,0,True,False,False,False,False,True,False,False,True,False,False,False,False,False,True,False,False,False
Canada,University of Toronto,2025,78.2,79.5,73900,Sociologist,Data Analysis,Communication,Public Policy,80,83.2,81,0,False,False,False,True,True,False,False,False,False,False,False,True,True,False,False,False,False,False
Japan,University of Tokyo,2021,84.5,87.0,29200,Economist,Data Analysis,Communication,Qualitative Research,69,50.1,55,0,False,False,False,False,False,False,False,False,False,False,False,True,True,False,False,False,False,False
South Africa,University of Cape Town,2017,96.4,100.0,44600,Biomedical Researcher,Diagnostics,Patient Care,Medical Coding,59,19.9,46,1,False,False,True,False,False,True,False,False,False,True,False,False,False,True,False,False,False,False
Sweden,KTH Royal Institute of Technology,2021,93.5,96.7,113200,Biomedical Researcher,Clinical Research,Diagnostics,Patient Care,48,48.1,83,1,True,False,False,False,False,True,False,False,False,True,False,False,False,True,False,False,False,False
UAE,Khalifa University,2016,97.6,99.7,62000,Data Analyst,Deep Learning,R,Big Data,71,5.0,75,1,False,False,True,False,False,False,False,True,False,False,False,False,False,False,False,False,False,True
Canada,McGill University,2018,87.9,87.9,70800,AI Consultant,Deep Learning,Machine Learning,R,77,12.2,76,0,False,False,False,True,False,False,False,True,False,False,False,False,False,False,False,False,False,True
USA,MIT,2021,75.9,82.3,100600,Marketing Manager,Strategic Planning,Data Analysis,Market Research,73,32.2,74,0,False,False,False,True,True,False,False,False,False,False,False,False,False,False,False,False,False,False
Australia,University of Sydney,2022,79.6,85.3,55300,Physicist,Statistical Analysis,Laboratory Skills,Experimental Design,59,53.2,70,0,False,False,False,False,False,False,False,False,False,False,True,False,False,False,False,True,False,False
Canada,University of Toronto,2016,85.8,92.2,72800,NLP Specialist,Machine Learning,R,Deep Learning,60,13.3,76,1,False,False,False,True,True,False,False,True,False,False,False,False,False,False,False,False,False,True
Sweden,KTH Royal Institute of Technology,2020,89.6,97.0,89300,Software Engineer,Cybersecurity,SQL,DevOps,70,35.4,76,1,True,False,False,False,False,True,True,False,False,False,False,False,False,False,False,False,True,False
Argentina,University of Buenos Aires,2017,81.7,85.5,30800,Financial Analyst,Financial Modeling,Market Research,Strategic Planning,68,18.7,84,0,False,True,False,False,False,True,False,False,False,False,False,False,False,False,False,False,False,False
Netherlands,University of Amsterdam,2019,89.0,92.3,103400,NLP Specialist,Deep Learning,Machine Learning,Big Data,83,12.1,91,1,True,False,False,False,False,True,False,True,False,False,False,False,False,False,False,False,False,True
Israel,Technion,2015,82.5,89.6,67600,NLP Specialist,Data Visualization,Machine Learning,R,60,8.1,73,0,False,False,True,False,False,False,False,True,False,False,False,False,False,False,False,False,False,True
UK,Oxford,2025,95.5,100.0,75000,Mechanical Engineer,MATLAB,AutoCAD,Project Management,68,90.0,83,1,True,False,False,False,False,False,False,False,True,False,False,False,False,False,True,False,False,False
South Korea,KAIST,2019,90.2,95.7,41100,Economist,Public Policy,Communication,Qualitative Research,62,13.3,76,1,False,False,False,False,True,False,False,False,False,False,False,True,True,False,False,False,False,False
South Korea,KAIST,2015,76.9,80.8,45300,Management Consultant,Excel,Data Analysis,Strategic Planning,38,12.2,81,0,False,False,False,False,False,False,False,False,False,False,False,False,False,False,False,False,False,False
France,PSL University,2025,88.4,93.4,55000,Environmental Scientist,Laboratory Skills,Experimental Design,Statistical Analysis,76,79.1,64,1,True,False,False,False,False,False,False,False,False,False,True,False,False,False,False,True,False,False
Saudi Arabia,King Abdulaziz University,2023,85.5,89.9,65500,Chemist,Experimental Design,Scientific Writing,Statistical Analysis,65,54.8,64,0,False,False,True,False,True,False,False,False,False,False,True,False,False,False,False,True,False,False
Mexico,UNAM,2015,84.1,90.1,24000,Chemist,Statistical Analysis,Laboratory Skills,Experimental Design,50,10.0,60,0,False,True,False,False,True,False,False,False,False,False,True,False,False,False,False,True,False,False
Germany,TU Munich,2021,92.1,98.1,70500,Data Scientist,Python,React,DevOps,76,28.5,86,1,True,False,False,False,False,False,True,False,False,False,False,False,False,False,False,False,True,False
Switzerland,EPFL,2016,76.9,83.3,69800,Sociologist,Public Policy,Qualitative Research,Communication,48,15.3,79,0,True,False,False,False,True,False,False,False,False,False,False,True,True,False,False,False,False,False
Australia,University of Sydney,2024,73.2,80.6,64800,Chemist,Experimental Design,Laboratory Skills,Statistical Analysis,70,76.3,72,0,False,False,False,False,False,False,False,False,False,False,True,False,False,False,False,True,False,False
Switzerland,ETH Zurich,2016,92.0,95.0,76100,Pharmacist,Medical Coding,Diagnostics,Patient Care,38,5.0,86,1,True,False,False,False,False,False,False,False,False,True,False,False,False,True,False,False,False,False
South Korea,KAIST,2022,99.0,100.0,84800,Pharmacist,Clinical Research,Diagnostics,Patient Care,46,48.8,88,1,False,False,False,False,False,True,False,False,False,True,False,False,False,True,False,False,False,False
Switzerland,EPFL,2020,77.3,82.6,87200,Marketing Manager,Strategic Planning,Financial Modeling,Excel,65,51.2,91,0,True,False,False,False,False,False,False,False,False,False,False,False,False,False,False,False,False,False
Japan,University of Tokyo,2019,74.6,78.8,49700,Physicist,Scientific Writing,Statistical Analysis,Experimental Design,60,5.2,55,0,False,False,False,False,True,False,False,False,False,False,True,False,False,False,False,True,False,False
Germany,Heidelberg University,2020,82.8,87.8,101400,Investment Banker,Excel,Data Analysis,Market Research,52,37.7,56,0,True,False,False,False,False,True,False,False,False,False,False,False,False,False,False,False,False,False
Netherlands,TU Delft,2022,86.4,87.7,61900,Policy Analyst,Communication,Public Policy,Data Analysis,54,45.0,60,0,True,False,False,False,True,False,False,False,False,False,False,True,True,False,False,False,False,False
Singapore,NTU,2023,72.8,75.9,62500,Chemist,Laboratory Skills,Experimental Design,Scientific Writing,55,72.1,71,0,False,False,False,False,False,False,False,False,False,False,True,False,False,False,False,True,False,False
USA,MIT,2020,92.1,96.0,92000,AI Researcher,React,Java,Cloud Computing,77,56.7,90,1,False,False,False,True,True,False,True,False,False,False,False,False,False,False,False,False,True,False
Argentina,University of Buenos Aires,2025,97.1,100.0,29000,Cybersecurity Analyst,Python,Java,Cloud Computing,78,90.0,93,1,False,True,False,False,False,True,True,False,False,False,False,False,False,False,False,False,True,False
Israel,Technion,2023,86.7,93.7,92400,Public Health Specialist,Medical Coding,Patient Care,Clinical Research,68,75.5,75,1,False,False,True,False,True,False,False,False,False,True,False,False,False,True,False,False,False,False
Canada,University of Toronto,2017,84.6,91.7,76300,Data Scientist,SQL,Cybersecurity,Java,85,8.9,69,1,False,False,False,True,True,False,True,False,False,False,False,False,False,False,False,False,True,False
Sweden,KTH Royal Institute of Technology,2021,83.8,90.0,48200,Human Resources Specialist,Public Policy,Communication,Data Analysis,61,61.2,64,0,True,False,False,False,True,False,False,False,False,False,False,True,True,False,False,False,False,False
Sweden,KTH Royal Institute of Technology,2015,77.9,82.9,69700,Biologist,Statistical Analysis,Experimental Design,Scientific Writing,48,11.1,64,0,True,False,False,False,False,True,False,False,False,False,True,False,False,False,False,True,False,False
Mexico,UNAM,2018,95.4,99.5,28600,Machine Learning Engineer,Data Visualization,R,NLP,59,18.7,90,1,False,True,False,False,True,False,False,True,False,False,False,False,False,False,False,False,False,True
Canada,UBC,2024,96.4,100.0,115500,Pharmacist,Medical Coding,Patient Care,Clinical Research,70,82.9,66,1,False,False,False,True,False,True,False,False,False,True,False,False,False,True,False,False,False,False
Canada,McGill University,2019,89.5,92.7,105500,Data Analyst,R,NLP,Deep Learning,69,9.7,59,1,False,False,False,True,False,True,False,True,False,False,False,False,False,False,False,False,False,True
Saudi Arabia,King Abdulaziz University,2025,90.4,94.3,105400,Investment Banker,Excel,Strategic Planning,Market Research,72,90.0,77,1,False,False,True,False,False,True,False,False,False,False,False,False,False,False,False,False,False,False
Mexico,UNAM,2021,85.0,90.9,28700,Financial Analyst,Financial Modeling,Strategic Planning,Data Analysis,49,58.7,83,1,False,True,False,False,True,False,False,False,False,False,False,False,False,False,False,False,False,False
Israel,Hebrew University of Jerusalem,2017,93.2,99.6,105400,AI Consultant,NLP,Big Data,Deep Learning,71,15.4,100,1,False,False,True,False,False,True,False,True,False,False,False,False,False,False,False,False,False,True
Canada,University of Toronto,2023,86.1,91.7,119300,Data Analyst,Deep Learning,R,Machine Learning,93,67.7,91,1,False,False,False,True,False,True,False,True,False,False,False,False,False,False,False,False,False,True
India,IISc Bangalore,2020,84.7,88.5,20800,Management Consultant,Excel,Market Research,Data Analysis,77,59.9,58,0,False,False,False,False,True,False,False,False,False,False,False,False,False,False,False,False,False,False
Brazil,University of São Paulo,2025,84.3,88.5,21800,Physicist,Laboratory Skills,Statistical Analysis,Experimental Design,69,90.0,41,0,False,True,False,False,False,False,False,False,False,False,True,False,False,False,False,True,False,False
Argentina,University of Buenos Aires,2017,87.8,91.8,21800,Cybersecurity Analyst,Java,SQL,Cloud Computing,88,5.0,82,1,False,True,False,False,True,False,True,False,False,False,False,False,False,False,False,False,True,False
Israel,Technion,2017,79.9,86.4,61000,Chemist,Laboratory Skills,Statistical Analysis,Scientific Writing,57,12.9,84,0,False,False,True,False,True,False,False,False,False,False,True,False,False,False,False,True,False,False
Singapore,NUS,2019,76.9,79.8,66000,Financial Analyst,Strategic Planning,Market Research,Excel,49,24.7,88,0,False,False,False,False,False,False,False,False,False,False,False,False,False,False,False,False,False,False
Brazil,University of São Paulo,2025,76.4,82.4,40800,Marketing Manager,Data Analysis,Market Research,Strategic Planning,75,90.0,66,0,False,True,False,False,False,True,False,False,False,False,False,False,False,False,False,False,False,False
Brazil,University of São Paulo,2020,84.6,89.8,38600,Civil Engineer,AutoCAD,MATLAB,SolidWorks,37,37.7,57,0,False,True,False,False,False,True,False,False,True,False,False,False,False,False,True,False,False,False
USA,Stanford,2020,94.9,100.0,55100,Human Resources Specialist,Communication,Public Policy,Data Analysis,56,49.2,77,1,False,False,False,True,False,False,False,False,False,False,False,True,True,False,False,False,False,False
South Africa,University of Cape Town,2015,83.0,92.1,23000,Biologist,Scientific Writing,Statistical Analysis,Experimental Design,38,12.4,56,1,False,False,True,False,False,False,False,False,False,False,True,False,False,False,False,True,False,False
Argentina,University of Buenos Aires,2020,76.7,80.8,25700,Investment Banker,Strategic Planning,Market Research,Data Analysis,57,49.8,83,0,False,True,False,False,True,False,False,False,False,False,False,False,False,False,False,False,False,False
Germany,Humboldt University,2015,80.3,83.9,45200,Electrical Engineer,Lean Six Sigma,Project Management,AutoCAD,37,8.9,65,0,True,False,False,False,False,False,False,False,True,False,False,False,False,False,True,False,False,False
Canada,UBC,2023,83.4,85.7,82500,Physicist,Laboratory Skills,Scientific Writing,Experimental Design,60,80.2,100,0,False,False,False,True,True,False,False,False,False,False,True,False,False,False,False,True,False,False
USA,MIT,2021,71.9,80.6,86500,Financial Analyst,Financial Modeling,Excel,Strategic Planning,65,41.3,78,0,False,False,False,True,True,False,False,False,False,False,False,False,False,False,False,False,False,False
Sweden,KTH Royal Institute of Technology,2025,81.3,86.9,71800,Financial Analyst,Financial Modeling,Excel,Data Analysis,79,79.9,71,0,True,False,False,False,True,False,False,False,False,False,False,False,False,False,False,False,False,False
Brazil,University of São Paulo,2016,92.5,95.7,25100,Data Scientist,DevOps,Java,Cybersecurity,67,5.0,79,1,False,True,False,False,True,False,True,False,False,False,False,False,False,False,False,False,True,False
Australia,University of Melbourne,2021,80.1,85.2,67100,Human Resources Specialist,Communication,Public Policy,Data Analysis,47,47.0,69,0,False,False,False,False,True,False,False,False,False,False,False,True,True,False,False,False,False,False
Sweden,Karolinska Institute,2015,75.7,83.6,73600,Robotics Engineer,AutoCAD,Lean Six Sigma,SolidWorks,59,11.4,96,0,True,False,False,False,True,False,False,False,True,False,False,False,False,False,True,False,False,False
UK,Oxford,2016,84.9,89.8,63500,Human Resources Specialist,Communication,Data Analysis,Public Policy,64,15.5,60,0,True,False,False,False,False,True,False,False,False,False,False,True,True,False,False,False,False,False
Japan,Kyoto University,2017,89.0,92.4,42400,AI Researcher,SQL,Python,Cloud Computing,73,16.2,63,1,False,False,False,False,False,False,True,False,False,False,False,False,False,False,False,False,True,False
South Korea,Seoul National University,2015,80.3,87.0,33700,Biologist,Laboratory Skills,Experimental Design,Scientific Writing,30,7.0,73,0,False,False,False,False,False,False,False,False,False,False,True,False,False,False,False,True,False,False
South Korea,KAIST,2020,90.5,91.8,85600,Software Engineer,SQL,Cloud Computing,Java,86,33.6,52,1,False,False,False,False,False,True,True,False,False,False,False,False,False,False,False,False,True,False
Mexico,UNAM,2021,80.3,84.1,20300,Physicist,Experimental Design,Statistical Analysis,Laboratory Skills,39,59.0,89,0,False,True,False,False,True,False,False,False,False,False,True,False,False,False,False,True,False,False
Sweden,KTH Royal Institute of Technology,2021,84.3,88.9,66300,Cybersecurity Analyst,Cybersecurity,DevOps,SQL,81,56.0,80,0,True,False,False,False,False,False,True,False,False,False,False,False,False,False,False,False,True,False
Switzerland,EPFL,2015,91.7,97.6,99500,Medical Doctor,Patient Care,Diagnostics,Medical Coding,64,13.5,81,1,True,False,False,False,True,False,False,False,False,True,False,False,False,True,False,False,False,False
Mexico,UNAM,2025,97.1,100.0,29200,AI Consultant,R,Machine Learning,Deep Learning,81,90.0,80,1,False,True,False,False,False,False,False,True,False,False,False,False,False,False,False,False,False,True
UAE,Khalifa University,2018,80.6,86.2,67300,Economist,Data Analysis,Qualitative Research,Communication,60,11.0,74,0,False,False,True,False,False,True,False,False,False,False,False,True,True,False,False,False,False,False
UAE,Khalifa University,2023,88.4,93.7,112700,Mechanical Engineer,SolidWorks,Lean Six Sigma,AutoCAD,75,59.7,75,1,False,False,True,False,False,True,False,False,True,False,False,False,False,False,True,False,False,False
Mexico,UNAM,2015,90.2,93.5,35900,NLP Specialist,Big Data,Deep Learning,Data Visualization,63,5.0,58,1,False,True,False,False,True,False,False,True,False,False,False,False,False,False,False,False,False,True
UK,LSE,2024,74.2,79.3,66300,Environmental Scientist,Experimental Design,Laboratory Skills,Statistical Analysis,77,70.9,92,0,True,False,False,False,True,False,False,False,False,False,True,False,False,False,False,True,False,False
China,Peking University,2015,88.2,91.8,40000,Policy Analyst,Public Policy,Qualitative Research,Communication,58,5.0,83,1,False,False,False,False,False,True,False,False,False,False,False,True,True,False,False,False,False,False
UAE,Khalifa University,2025,95.8,98.4,126500,Pharmacist,Medical Coding,Diagnostics,Clinical Research,61,90.0,55,1,False,False,True,False,False,True,False,False,False,True,False,False,False,True,False,False,False,False
Japan,University of Tokyo,2022,73.2,79.9,47300,Biologist,Scientific Writing,Experimental Design,Statistical Analysis,51,65.5,79,0,False,False,False,False,False,False,False,False,False,False,True,False,False,False,False,True,False,False
Brazil,University of São Paulo,2015,85.9,91.4,30400,Electrical Engineer,MATLAB,Lean Six Sigma,SolidWorks,44,5.0,40,1,False,True,False,False,False,True,False,False,True,False,False,False,False,False,True,False,False,False
South Africa,University of Cape Town,2022,72.2,77.4,31500,Electrical Engineer,Project Management,SolidWorks,AutoCAD,61,66.8,65,0,False,False,True,False,False,False,False,False,True,False,False,False,False,False,True,False,False,False
Saudi Arabia,King Abdulaziz University,2021,83.7,89.3,45100,Biologist,Statistical Analysis,Experimental Design,Laboratory Skills,65,54.7,46,0,False,False,True,False,False,False,False,False,False,False,True,False,False,False,False,True,False,False
Canada,University of Toronto,2025,86.1,89.0,99300,Chemist,Laboratory Skills,Statistical Analysis,Scientific Writing,67,89.6,67,0,False,False,False,True,False,True,False,False,False,False,True,False,False,False,False,True,False,False
Brazil,University of São Paulo,2024,90.2,97.3,47900,Financial Analyst,Data Analysis,Strategic Planning,Excel,54,86.2,89,1,False,True,False,False,False,True,False,False,False,False,False,False,False,False,False,False,False,False
UK,LSE,2024,98.5,100.0,116800,Pharmacist,Medical Coding,Diagnostics,Patient Care,78,82.5,85,1,True,False,False,False,False,True,False,False,False,True,False,False,False,True,False,False,False,False
Saudi Arabia,King Abdulaziz University,2019,91.4,95.7,76200,NLP Specialist,Data Visualization,Deep Learning,Big Data,93,5.9,92,1,False,False,True,False,True,False,False,True,False,False,False,False,False,False,False,False,False,True
South Africa,University of Cape Town,2023,76.0,81.7,40400,Sociologist,Qualitative Research,Public Policy,Communication,44,76.3,83,0,False,False,True,False,False,True,False,False,False,False,False,True,True,False,False,False,False,False
Singapore,NUS,2017,83.6,92.5,72400,Sociologist,Communication,Data Analysis,Public Policy,48,5.0,92,1,False,False,False,False,False,True,False,False,False,False,False,True,True,False,False,False,False,False
Israel,Hebrew University of Jerusalem,2023,83.0,90.0,95100,Policy Analyst,Communication,Qualitative Research,Public Policy,79,62.6,62,0,False,False,True,False,False,True,False,False,False,False,False,True,True,False,False,False,False,False
Canada,University of Toronto,2015,88.4,94.6,45900,Sociologist,Qualitative Research,Data Analysis,Public Policy,41,19.9,62,1,False,False,False,True,False,False,False,False,False,False,False,True,True,False,False,False,False,False
India,IIT Bombay,2019,84.7,92.8,26600,Biologist,Statistical Analysis,Scientific Writing,Laboratory Skills,66,12.1,76,1,False,False,False,False,False,True,False,False,False,False,True,False,False,False,False,True,False,False
Brazil,University of São Paulo,2023,85.8,85.8,33400,Policy Analyst,Data Analysis,Public Policy,Qualitative Research,63,72.4,52,0,False,True,False,False,False,True,False,False,False,False,False,True,True,False,False,False,False,False
Mexico,UNAM,2023,92.0,100.0,45400,Data Analyst,Machine Learning,NLP,R,100,65.3,67,1,False,True,False,False,False,True,False,True,False,False,False,False,False,False,False,False,False,True
Israel,Technion,2025,80.7,86.1,90100,Economist,Communication,Data Analysis,Public Policy,62,78.7,79,0,False,False,True,False,False,True,False,False,False,False,False,True,True,False,False,False,False,False
South Korea,Seoul National University,2017,89.0,95.8,76000,Software Engineer,Java,React,Cybersecurity,67,11.3,82,1,False,False,False,False,False,True,True,False,False,False,False,False,False,False,False,False,True,False
Brazil,University of São Paulo,2019,93.5,97.5,33700,Medical Doctor,Patient Care,Clinical Research,Diagnostics,56,9.0,58,1,False,True,False,False,True,False,False,False,False,True,False,False,False,True,False,False,False,False
South Korea,Seoul National University,2020,72.3,76.3,44700,Electrical Engineer,Lean Six Sigma,AutoCAD,MATLAB,57,37.4,66,0,False,False,False,False,False,False,False,False,True,False,False,False,False,False,True,False,False,False
Argentina,University of Buenos Aires,2020,82.4,89.1,14800,Chemist,Statistical Analysis,Laboratory Skills,Scientific Writing,53,28.0,54,0,False,True,False,False,False,False,False,False,False,False,True,False,False,False,False,True,False,False
Argentina,University of Buenos Aires,2018,88.2,91.7,17100,AI Consultant,Deep Learning,R,Big Data,63,7.7,72,1,False,True,False,False,False,False,False,True,False,False,False,False,False,False,False,False,False,True
India,IISc Bangalore,2023,80.2,84.4,41400,Management Consultant,Financial Modeling,Market Research,Excel,56,69.7,57,0,False,False,False,False,False,True,False,False,False,False,False,False,False,False,False,False,False,False
Brazil,University of São Paulo,2020,71.1,75.4,21800,Sociologist,Data Analysis,Public Policy,Qualitative Research,63,41.8,100,0,False,True,False,False,False,False,False,False,False,False,False,True,True,False,False,False,False,False
South Africa,University of Cape Town,2020,78.0,82.8,40500,Biologist,Experimental Design,Statistical Analysis,Laboratory Skills,42,39.2,57,0,False,False,True,False,False,True,False,False,False,False,True,False,False,False,False,True,False,False
France,PSL University,2023,77.3,82.0,62100,Mechanical Engineer,Lean Six Sigma,AutoCAD,MATLAB,59,87.4,65,0,True,False,False,False,False,False,False,False,True,False,False,False,False,False,True,False,False,False
Sweden,KTH Royal Institute of Technology,2016,87.1,93.0,92600,Investment Banker,Strategic Planning,Data Analysis,Excel,55,12.0,41,1,True,False,False,False,False,True,False,False,False,False,False,False,False,False,False,False,False,False
UK,LSE,2015,97.2,100.0,90100,Data Analyst,Machine Learning,NLP,Big Data,55,9.7,95,1,True,False,False,False,False,True,False,True,False,False,False,False,False,False,False,False,False,True
Australia,University of Melbourne,2018,82.7,89.6,88500,Environmental Scientist,Scientific Writing,Statistical Analysis,Experimental Design,52,5.0,56,0,False,False,False,False,False,True,False,False,False,False,True,False,False,False,False,True,False,False
Mexico,UNAM,2025,78.6,83.1,33300,Investment Banker,Financial Modeling,Market Research,Excel,67,90.0,94,0,False,True,False,False,False,False,False,False,False,False,False,False,False,False,False,False,False,False
UAE,Khalifa University,2016,90.5,96.0,86300,Medical Doctor,Medical Coding,Diagnostics,Patient Care,36,17.4,52,1,False,False,True,False,True,False,False,False,False,True,False,False,False,True,False,False,False,False
South Korea,KAIST,2025,75.8,79.6,58100,Chemist,Laboratory Skills,Statistical Analysis,Experimental Design,61,83.9,61,0,False,False,False,False,True,False,False,False,False,False,True,False,False,False,False,True,False,False
Sweden,Karolinska Institute,2025,97.2,100.0,120300,Machine Learning Engineer,Deep Learning,R,Big Data,92,90.0,62,1,True,False,False,False,False,True,False,True,False,False,False,False,False,False,False,False,False,True
Saudi Arabia,King Abdulaziz University,2024,88.8,96.2,61000,Cloud Architect,Cybersecurity,DevOps,SQL,89,74.7,77,1,False,False,True,False,False,False,True,False,False,False,False,False,False,False,False,False,True,False
Canada,University of Toronto,2020,86.4,92.2,68200,Economist,Qualitative Research,Data Analysis,Public Policy,56,31.6,56,1,False,False,False,True,False,True,False,False,False,False,False,True,True,False,False,False,False,False
Germany,Humboldt University,2016,87.4,91.1,68900,Robotics Engineer,Project Management,AutoCAD,MATLAB,56,5.0,61,1,True,False,False,False,True,False,False,False,True,False,False,False,False,False,True,False,False,False
UAE,Khalifa University,2019,88.5,91.6,100900,Cybersecurity Analyst,Python,Java,Cybersecurity,71,11.5,67,1,False,False,True,False,False,True,True,False,False,False,False,False,False,False,False,False,True,False
Japan,University of Tokyo,2018,72.4,76.2,46000,Economist,Public Policy,Qualitative Research,Data Analysis,60,5.0,62,0,False,False,False,False,False,True,False,False,False,False,False,True,True,False,False,False,False,False
South Korea,KAIST,2025,98.2,100.0,72400,Public Health Specialist,Medical Coding,Diagnostics,Clinical Research,73,90.0,40,1,False,False,False,False,True,False,False,False,False,True,False,False,False,True,False,False,False,False
South Korea,Seoul National University,2018,91.1,97.1,54600,AI Consultant,Deep Learning,Data Visualization,R,100,5.0,95,1,False,False,False,False,False,False,False,True,False,False,False,False,False,False,False,False,False,True
Sweden,Karolinska Institute,2022,82.7,87.6,76400,Investment Banker,Excel,Market Research,Strategic Planning,59,54.3,74,0,True,False,False,False,True,False,False,False,False,False,False,False,False,False,False,False,False,False
Sweden,KTH Royal Institute of Technology,2017,85.0,89.2,47800,Physicist,Statistical Analysis,Experimental Design,Laboratory Skills,42,7.7,88,0,True,False,False,False,True,False,False,False,False,False,True,False,False,False,False,True,False,False
USA,Georgia Tech,2024,84.8,88.3,129400,Management Consultant,Strategic Planning,Financial Modeling,Excel,75,86.9,97,0,False,False,False,True,False,True,False,False,False,False,False,False,False,False,False,False,False,False
Israel,Technion,2018,84.6,89.8,76900,Marketing Manager,Market Research,Excel,Financial Modeling,68,6.4,81,0,False,False,True,False,True,False,False,False,False,False,False,False,False,False,False,False,False,False
UAE,Khalifa University,2015,90.9,96.1,72100,Biomedical Researcher,Patient Care,Medical Coding,Clinical Research,52,9.4,73,1,False,False,True,False,True,False,False,False,False,True,False,False,False,True,False,False,False,False
Brazil,University of São Paulo,2025,97.9,100.0,59600,Public Health Specialist,Patient Care,Medical Coding,Diagnostics,65,81.1,84,1,False,True,False,False,False,True,False,False,False,True,False,False,False,True,False,False,False,False
USA,UC Berkeley,2019,97.4,100.0,78700,Data Scientist,Cloud Computing,Java,Python,75,5.0,64,1,False,False,False,True,False,False,True,False,False,False,False,False,False,False,False,False,True,False
South Africa,University of Cape Town,2015,78.9,85.2,36600,Management Consultant,Financial Modeling,Excel,Market Research,48,11.6,52,0,False,False,True,False,True,False,False,False,False,False,False,False,False,False,False,False,False,False
Australia,ANU,2021,68.0,72.7,104500,Mechanical Engineer,SolidWorks,MATLAB,Lean Six Sigma,45,62.1,81,0,False,False,False,False,False,True,False,False,True,False,False,False,False,False,True,False,False,False
South Africa,University of Cape Town,2021,97.6,100.0,35200,Pharmacist,Medical Coding,Patient Care,Diagnostics,79,59.3,66,1,False,False,True,False,False,False,False,False,False,True,False,False,False,True,False,False,False,False
UAE,Khalifa University,2018,75.7,79.1,75900,Civil Engineer,AutoCAD,MATLAB,Lean Six Sigma,49,7.4,54,0,False,False,True,False,True,False,False,False,True,False,False,False,False,False,True,False,False,False
Germany,Heidelberg University,2016,81.7,87.4,71600,Policy Analyst,Qualitative Research,Data Analysis,Communication,46,5.0,74,0,True,False,False,False,False,True,False,False,False,False,False,True,True,False,False,False,False,False
Argentina,University of Buenos Aires,2024,80.9,83.2,15100,Civil Engineer,Project Management,SolidWorks,AutoCAD,87,89.1,71,0,False,True,False,False,True,False,False,False,True,False,False,False,False,False,True,False,False,False
USA,Georgia Tech,2017,78.8,84.9,109000,Civil Engineer,Lean Six Sigma,AutoCAD,MATLAB,55,11.3,89,0,False,False,False,True,False,True,False,False,True,False,False,False,False,False,True,False,False,False
USA,Harvard,2021,91.4,93.1,85800,Medical Doctor,Clinical Research,Medical Coding,Patient Care,52,48.8,71,1,False,False,False,True,False,False,False,False,False,True,False,False,False,True,False,False,False,False
Netherlands,University of Amsterdam,2018,93.3,100.0,60500,Civil Engineer,SolidWorks,Project Management,MATLAB,62,10.4,66,1,True,False,False,False,True,False,False,False,True,False,False,False,False,False,True,False,False,False
South Africa,University of Cape Town,2020,83.4,88.9,29900,Economist,Data Analysis,Communication,Public Policy,47,43.3,67,0,False,False,True,False,False,True,False,False,False,False,False,True,True,False,False,False,False,False
Mexico,UNAM,2018,85.7,89.9,12100,Data Scientist,Cybersecurity,SQL,DevOps,94,12.8,49,0,False,True,False,False,False,False,True,False,False,False,False,False,False,False,False,False,True,False
UAE,Khalifa University,2024,83.5,90.7,97700,Medical Doctor,Clinical Research,Medical Coding,Diagnostics,63,79.1,89,1,False,False,True,False,True,False,False,False,False,True,False,False,False,True,False,False,False,False
Argentina,University of Buenos Aires,2015,86.0,89.8,21100,Public Health Specialist,Diagnostics,Medical Coding,Patient Care,60,5.0,40,0,False,True,False,False,False,True,False,False,False,True,False,False,False,True,False,False,False,False
Canada,University of Toronto,2021,84.0,91.4,64000,Environmental Scientist,Scientific Writing,Experimental Design,Laboratory Skills,57,45.9,87,1,False,False,False,True,True,False,False,False,False,False,True,False,False,False,False,True,False,False
France,Ecole Polytechnique,2016,78.1,83.4,31000,Biologist,Scientific Writing,Experimental Design,Statistical Analysis,56,7.5,70,0,True,False,False,False,False,False,False,False,False,False,True,False,False,False,False,True,False,False
UK,Oxford,2016,89.7,95.6,78200,Public Health Specialist,Clinical Research,Patient Care,Diagnostics,42,10.3,76,1,True,False,False,False,False,True,False,False,False,True,False,False,False,True,False,False,False,False
Mexico,UNAM,2025,80.9,83.9,23800,Marketing Manager,Market Research,Excel,Strategic Planning,67,90.0,72,0,False,True,False,False,False,False,False,False,False,False,False,False,False,False,False,False,False,False
South Africa,University of Cape Town,2018,84.1,90.6,41300,Management Consultant,Data Analysis,Market Research,Financial Modeling,35,15.8,64,0,False,False,True,False,False,True,False,False,False,False,False,False,False,False,False,False,False,False
Israel,Hebrew University of Jerusalem,2020,97.2,99.5,91800,Medical Doctor,Diagnostics,Medical Coding,Clinical Research,52,37.1,58,1,False,False,True,False,True,False,False,False,False,True,False,False,False,True,False,False,False,False
Netherlands,TU Delft,2023,75.7,79.6,70000,Mechanical Engineer,SolidWorks,MATLAB,Lean Six Sigma,68,58.0,64,0,True,False,False,False,False,False,False,False,True,False,False,False,False,False,True,False,False,False
Netherlands,TU Delft,2017,78.3,83.1,45900,Physicist,Experimental Design,Scientific Writing,Statistical Analysis,48,5.0,74,0,True,False,False,False,False,False,False,False,False,False,True,False,False,False,False,True,False,False
Canada,University of Toronto,2024,91.3,96.8,100300,Cybersecurity Analyst,Python,React,DevOps,94,67.3,95,1,False,False,False,True,True,False,True,False,False,False,False,False,False,False,False,False,True,False
South Africa,University of Cape Town,2022,88.2,91.7,24000,Sociologist,Data Analysis,Public Policy,Communication,82,67.8,78,1,False,False,True,False,False,False,False,False,False,False,False,True,True,False,False,False,False,False
UK,Cambridge,2025,81.8,89.2,105200,Mechanical Engineer,AutoCAD,MATLAB,Lean Six Sigma,71,70.3,53,0,True,False,False,False,False,True,False,False,True,False,False,False,False,False,True,False,False,False
UK,Imperial College London,2025,92.8,97.7,95200,Machine Learning Engineer,Data Visualization,NLP,Deep Learning,100,70.5,72,1,True,False,False,False,True,False,False,True,False,False,False,False,False,False,False,False,False,True
USA,Georgia Tech,2023,85.0,89.9,64900,Economist,Communication,Qualitative Research,Data Analysis,70,61.4,89,0,False,False,False,True,True,False,False,False,False,False,False,True,True,False,False,False,False,False
Saudi Arabia,King Abdulaziz University,2015,94.2,98.9,69700,Medical Doctor,Medical Coding,Clinical Research,Patient Care,55,6.5,82,1,False,False,True,False,True,False,False,False,False,True,False,False,False,True,False,False,False,False
UAE,Khalifa University,2023,96.6,100.0,97100,AI Researcher,Cloud Computing,Cybersecurity,React,89,57.1,78,1,False,False,True,False,True,False,True,False,False,False,False,False,False,False,False,False,True,False
Mexico,UNAM,2020,70.7,73.3,20400,Physicist,Experimental Design,Scientific Writing,Statistical Analysis,57,37.0,51,0,False,True,False,False,False,False,False,False,False,False,True,False,False,False,False,True,False,False
Brazil,University of São Paulo,2025,81.3,85.9,31700,Marketing Manager,Strategic Planning,Market Research,Data Analysis,62,90.0,94,0,False,True,False,False,False,False,False,False,False,False,False,False,False,False,False,False,False,False
Australia,ANU,2019,76.9,82.9,44900,Human Resources Specialist,Qualitative Research,Data Analysis,Public Policy,54,9.3,81,0,False,False,False,False,False,False,False,False,False,False,False,True,True,False,False,False,False,False
China,Fudan University,2020,86.6,91.7,27100,Management Consultant,Excel,Strategic Planning,Market Research,55,39.1,69,1,False,False,False,False,False,False,False,False,False,False,False,False,False,False,False,False,False,False
Sweden,KTH Royal Institute of Technology,2018,88.7,93.8,42400,Sociologist,Qualitative Research,Communication,Public Policy,60,14.8,54,1,True,False,False,False,True,False,False,False,False,False,False,True,True,False,False,False,False,False
Germany,TU Munich,2024,78.7,85.4,60300,Physicist,Scientific Writing,Laboratory Skills,Experimental Design,46,79.0,60,0,True,False,False,False,False,False,False,False,False,False,True,False,False,False,False,True,False,False
Canada,UBC,2023,82.4,85.9,58400,Biologist,Laboratory Skills,Statistical Analysis,Scientific Writing,58,68.9,56,0,False,False,False,True,False,False,False,False,False,False,True,False,False,False,False,True,False,False
Argentina,University of Buenos Aires,2023,79.4,79.4,28200,Civil Engineer,MATLAB,SolidWorks,AutoCAD,62,59.6,45,0,False,True,False,False,True,False,False,False,True,False,False,False,False,False,True,False,False,False
Canada,McGill University,2023,93.5,100.0,107500,Cybersecurity Analyst,Cloud Computing,DevOps,Java,89,63.9,76,1,False,False,False,True,False,True,True,False,False,False,False,False,False,False,False,False,True,False
Canada,McGill University,2015,89.5,92.2,87500,Cloud Architect,React,Java,DevOps,52,8.1,72,1,False,False,False,True,False,True,True,False,False,False,False,False,False,False,False,False,True,False
Canada,McGill University,2019,80.9,84.0,79500,Chemist,Statistical Analysis,Scientific Writing,Experimental Design,64,5.0,81,0,False,False,False,True,False,True,False,False,False,False,True,False,False,False,False,True,False,False
South Korea,KAIST,2022,77.5,79.6,55400,Electrical Engineer,SolidWorks,Project Management,Lean Six Sigma,58,69.8,77,0,False,False,False,False,True,False,False,False,True,False,False,False,False,False,True,False,False,False
South Korea,KAIST,2024,83.9,86.7,69000,Electrical Engineer,Project Management,Lean Six Sigma,AutoCAD,64,72.2,89,0,False,False,False,False,True,False,False,False,True,False,False,False,False,False,True,False,False,False
Switzerland,EPFL,2017,85.7,92.5,90300,Civil Engineer,Project Management,SolidWorks,AutoCAD,72,8.0,80,1,True,False,False,False,True,False,False,False,True,False,False,False,False,False,True,False,False,False
Mexico,UNAM,2023,89.9,91.8,53200,Public Health Specialist,Medical Coding,Patient Care,Diagnostics,47,77.1,41,1,False,True,False,False,False,True,False,False,False,True,False,False,False,True,False,False,False,False
UAE,Khalifa University,2017,82.2,87.6,40300,Human Resources Specialist,Public Policy,Data Analysis,Qualitative Research,58,11.1,89,0,False,False,True,False,False,False,False,False,False,False,False,True,True,False,False,False,False,False
Canada,UBC,2020,87.9,91.3,83300,AI Consultant,R,Big Data,NLP,88,49.0,76,1,False,False,False,True,True,False,False,True,False,False,False,False,False,False,False,False,False,True
Canada,University of Toronto,2025,75.4,83.7,80500,Biologist,Statistical Analysis,Scientific Writing,Laboratory Skills,85,90.0,96,0,False,False,False,True,True,False,False,False,False,False,True,False,False,False,False,True,False,False
Japan,Kyoto University,2016,80.4,83.9,64700,Financial Analyst,Data Analysis,Excel,Strategic Planning,59,5.0,81,0,False,False,False,False,False,True,False,False,False,False,False,False,False,False,False,False,False,False
Sweden,Karolinska Institute,2024,84.7,90.3,67900,Economist,Data Analysis,Public Policy,Communication,58,71.5,88,0,True,False,False,False,True,False,False,False,False,False,False,True,True,False,False,False,False,False
India,IIT Delhi,2019,81.1,85.2,23600,Sociologist,Communication,Data Analysis,Qualitative Research,37,5.0,98,0,False,False,False,False,True,False,False,False,False,False,False,True,True,False,False,False,False,False
Mexico,UNAM,2017,82.2,89.2,17700,Civil Engineer,AutoCAD,Project Management,MATLAB,41,10.9,84,0,False,True,False,False,True,False,False,False,True,False,False,False,False,False,True,False,False,False
Singapore,NUS,2021,94.3,96.0,68700,Robotics Engineer,AutoCAD,Lean Six Sigma,SolidWorks,72,48.3,81,1,False,False,False,False,False,False,False,False,True,False,False,False,False,False,True,False,False,False
UAE,Khalifa University,2016,87.6,93.0,77400,Medical Doctor,Clinical Research,Patient Care,Diagnostics,33,13.0,74,1,False,False,True,False,True,False,False,False,False,True,False,False,False,True,False,False,False,False
Mexico,UNAM,2019,85.3,91.0,19000,Economist,Data Analysis,Communication,Public Policy,59,5.6,59,1,False,True,False,False,False,False,False,False,False,False,False,True,True,False,False,False,False,False
Saudi Arabia,King Abdulaziz University,2020,87.2,91.7,46600,Sociologist,Communication,Qualitative Research,Data Analysis,60,31.0,87,1,False,False,True,False,False,False,False,False,False,False,False,True,True,False,False,False,False,False
Israel,Technion,2017,99.0,100.0,108400,Public Health Specialist,Diagnostics,Medical Coding,Patient Care,50,11.2,79,1,False,False,True,False,False,True,False,False,False,True,False,False,False,True,False,False,False,False
South Korea,Seoul National University,2019,75.6,82.4,45200,Financial Analyst,Excel,Data Analysis,Strategic Planning,65,5.4,90,0,False,False,False,False,False,False,False,False,False,False,False,False,False,False,False,False,False,False
China,Tsinghua University,2017,83.7,88.8,50200,Physicist,Scientific Writing,Statistical Analysis,Experimental Design,59,5.7,70,0,False,False,False,False,False,True,False,False,False,False,True,False,False,False,False,True,False,False
Mexico,UNAM,2021,84.4,86.3,8000,Physicist,Scientific Writing,Experimental Design,Laboratory Skills,77,46.7,66,0,False,True,False,False,False,False,False,False,False,False,True,False,False,False,False,True,False,False
South Africa,University of Cape Town,2021,89.8,97.6,37900,Pharmacist,Diagnostics,Clinical Research,Medical Coding,37,62.8,75,1,False,False,True,False,True,False,False,False,False,True,False,False,False,True,False,False,False,False
Brazil,University of São Paulo,2025,74.6,83.0,23700,Management Consultant,Strategic Planning,Excel,Market Research,60,78.5,87,0,False,True,False,False,False,False,False,False,False,False,False,False,False,False,False,False,False,False
Brazil,University of São Paulo,2019,75.3,80.7,25500,Robotics Engineer,AutoCAD,SolidWorks,MATLAB,47,15.5,85,0,False,True,False,False,False,False,False,False,True,False,False,False,False,False,True,False,False,False
Singapore,NTU,2015,91.8,100.0,70600,Data Analyst,Deep Learning,Machine Learning,Big Data,69,5.0,76,1,False,False,False,False,False,False,False,True,False,False,False,False,False,False,False,False,False,True
Canada,McGill University,2022,74.9,79.2,59300,Economist,Public Policy,Data Analysis,Communication,68,59.5,55,0,False,False,False,True,False,False,False,False,False,False,False,True,True,False,False,False,False,False
Canada,University of Toronto,2019,92.9,98.2,81200,Investment Banker,Data Analysis,Excel,Strategic Planning,48,5.0,73,1,False,False,False,True,True,False,False,False,False,False,False,False,False,False,False,False,False,False
China,Tsinghua University,2021,92.4,97.4,48200,Data Analyst,Machine Learning,Big Data,Data Visualization,76,39.1,82,1,False,False,False,False,False,False,False,True,False,False,False,False,False,False,False,False,False,True
France,Ecole Polytechnique,2018,82.3,90.5,58700,Software Engineer,DevOps,SQL,Java,81,17.0,49,0,True,False,False,False,False,False,True,False,False,False,False,False,False,False,False,False,True,False
Netherlands,TU Delft,2018,82.3,88.3,58600,Sociologist,Data Analysis,Qualitative Research,Communication,73,13.5,66,0,True,False,False,False,False,True,False,False,False,False,False,True,True,False,False,False,False,False
Sweden,KTH Royal Institute of Technology,2023,99.0,100.0,106300,Public Health Specialist,Clinical Research,Patient Care,Medical Coding,82,67.2,93,1,True,False,False,False,False,True,False,False,False,True,False,False,False,True,False,False,False,False
France,PSL University,2016,82.3,86.3,78200,Mechanical Engineer,Project Management,SolidWorks,Lean Six Sigma,48,12.1,71,0,True,False,False,False,False,True,False,False,True,False,False,False,False,False,True,False,False,False
France,PSL University,2018,80.4,85.6,50600,Chemist,Laboratory Skills,Experimental Design,Statistical Analysis,34,12.3,55,0,True,False,False,False,True,False,False,False,False,False,True,False,False,False,False,True,False,False
China,Tsinghua University,2016,71.6,73.0,26800,Investment Banker,Market Research,Excel,Data Analysis,38,6.5,99,0,False,False,False,False,False,False,False,False,False,False,False,False,False,False,False,False,False,False
Canada,UBC,2023,80.9,86.7,47700,Economist,Public Policy,Data Analysis,Qualitative Research,67,69.2,52,0,False,False,False,True,False,False,False,False,False,False,False,True,True,False,False,False,False,False
Australia,ANU,2022,90.3,91.9,79500,Biologist,Statistical Analysis,Laboratory Skills,Experimental Design,53,57.2,55,1,False,False,False,False,True,False,False,False,False,False,True,False,False,False,False,True,False,False
France,PSL University,2022,77.6,86.9,56400,Economist,Communication,Data Analysis,Qualitative Research,75,62.1,85,0,True,False,False,False,True,False,False,False,False,False,False,True,True,False,False,False,False,False
Saudi Arabia,King Abdulaziz University,2022,78.4,81.8,59400,Policy Analyst,Communication,Data Analysis,Public Policy,64,68.6,72,0,False,False,True,False,True,False,False,False,False,False,False,True,True,False,False,False,False,False
Saudi Arabia,King Abdulaziz University,2019,77.2,82.1,47200,Environmental Scientist,Scientific Writing,Statistical Analysis,Laboratory Skills,57,19.9,49,0,False,False,True,False,True,False,False,False,False,False,True,False,False,False,False,True,False,False
UK,Imperial College London,2020,90.4,100.0,92300,Robotics Engineer,AutoCAD,SolidWorks,Lean Six Sigma,55,44.9,78,1,True,False,False,False,False,True,False,False,True,False,False,False,False,False,True,False,False,False
Saudi Arabia,King Abdulaziz University,2025,80.8,86.6,80700,Investment Banker,Excel,Financial Modeling,Data Analysis,44,90.0,71,0,False,False,True,False,True,False,False,False,False,False,False,False,False,False,False,False,False,False
USA,Stanford,2016,90.2,93.9,61200,Mechanical Engineer,SolidWorks,Project Management,AutoCAD,47,20.0,57,1,False,False,False,True,False,False,False,False,True,False,False,False,False,False,True,False,False,False
Israel,Hebrew University of Jerusalem,2024,92.3,98.9,126400,Biomedical Researcher,Medical Coding,Clinical Research,Patient Care,70,67.1,62,1,False,False,True,False,False,True,False,False,False,True,False,False,False,True,False,False,False,False
UAE,Khalifa University,2022,79.6,85.5,45800,Sociologist,Public Policy,Qualitative Research,Data Analysis,68,42.2,85,0,False,False,True,False,False,False,False,False,False,False,False,True,True,False,False,False,False,False
Israel,Hebrew University of Jerusalem,2024,99.0,100.0,125300,Software Engineer,Cloud Computing,Cybersecurity,Python,99,84.7,90,1,False,False,True,False,False,True,True,False,False,False,False,False,False,False,False,False,True,False
China,Tsinghua University,2016,92.5,100.0,57000,Cybersecurity Analyst,React,Java,Cybersecurity,80,12.9,50,1,False,False,False,False,False,True,True,False,False,False,False,False,False,False,False,False,True,False
Germany,Humboldt University,2024,84.5,89.8,100900,Mechanical Engineer,Project Management,SolidWorks,MATLAB,61,81.4,93,0,True,False,False,False,False,True,False,False,True,False,False,False,False,False,True,False,False,False
South Africa,University of Cape Town,2021,77.3,82.1,39200,Human Resources Specialist,Public Policy,Data Analysis,Communication,53,46.1,63,0,False,False,True,False,False,True,False,False,False,False,False,True,True,False,False,False,False,False
South Africa,University of Cape Town,2022,86.7,91.5,51700,Public Health Specialist,Medical Coding,Patient Care,Diagnostics,58,30.7,100,1,False,False,True,False,False,True,False,False,False,True,False,False,False,True,False,False,False,False
Argentina,University of Buenos Aires,2024,91.1,96.2,42800,NLP Specialist,Deep Learning,Big Data,NLP,76,90.0,98,1,False,True,False,False,False,True,False,True,False,False,False,False,False,False,False,False,False,True
South Africa,University of Cape Town,2021,86.4,91.7,38500,Investment Banker,Financial Modeling,Market Research,Strategic Planning,48,45.9,71,1,False,False,True,False,True,False,False,False,False,False,False,False,False,False,False,False,False,False
Saudi Arabia,King Abdulaziz University,2018,88.9,93.7,56300,AI Consultant,Deep Learning,R,Machine Learning,75,10.3,54,1,False,False,True,False,False,False,False,True,False,False,False,False,False,False,False,False,False,True
Saudi Arabia,King Abdulaziz University,2020,73.6,80.5,51400,Management Consultant,Strategic Planning,Market Research,Data Analysis,38,51.5,90,0,False,False,True,False,False,False,False,False,False,False,False,False,False,False,False,False,False,False
Saudi Arabia,King Abdulaziz University,2019,68.2,72.5,53600,Chemist,Laboratory Skills,Scientific Writing,Statistical Analysis,57,5.0,62,0,False,False,True,False,True,False,False,False,False,False,True,False,False,False,False,True,False,False
Canada,McGill University,2024,83.3,86.5,77800,Marketing Manager,Financial Modeling,Excel,Market Research,52,76.7,66,0,False,False,False,True,False,False,False,False,False,False,False,False,False,False,False,False,False,False
USA,Harvard,2021,78.6,84.6,80500,Physicist,Experimental Design,Laboratory Skills,Scientific Writing,81,58.2,69,0,False,False,False,True,True,False,False,False,False,False,True,False,False,False,False,True,False,False
Brazil,University of São Paulo,2020,91.2,98.6,41900,AI Researcher,Cybersecurity,SQL,Java,73,40.5,70,1,False,True,False,False,False,True,True,False,False,False,False,False,False,False,False,False,True,False
Saudi Arabia,King Abdulaziz University,2021,73.1,78.8,39400,Economist,Data Analysis,Communication,Public Policy,61,55.0,61,0,False,False,True,False,False,False,False,False,False,False,False,True,True,False,False,False,False,False
Mexico,UNAM,2020,75.6,84.0,27100,Mechanical Engineer,AutoCAD,SolidWorks,MATLAB,42,44.3,77,0,False,True,False,False,False,False,False,False,True,False,False,False,False,False,True,False,False,False
Israel,Hebrew University of Jerusalem,2023,82.1,89.7,68100,Marketing Manager,Data Analysis,Strategic Planning,Financial Modeling,43,75.0,40,0,False,False,True,False,False,False,False,False,False,False,False,False,False,False,False,False,False,False
Saudi Arabia,King Abdulaziz University,2024,89.4,93.2,52400,Economist,Qualitative Research,Communication,Public Policy,56,78.0,100,1,False,False,True,False,True,False,False,False,False,False,False,True,True,False,False,False,False,False
Canada,McGill University,2024,76.0,84.0,55700,Human Resources Specialist,Public Policy,Data Analysis,Qualitative Research,86,79.0,51,0,False,False,False,True,True,False,False,False,False,False,False,True,True,False,False,False,False,False
Japan,University of Tokyo,2024,99.0,100.0,92100,Data Analyst,NLP,Machine Learning,R,79,79.5,67,1,False,False,False,False,True,False,False,True,False,False,False,False,False,False,False,False,False,True
Australia,University of Sydney,2022,90.3,97.0,108800,Electrical Engineer,AutoCAD,Project Management,Lean Six Sigma,53,73.8,74,1,False,False,False,False,False,True,False,False,True,False,False,False,False,False,True,False,False,False
Sweden,KTH Royal Institute of Technology,2015,87.3,90.1,40800,Sociologist,Qualitative Research,Communication,Public Policy,49,7.3,46,0,True,False,False,False,False,False,False,False,False,False,False,True,True,False,False,False,False,False
Canada,UBC,2022,99.0,100.0,76500,Data Analyst,Data Visualization,Machine Learning,R,83,66.4,71,1,False,False,False,True,False,False,False,True,False,False,False,False,False,False,False,False,False,True
Saudi Arabia,King Abdulaziz University,2019,86.5,92.0,92300,Medical Doctor,Diagnostics,Medical Coding,Clinical Research,50,5.0,87,1,False,False,True,False,False,True,False,False,False,True,False,False,False,True,False,False,False,False
Argentina,University of Buenos Aires,2015,81.5,87.0,23700,Electrical Engineer,MATLAB,Project Management,Lean Six Sigma,60,11.1,83,0,False,True,False,False,True,False,False,False,True,False,False,False,False,False,True,False,False,False
Canada,UBC,2021,96.6,100.0,65500,Software Engineer,React,Cloud Computing,SQL,83,37.3,74,1,False,False,False,True,False,False,True,False,False,False,False,False,False,False,False,False,True,False
Canada,UBC,2021,78.1,81.4,72600,Robotics Engineer,Lean Six Sigma,AutoCAD,Project Management,51,71.2,89,0,False,False,False,True,True,False,False,False,True,False,False,False,False,False,True,False,False,False
UAE,Khalifa University,2022,83.9,89.0,81500,Public Health Specialist,Clinical Research,Diagnostics,Medical Coding,51,53.0,56,0,False,False,True,False,False,False,False,False,False,True,False,False,False,True,False,False,False,False
South Korea,KAIST,2015,81.0,88.2,69100,Electrical Engineer,MATLAB,Lean Six Sigma,Project Management,56,21.5,47,0,False,False,False,False,False,True,False,False,True,False,False,False,False,False,True,False,False,False
Switzerland,EPFL,2019,85.7,88.8,69400,Economist,Data Analysis,Public Policy,Qualitative Research,68,11.7,66,0,True,False,False,False,False,False,False,False,False,False,False,True,True,False,False,False,False,False
France,Ecole Polytechnique,2016,79.4,88.5,70700,Civil Engineer,SolidWorks,Project Management,Lean Six Sigma,52,13.9,58,0,True,False,False,False,False,True,False,False,True,False,False,False,False,False,True,False,False,False
Saudi Arabia,King Abdulaziz University,2020,96.7,99.0,70800,Biomedical Researcher,Diagnostics,Medical Coding,Clinical Research,55,40.3,71,1,False,False,True,False,True,False,False,False,False,True,False,False,False,True,False,False,False,False
Switzerland,ETH Zurich,2023,92.0,98.4,107800,Data Analyst,Deep Learning,Data Visualization,NLP,93,60.1,65,1,True,False,False,False,False,False,False,True,False,False,False,False,False,False,False,False,False,True
China,Fudan University,2016,87.5,89.7,44500,Policy Analyst,Qualitative Research,Data Analysis,Public Policy,55,5.0,70,0,False,False,False,False,False,True,False,False,False,False,False,True,True,False,False,False,False,False
South Korea,KAIST,2025,76.5,79.8,78600,Investment Banker,Excel,Strategic Planning,Financial Modeling,77,74.6,60,0,False,False,False,False,True,False,False,False,False,False,False,False,False,False,False,False,False,False
Germany,TU Munich,2019,89.8,94.4,108200,Biomedical Researcher,Patient Care,Medical Coding,Clinical Research,65,12.1,74,1,True,False,False,False,False,True,False,False,False,True,False,False,False,True,False,False,False,False
Canada,University of Toronto,2022,84.9,89.6,85700,Biologist,Statistical Analysis,Scientific Writing,Experimental Design,68,55.0,67,0,False,False,False,True,False,True,False,False,False,False,True,False,False,False,False,True,False,False
Netherlands,University of Amsterdam,2017,81.1,84.5,59200,Robotics Engineer,Project Management,Lean Six Sigma,AutoCAD,42,11.3,73,0,True,False,False,False,True,False,False,False,True,False,False,False,False,False,True,False,False,False
Canada,McGill University,2025,77.8,83.7,57300,Economist,Qualitative Research,Public Policy,Communication,75,90.0,57,0,False,False,False,True,False,False,False,False,False,False,False,True,True,False,False,False,False,False
Argentina,University of Buenos Aires,2022,94.8,99.8,35900,Machine Learning Engineer,Deep Learning,Data Visualization,Big Data,63,61.6,100,1,False,True,False,False,False,True,False,True,False,False,False,False,False,False,False,False,False,True
Israel,Hebrew University of Jerusalem,2024,87.6,93.4,99100,Pharmacist,Clinical Research,Medical Coding,Diagnostics,71,90.0,51,1,False,False,True,False,True,False,False,False,False,True,False,False,False,True,False,False,False,False
Brazil,University of São Paulo,2021,96.0,100.0,49600,Medical Doctor,Clinical Research,Medical Coding,Patient Care,65,60.3,83,1,False,True,False,False,False,True,False,False,False,True,False,False,False,True,False,False,False,False
France,Ecole Polytechnique,2019,95.4,100.0,69700,AI Consultant,Data Visualization,Deep Learning,NLP,78,10.4,67,1,True,False,False,False,True,False,False,True,False,False,False,False,False,False,False,False,False,True
UAE,Khalifa University,2025,80.8,83.6,80600,Chemist,Experimental Design,Laboratory Skills,Scientific Writing,66,90.0,88,0,False,False,True,False,True,False,False,False,False,False,True,False,False,False,False,True,False,False
Saudi Arabia,King Abdulaziz University,2022,87.0,97.0,85500,Data Analyst,Machine Learning,Deep Learning,Data Visualization,86,72.8,67,1,False,False,True,False,True,False,False,True,False,False,False,False,False,False,False,False,False,True
Brazil,University of São Paulo,2025,85.4,92.9,30200,Policy Analyst,Qualitative Research,Communication,Public Policy,80,90.0,65,1,False,True,False,False,True,False,False,False,False,False,False,True,True,False,False,False,False,False
Canada,UBC,2023,92.9,99.8,86000,Cloud Architect,React,DevOps,Cybersecurity,83,80.7,91,1,False,False,False,True,True,False,True,False,False,False,False,False,False,False,False,False,True,False
Netherlands,University of Amsterdam,2017,75.8,80.5,39800,Chemist,Scientific Writing,Experimental Design,Laboratory Skills,57,7.4,90,0,True,False,False,False,False,False,False,False,False,False,True,False,False,False,False,True,False,False
Germany,Humboldt University,2019,80.2,82.3,62600,Financial Analyst,Excel,Data Analysis,Strategic Planning,44,11.4,40,0,True,False,False,False,False,False,False,False,False,False,False,False,False,False,False,False,False,False
USA,Stanford,2019,89.2,100.0,82400,Pharmacist,Clinical Research,Patient Care,Medical Coding,81,9.1,68,1,False,False,False,True,False,False,False,False,False,True,False,False,False,True,False,False,False,False
UAE,Khalifa University,2024,88.5,90.2,72100,Robotics Engineer,SolidWorks,Lean Six Sigma,Project Management,50,73.8,78,0,False,False,True,False,False,False,False,False,True,False,False,False,False,False,True,False,False,False
USA,Stanford,2024,98.3,100.0,151800,Machine Learning Engineer,NLP,Big Data,Deep Learning,64,88.6,57,1,False,False,False,True,False,True,False,True,False,False,False,False,False,False,False,False,False,True
Germany,TU Munich,2015,93.7,100.0,87100,AI Consultant,Deep Learning,Machine Learning,R,68,7.7,67,1,True,False,False,False,False,True,False,True,False,False,False,False,False,False,False,False,False,True
USA,MIT,2017,74.5,78.1,78400,Electrical Engineer,MATLAB,Project Management,SolidWorks,59,11.6,72,0,False,False,False,True,True,False,False,False,True,False,False,False,False,False,True,False,False,False
USA,Harvard,2021,90.3,91.0,101700,AI Consultant,Machine Learning,Data Visualization,NLP,83,64.3,47,1,False,False,False,True,True,False,False,True,False,False,False,False,False,False,False,False,False,True
Brazil,University of São Paulo,2019,84.6,92.2,30000,Chemist,Scientific Writing,Experimental Design,Statistical Analysis,53,6.5,40,1,False,True,False,False,False,True,False,False,False,False,True,False,False,False,False,True,False,False
Switzerland,ETH Zurich,2025,99.0,100.0,111400,Pharmacist,Clinical Research,Patient Care,Medical Coding,69,90.0,69,1,True,False,False,False,False,False,False,False,False,True,False,False,False,True,False,False,False,False
South Africa,University of Cape Town,2024,97.1,100.0,53300,Pharmacist,Medical Coding,Clinical Research,Patient Care,68,70.2,89,1,False,False,True,False,False,True,False,False,False,True,False,False,False,True,False,False,False,False
Brazil,University of São Paulo,2018,90.2,97.2,47100,NLP Specialist,Machine Learning,NLP,Big Data,71,6.1,58,1,False,True,False,False,False,True,False,True,False,False,False,False,False,False,False,False,False,True
USA,Georgia Tech,2015,83.6,84.9,70200,Financial Analyst,Excel,Market Research,Data Analysis,37,5.0,68,0,False,False,False,True,True,False,False,False,False,False,False,False,False,False,False,False,False,False
USA,Harvard,2016,79.6,82.5,66500,Physicist,Scientific Writing,Statistical Analysis,Experimental Design,40,12.3,61,0,False,False,False,True,True,False,False,False,False,False,True,False,False,False,False,True,False,False
Canada,McGill University,2024,76.8,82.2,66400,Sociologist,Public Policy,Data Analysis,Communication,81,85.9,63,0,False,False,False,True,True,False,False,False,False,False,False,True,True,False,False,False,False,False
Singapore,NTU,2015,80.0,85.1,63300,Environmental Scientist,Statistical Analysis,Experimental Design,Laboratory Skills,46,9.2,73,0,False,False,False,False,True,False,False,False,False,False,True,False,False,False,False,True,False,False
South Africa,University of Cape Town,2015,76.2,78.4,18400,Policy Analyst,Communication,Data Analysis,Qualitative Research,33,5.0,72,0,False,False,True,False,True,False,False,False,False,False,False,True,True,False,False,False,False,False
Switzerland,EPFL,2017,93.8,98.9,100600,Cybersecurity Analyst,Cloud Computing,Python,SQL,54,13.3,82,1,True,False,False,False,True,False,True,False,False,False,False,False,False,False,False,False,True,False
Saudi Arabia,King Abdulaziz University,2016,92.1,95.4,48100,Medical Doctor,Medical Coding,Diagnostics,Patient Care,52,5.0,43,1,False,False,True,False,False,False,False,False,False,True,False,False,False,True,False,False,False,False
South Korea,Seoul National University,2020,80.6,84.8,55100,Electrical Engineer,SolidWorks,MATLAB,AutoCAD,48,36.0,74,0,False,False,False,False,True,False,False,False,True,False,False,False,False,False,True,False,False,False
UK,Imperial College London,2018,80.9,84.6,45500,Environmental Scientist,Laboratory Skills,Statistical Analysis,Experimental Design,67,5.0,77,0,True,False,False,False,False,False,False,False,False,False,True,False,False,False,False,True,False,False
Saudi Arabia,King Abdulaziz University,2023,83.7,88.2,81000,Investment Banker,Excel,Market Research,Financial Modeling,60,80.4,48,0,False,False,True,False,True,False,False,False,False,False,False,False,False,False,False,False,False,False
Saudi Arabia,King Abdulaziz University,2022,91.0,98.5,92600,Software Engineer,DevOps,React,Cybersecurity,87,50.3,65,1,False,False,True,False,False,True,True,False,False,False,False,False,False,False,False,False,True,False
Canada,University of Toronto,2024,79.5,86.4,89600,Physicist,Laboratory Skills,Statistical Analysis,Scientific Writing,54,90.0,82,0,False,False,False,True,False,True,False,False,False,False,True,False,False,False,False,True,False,False
Canada,University of Toronto,2019,80.7,85.4,85400,Chemist,Statistical Analysis,Experimental Design,Laboratory Skills,43,7.4,77,0,False,False,False,True,False,True,False,False,False,False,True,False,False,False,False,True,False,False
Japan,Kyoto University,2016,75.7,80.0,48600,Sociologist,Communication,Public Policy,Data Analysis,50,5.0,78,0,False,False,False,False,True,False,False,False,False,False,False,True,True,False,False,False,False,False
USA,Georgia Tech,2016,92.0,96.1,109700,Public Health Specialist,Patient Care,Medical Coding,Diagnostics,44,10.0,66,1,False,False,False,True,False,True,False,False,False,True,False,False,False,True,False,False,False,False
India,IISc Bangalore,2018,87.6,93.2,26300,Public Health Specialist,Patient Care,Clinical Research,Diagnostics,72,10.7,84,1,False,False,False,False,True,False,False,False,False,True,False,False,False,True,False,False,False,False
Israel,Technion,2022,90.8,93.6,66100,Cybersecurity Analyst,React,Python,SQL,69,52.6,87,1,False,False,True,False,False,False,True,False,False,False,False,False,False,False,False,False,True,False
USA,UC Berkeley,2024,82.5,84.4,103400,Electrical Engineer,Lean Six Sigma,SolidWorks,MATLAB,66,83.0,72,0,False,False,False,True,True,False,False,False,True,False,False,False,False,False,True,False,False,False
Japan,University of Tokyo,2025,78.5,83.4,69400,Physicist,Laboratory Skills,Statistical Analysis,Experimental Design,75,68.0,67,0,False,False,False,False,False,True,False,False,False,False,True,False,False,False,False,True,False,False
Brazil,University of São Paulo,2025,85.5,91.9,28200,Economist,Data Analysis,Qualitative Research,Public Policy,75,82.0,41,1,False,True,False,False,True,False,False,False,False,False,False,True,True,False,False,False,False,False
Switzerland,EPFL,2017,86.3,94.0,98700,Marketing Manager,Excel,Market Research,Strategic Planning,61,12.1,75,1,True,False,False,False,True,False,False,False,False,False,False,False,False,False,False,False,False,False
USA,UC Berkeley,2022,89.3,97.7,85200,AI Consultant,Data Visualization,Deep Learning,R,74,76.1,65,1,False,False,False,True,False,False,False,True,False,False,False,False,False,False,False,False,False,True
Saudi Arabia,King Abdulaziz University,2016,74.2,80.4,57100,Biologist,Scientific Writing,Experimental Design,Laboratory Skills,44,5.0,73,0,False,False,True,False,True,False,False,False,False,False,True,False,False,False,False,True,False,False
Israel,Hebrew University of Jerusalem,2018,78.8,80.8,104600,Financial Analyst,Market Research,Strategic Planning,Excel,55,9.6,78,0,False,False,True,False,False,True,False,False,False,False,False,False,False,False,False,False,False,False
Mexico,UNAM,2024,81.0,89.7,34400,Electrical Engineer,SolidWorks,Lean Six Sigma,MATLAB,70,76.5,45,0,False,True,False,False,True,False,False,False,True,False,False,False,False,False,True,False,False,False
Saudi Arabia,King Abdulaziz University,2016,81.3,88.2,56500,Sociologist,Data Analysis,Public Policy,Qualitative Research,56,5.0,72,0,False,False,True,False,False,True,False,False,False,False,False,True,True,False,False,False,False,False
UAE,Khalifa University,2021,97.6,100.0,75900,NLP Specialist,Machine Learning,Big Data,NLP,89,50.6,75,1,False,False,True,False,False,False,False,True,False,False,False,False,False,False,False,False,False,True
South Korea,Seoul National University,2017,73.3,77.6,48000,Civil Engineer,Lean Six Sigma,AutoCAD,SolidWorks,46,11.9,88,0,False,False,False,False,False,False,False,False,True,False,False,False,False,False,True,False,False,False
Argentina,University of Buenos Aires,2024,79.3,83.5,25000,Public Health Specialist,Diagnostics,Clinical Research,Medical Coding,77,85.4,76,0,False,True,False,False,True,False,False,False,False,True,False,False,False,True,False,False,False,False
Australia,ANU,2020,74.9,80.9,81100,Marketing Manager,Financial Modeling,Market Research,Excel,51,61.8,78,0,False,False,False,False,True,False,False,False,False,False,False,False,False,False,False,False,False,False
France,PSL University,2015,88.2,93.0,61500,Medical Doctor,Clinical Research,Medical Coding,Patient Care,47,15.6,72,1,True,False,False,False,True,False,False,False,False,True,False,False,False,True,False,False,False,False
China,Tsinghua University,2024,90.7,95.8,34500,Human Resources Specialist,Data Analysis,Communication,Qualitative Research,75,73.9,75,1,False,False,False,False,True,False,False,False,False,False,False,True,True,False,False,False,False,False
Mexico,UNAM,2025,73.6,82.6,40600,Civil Engineer,Project Management,SolidWorks,AutoCAD,82,86.0,53,0,False,True,False,False,False,True,False,False,True,False,False,False,False,False,True,False,False,False
Israel,Hebrew University of Jerusalem,2019,81.7,87.4,78300,Mechanical Engineer,Project Management,Lean Six Sigma,AutoCAD,59,12.5,91,0,False,False,True,False,True,False,False,False,True,False,False,False,False,False,True,False,False,False
USA,UC Berkeley,2017,77.8,85.5,110200,Marketing Manager,Financial Modeling,Strategic Planning,Excel,70,25.8,53,0,False,False,False,True,False,True,False,False,False,False,False,False,False,False,False,False,False,False
Argentina,University of Buenos Aires,2022,72.6,78.7,31000,Robotics Engineer,Lean Six Sigma,SolidWorks,MATLAB,58,79.2,58,0,False,True,False,False,False,True,False,False,True,False,False,False,False,False,True,False,False,False
Mexico,UNAM,2024,77.6,78.7,16300,Financial Analyst,Financial Modeling,Data Analysis,Excel,75,59.3,70,0,False,True,False,False,False,False,False,False,False,False,False,False,False,False,False,False,False,False
South Africa,University of Cape Town,2020,91.4,99.7,40600,Public Health Specialist,Clinical Research,Diagnostics,Patient Care,63,31.4,69,1,False,False,True,False,False,True,False,False,False,True,False,False,False,True,False,False,False,False
Canada,UBC,2023,82.4,84.6,65200,Mechanical Engineer,MATLAB,SolidWorks,Lean Six Sigma,71,43.0,60,0,False,False,False,True,False,False,False,False,True,False,False,False,False,False,True,False,False,False
UAE,Khalifa University,2025,84.4,89.5,64300,Policy Analyst,Public Policy,Communication,Qualitative Research,55,80.2,72,0,False,False,True,False,True,False,False,False,False,False,False,True,True,False,False,False,False,False
Australia,University of Melbourne,2023,78.4,82.4,89700,Management Consultant,Data Analysis,Excel,Strategic Planning,72,64.8,68,0,False,False,False,False,True,False,False,False,False,False,False,False,False,False,False,False,False,False
Japan,University of Tokyo,2024,72.9,74.2,53500,Policy Analyst,Communication,Data Analysis,Qualitative Research,75,73.2,65,0,False,False,False,False,False,False,False,False,False,False,False,True,True,False,False,False,False,False
Argentina,University of Buenos Aires,2025,91.7,99.9,31600,Software Engineer,Cloud Computing,React,Cybersecurity,98,90.0,48,1,False,True,False,False,False,True,True,False,False,False,False,False,False,False,False,False,True,False
South Korea,Seoul National University,2016,75.8,79.2,40300,Public Health Specialist,Medical Coding,Patient Care,Clinical Research,61,12.6,66,0,False,False,False,False,False,False,False,False,False,True,False,False,False,True,False,False,False,False
Japan,University of Tokyo,2024,89.6,95.0,96300,Cybersecurity Analyst,Java,Cybersecurity,SQL,95,63.8,74,1,False,False,False,False,False,True,True,False,False,False,False,False,False,False,False,False,True,False
India,IIT Delhi,2022,80.9,87.3,40400,Mechanical Engineer,Project Management,AutoCAD,Lean Six Sigma,92,59.0,75,0,False,False,False,False,False,True,False,False,True,False,False,False,False,False,True,False,False,False
Switzerland,ETH Zurich,2021,82.2,88.1,89900,Chemist,Experimental Design,Laboratory Skills,Statistical Analysis,63,39.8,73,0,True,False,False,False,True,False,False,False,False,False,True,False,False,False,False,True,False,False
Switzerland,EPFL,2019,82.2,89.2,70500,Human Resources Specialist,Public Policy,Data Analysis,Communication,55,13.7,74,0,True,False,False,False,False,False,False,False,False,False,False,True,True,False,False,False,False,False
Mexico,UNAM,2023,82.8,85.9,17500,Human Resources Specialist,Qualitative Research,Data Analysis,Communication,59,71.9,74,0,False,True,False,False,True,False,False,False,False,False,False,True,True,False,False,False,False,False
India,IISc Bangalore,2019,96.5,100.0,21900,AI Researcher,SQL,DevOps,React,70,5.0,67,1,False,False,False,False,True,False,True,False,False,False,False,False,False,False,False,False,True,False
UAE,Khalifa University,2020,83.6,87.8,71500,Sociologist,Data Analysis,Communication,Qualitative Research,39,36.1,65,0,False,False,True,False,False,True,False,False,False,False,False,True,True,False,False,False,False,False
Japan,University of Tokyo,2024,77.8,86.1,56500,Economist,Data Analysis,Qualitative Research,Public Policy,48,90.0,66,0,False,False,False,False,True,False,False,False,False,False,False,True,True,False,False,False,False,False
South Africa,University of Cape Town,2015,91.6,98.9,38700,Pharmacist,Clinical Research,Diagnostics,Medical Coding,46,5.0,91,1,False,False,True,False,True,False,False,False,False,True,False,False,False,True,False,False,False,False
USA,UC Berkeley,2019,82.4,89.8,84500,Mechanical Engineer,MATLAB,Project Management,AutoCAD,47,13.0,61,0,False,False,False,True,True,False,False,False,True,False,False,False,False,False,True,False,False,False
UAE,Khalifa University,2018,83.4,85.4,68800,Policy Analyst,Public Policy,Communication,Data Analysis,48,16.8,83,0,False,False,True,False,False,True,False,False,False,False,False,True,True,False,False,False,False,False
Saudi Arabia,King Abdulaziz University,2025,84.2,88.6,84000,Biologist,Statistical Analysis,Laboratory Skills,Scientific Writing,83,88.0,73,0,False,False,True,False,False,True,False,False,False,False,True,False,False,False,False,True,False,False
South Korea,Seoul National University,2019,79.1,87.2,79800,Financial Analyst,Data Analysis,Excel,Strategic Planning,42,18.1,64,0,False,False,False,False,False,True,False,False,False,False,False,False,False,False,False,False,False,False
Canada,University of Toronto,2020,71.8,75.9,76700,Financial Analyst,Financial Modeling,Excel,Strategic Planning,49,33.9,67,0,False,False,False,True,True,False,False,False,False,False,False,False,False,False,False,False,False,False
Brazil,University of São Paulo,2021,91.0,96.7,33500,Medical Doctor,Patient Care,Medical Coding,Diagnostics,51,41.2,96,1,False,True,False,False,False,False,False,False,False,True,False,False,False,True,False,False,False,False
Switzerland,EPFL,2025,98.3,100.0,107200,Medical Doctor,Clinical Research,Patient Care,Medical Coding,70,90.0,89,1,True,False,False,False,False,False,False,False,False,True,False,False,False,True,False,False,False,False
USA,MIT,2019,81.1,85.9,83600,Economist,Data Analysis,Public Policy,Qualitative Research,61,14.5,70,0,False,False,False,True,False,True,False,False,False,False,False,True,True,False,False,False,False,False
USA,UC Berkeley,2020,89.4,95.2,90800,Robotics Engineer,SolidWorks,AutoCAD,MATLAB,63,24.8,40,1,False,False,False,True,True,False,False,False,True,False,False,False,False,False,True,False,False,False
Mexico,UNAM,2016,82.5,86.5,27800,Environmental Scientist,Statistical Analysis,Laboratory Skills,Experimental Design,54,9.7,86,0,False,True,False,False,False,True,False,False,False,False,True,False,False,False,False,True,False,False
Canada,McGill University,2021,89.3,96.2,116500,AI Consultant,Machine Learning,NLP,R,79,55.3,62,1,False,False,False,True,False,True,False,True,False,False,False,False,False,False,False,False,False,True
Canada,McGill University,2017,83.4,88.4,84000,Civil Engineer,Lean Six Sigma,AutoCAD,Project Management,58,8.7,42,0,False,False,False,True,False,True,False,False,True,False,False,False,False,False,True,False,False,False
Singapore,NTU,2020,84.0,88.4,49300,Economist,Data Analysis,Public Policy,Qualitative Research,57,49.9,59,0,False,False,False,False,False,False,False,False,False,False,False,True,True,False,False,False,False,False
UK,Cambridge,2024,79.2,83.2,41100,Policy Analyst,Qualitative Research,Data Analysis,Communication,58,78.2,77,0,True,False,False,False,False,False,False,False,False,False,False,True,True,False,False,False,False,False
South Africa,University of Cape Town,2022,84.5,93.2,41100,Physicist,Laboratory Skills,Experimental Design,Statistical Analysis,60,62.8,62,1,False,False,True,False,False,True,False,False,False,False,True,False,False,False,False,True,False,False
Singapore,NUS,2018,88.3,92.4,81400,Cybersecurity Analyst,SQL,React,Cybersecurity,79,21.7,59,1,False,False,False,False,True,False,True,False,False,False,False,False,False,False,False,False,True,False
Saudi Arabia,King Abdulaziz University,2017,89.7,95.5,50400,Cybersecurity Analyst,DevOps,React,Python,76,16.4,40,1,False,False,True,False,False,False,True,False,False,False,False,False,False,False,False,False,True,False
UAE,Khalifa University,2017,80.5,87.7,55500,Sociologist,Public Policy,Data Analysis,Communication,38,5.0,78,0,False,False,True,False,False,True,False,False,False,False,False,True,True,False,False,False,False,False
Canada,UBC,2024,74.5,77.6,59200,Environmental Scientist,Laboratory Skills,Experimental Design,Scientific Writing,58,81.1,60,0,False,False,False,True,False,False,False,False,False,False,True,False,False,False,False,True,False,False
Saudi Arabia,King Abdulaziz University,2020,65.7,69.75,57500,Financial Analyst,Data Analysis,Excel,Financial Modeling,48,37.4,61,0,False,False,True,False,False,False,False,False,False,False,False,False,False,False,False,False,False,False
India,IIT Bombay,2020,73.7,78.8,37700,Civil Engineer,AutoCAD,Lean Six Sigma,Project Management,65,58.6,62,0,False,False,False,False,False,True,False,False,True,False,False,False,False,False,True,False,False,False
Brazil,University of São Paulo,2022,74.0,74.2,43300,Mechanical Engineer,Project Management,AutoCAD,SolidWorks,72,59.9,87,0,False,True,False,False,False,True,False,False,True,False,False,False,False,False,True,False,False,False
Israel,Technion,2016,82.6,91.3,51800,Investment Banker,Financial Modeling,Market Research,Data Analysis,56,11.4,70,1,False,False,True,False,False,False,False,False,False,False,False,False,False,False,False,False,False,False
South Africa,University of Cape Town,2022,89.8,93.6,33300,Biologist,Statistical Analysis,Laboratory Skills,Scientific Writing,69,44.4,52,1,False,False,True,False,False,True,False,False,False,False,True,False,False,False,False,True,False,False
Israel,Hebrew University of Jerusalem,2024,78.3,86.2,78200,Robotics Engineer,AutoCAD,Project Management,MATLAB,67,61.6,83,0,False,False,True,False,False,False,False,False,True,False,False,False,False,False,True,False,False,False
UAE,Khalifa University,2015,84.7,89.8,64300,Investment Banker,Market Research,Strategic Planning,Financial Modeling,34,10.8,100,0,False,False,True,False,True,False,False,False,False,False,False,False,False,False,False,False,False,False
UAE,Khalifa University,2018,92.7,99.9,104600,Public Health Specialist,Diagnostics,Medical Coding,Clinical Research,58,11.0,53,1,False,False,True,False,False,True,False,False,False,True,False,False,False,True,False,False,False,False
USA,MIT,2022,85.2,88.5,58700,Policy Analyst,Data Analysis,Public Policy,Communication,78,59.1,56,0,False,False,False,True,False,False,False,False,False,False,False,True,True,False,False,False,False,False
Canada,McGill University,2019,78.6,85.1,65500,Investment Banker,Excel,Data Analysis,Financial Modeling,55,9.7,77,0,False,False,False,True,False,False,False,False,False,False,False,False,False,False,False,False,False,False
USA,Stanford,2023,70.0,72.8,81600,Marketing Manager,Financial Modeling,Market Research,Data Analysis,75,68.7,62,0,False,False,False,True,False,False,False,False,False,False,False,False,False,False,False,False,False,False
South Africa,University of Cape Town,2025,74.6,75.6,18300,Sociologist,Communication,Public Policy,Data Analysis,68,84.0,55,0,False,False,True,False,False,False,False,False,False,False,False,True,True,False,False,False,False,False
UK,Cambridge,2018,84.8,94.0,88100,Marketing Manager,Data Analysis,Strategic Planning,Financial Modeling,40,15.8,84,1,True,False,False,False,False,True,False,False,False,False,False,False,False,False,False,False,False,False
Israel,Technion,2018,82.3,86.4,70500,Robotics Engineer,Lean Six Sigma,SolidWorks,AutoCAD,57,17.5,79,0,False,False,True,False,True,False,False,False,True,False,False,False,False,False,True,False,False,False
India,IIT Delhi,2025,80.8,82.9,41600,Electrical Engineer,MATLAB,Lean Six Sigma,AutoCAD,67,90.0,47,0,False,False,False,False,False,True,False,False,True,False,False,False,False,False,True,False,False,False
UK,Oxford,2016,81.9,84.9,57000,Civil Engineer,SolidWorks,Lean Six Sigma,Project Management,44,7.9,49,0,True,False,False,False,True,False,False,False,True,False,False,False,False,False,True,False,False,False
India,IIT Delhi,2025,86.5,88.9,34200,Civil Engineer,Lean Six Sigma,Project Management,MATLAB,54,83.7,80,0,False,False,False,False,False,True,False,False,True,False,False,False,False,False,True,False,False,False
Canada,UBC,2018,78.9,84.0,59700,Physicist,Experimental Design,Statistical Analysis,Scientific Writing,38,12.5,75,0,False,False,False,True,True,False,False,False,False,False,True,False,False,False,False,True,False,False
Argentina,University of Buenos Aires,2021,95.0,97.8,19300,Machine Learning Engineer,Big Data,Deep Learning,NLP,93,51.5,64,1,False,True,False,False,False,False,False,True,False,False,False,False,False,False,False,False,False,True
Brazil,University of São Paulo,2023,80.7,88.2,25800,Human Resources Specialist,Public Policy,Qualitative Research,Communication,55,62.4,85,0,False,True,False,False,True,False,False,False,False,False,False,True,True,False,False,False,False,False
Canada,McGill University,2023,94.5,100.0,68100,Data Scientist,SQL,Python,DevOps,81,76.8,52,1,False,False,False,True,False,False,True,False,False,False,False,False,False,False,False,False,True,False
France,Ecole Polytechnique,2016,81.0,86.9,39900,Economist,Public Policy,Qualitative Research,Communication,45,5.0,77,0,True,False,False,False,False,False,False,False,False,False,False,True,True,False,False,False,False,False
Argentina,University of Buenos Aires,2017,79.7,86.5,10700,Marketing Manager,Data Analysis,Strategic Planning,Market Research,55,19.7,85,0,False,True,False,False,True,False,False,False,False,False,False,False,False,False,False,False,False,False
USA,UC Berkeley,2023,93.1,98.0,141600,AI Consultant,Machine Learning,R,Data Visualization,70,60.6,61,1,False,False,False,True,False,True,False,True,False,False,False,False,False,False,False,False,False,True
Saudi Arabia,King Abdulaziz University,2015,93.2,97.7,75600,Machine Learning Engineer,Big Data,R,Machine Learning,53,12.0,80,1,False,False,True,False,False,True,False,True,False,False,False,False,False,False,False,False,False,True
Mexico,UNAM,2020,91.4,97.6,37900,Software Engineer,Cloud Computing,Java,Cybersecurity,86,43.1,57,1,False,True,False,False,False,True,True,False,False,False,False,False,False,False,False,False,True,False
Saudi Arabia,King Abdulaziz University,2023,87.2,91.0,73200,Civil Engineer,AutoCAD,SolidWorks,MATLAB,86,64.7,70,1,False,False,True,False,True,False,False,False,True,False,False,False,False,False,True,False,False,False
France,Ecole Polytechnique,2025,92.4,93.9,83300,Medical Doctor,Diagnostics,Patient Care,Clinical Research,64,79.1,72,1,True,False,False,False,True,False,False,False,False,True,False,False,False,True,False,False,False,False
Japan,Kyoto University,2023,94.5,94.7,81200,Pharmacist,Clinical Research,Patient Care,Medical Coding,86,73.0,58,1,False,False,False,False,True,False,False,False,False,True,False,False,False,True,False,False,False,False
South Africa,University of Cape Town,2016,80.9,84.5,26800,Management Consultant,Financial Modeling,Data Analysis,Market Research,53,7.0,63,0,False,False,True,False,False,False,False,False,False,False,False,False,False,False,False,False,False,False
USA,Stanford,2017,84.1,89.4,84100,Cloud Architect,DevOps,Java,React,79,12.6,82,0,False,False,False,True,True,False,True,False,False,False,False,False,False,False,False,False,True,False
Canada,McGill University,2017,90.3,97.0,100800,Pharmacist,Diagnostics,Patient Care,Medical Coding,40,5.5,55,1,False,False,False,True,False,True,False,False,False,True,False,False,False,True,False,False,False,False
Canada,University of Toronto,2018,94.7,100.0,66700,Cybersecurity Analyst,SQL,Cybersecurity,Cloud Computing,86,5.6,75,1,False,False,False,True,False,False,True,False,False,False,False,False,False,False,False,False,True,False
South Africa,University of Cape Town,2025,95.5,100.0,45600,Biomedical Researcher,Diagnostics,Patient Care,Medical Coding,66,90.0,83,1,False,False,True,False,True,False,False,False,False,True,False,False,False,True,False,False,False,False
India,IIT Delhi,2020,79.7,82.6,18700,Management Consultant,Excel,Financial Modeling,Data Analysis,35,42.0,79,0,False,False,False,False,False,False,False,False,False,False,False,False,False,False,False,False,False,False
South Korea,Seoul National University,2023,73.3,77.6,81000,Civil Engineer,MATLAB,Project Management,AutoCAD,43,83.7,53,0,False,False,False,False,False,True,False,False,True,False,False,False,False,False,True,False,False,False
Germany,TU Munich,2024,94.7,97.9,85600,AI Consultant,Deep Learning,Data Visualization,R,76,83.5,57,1,True,False,False,False,False,False,False,True,False,False,False,False,False,False,False,False,False,True
Germany,Humboldt University,2025,90.6,92.0,121100,AI Researcher,Cloud Computing,SQL,Java,67,90.0,61,1,True,False,False,False,False,True,True,False,False,False,False,False,False,False,False,False,True,False
Argentina,University of Buenos Aires,2016,96.5,100.0,26700,Data Analyst,Machine Learning,Data Visualization,Big Data,69,8.3,77,1,False,True,False,False,False,True,False,True,False,False,False,False,False,False,False,False,False,True
Mexico,UNAM,2023,81.1,87.2,11000,Human Resources Specialist,Communication,Data Analysis,Qualitative Research,72,50.6,58,0,False,True,False,False,False,False,False,False,False,False,False,True,True,False,False,False,False,False
Australia,ANU,2024,80.5,86.5,57000,Environmental Scientist,Experimental Design,Statistical Analysis,Laboratory Skills,82,75.1,62,0,False,False,False,False,False,False,False,False,False,False,True,False,False,False,False,True,False,False
USA,Georgia Tech,2015,91.5,99.0,77200,NLP Specialist,Data Visualization,Big Data,Deep Learning,72,5.0,50,1,False,False,False,True,False,False,False,True,False,False,False,False,False,False,False,False,False,True
China,Peking University,2025,93.3,100.0,38400,Public Health Specialist,Patient Care,Medical Coding,Clinical Research,88,90.0,87,1,False,False,False,False,False,False,False,False,False,True,False,False,False,True,False,False,False,False
UK,Oxford,2022,77.2,83.9,79400,Chemist,Laboratory Skills,Scientific Writing,Statistical Analysis,68,61.1,75,0,True,False,False,False,False,True,False,False,False,False,True,False,False,False,False,True,False,False
Mexico,UNAM,2021,99.0,100.0,42600,NLP Specialist,Deep Learning,Data Visualization,R,87,58.5,77,1,False,True,False,False,False,True,False,True,False,False,False,False,False,False,False,False,False,True
China,Peking University,2019,95.0,97.2,48000,Data Analyst,Data Visualization,Big Data,Machine Learning,88,5.0,74,1,False,False,False,False,True,False,False,True,False,False,False,False,False,False,False,False,False,True
Argentina,University of Buenos Aires,2017,94.0,98.9,19500,Data Analyst,NLP,Data Visualization,Big Data,58,12.1,61,1,False,True,False,False,True,False,False,True,False,False,False,False,False,False,False,False,False,True
UAE,Khalifa University,2022,90.0,95.8,79200,NLP Specialist,Big Data,R,Machine Learning,74,54.1,63,1,False,False,True,False,False,False,False,True,False,False,False,False,False,False,False,False,False,True
USA,UC Berkeley,2021,99.0,100.0,140900,Data Analyst,Deep Learning,Big Data,Data Visualization,92,28.3,52,1,False,False,False,True,False,True,False,True,False,False,False,False,False,False,False,False,False,True
Germany,Heidelberg University,2022,84.5,86.3,85000,Pharmacist,Clinical Research,Patient Care,Medical Coding,68,57.9,75,0,True,False,False,False,True,False,False,False,False,True,False,False,False,True,False,False,False,False
Israel,Technion,2015,81.3,87.6,50500,Environmental Scientist,Statistical Analysis,Experimental Design,Scientific Writing,49,5.0,85,0,False,False,True,False,False,False,False,False,False,False,True,False,False,False,False,True,False,False
Canada,McGill University,2025,75.3,80.0,69300,Management Consultant,Strategic Planning,Financial Modeling,Data Analysis,60,85.8,75,0,False,False,False,True,False,False,False,False,False,False,False,False,False,False,False,False,False,False
Brazil,University of São Paulo,2024,78.5,82.5,48000,Marketing Manager,Data Analysis,Excel,Market Research,78,85.0,100,0,False,True,False,False,False,True,False,False,False,False,False,False,False,False,False,False,False,False
Canada,UBC,2015,98.7,100.0,99400,Biomedical Researcher,Medical Coding,Clinical Research,Diagnostics,57,9.7,61,1,False,False,False,True,False,True,False,False,False,True,False,False,False,True,False,False,False,False
South Korea,Seoul National University,2015,86.0,92.0,50000,Electrical Engineer,MATLAB,Lean Six Sigma,Project Management,41,13.7,60,1,False,False,False,False,True,False,False,False,True,False,False,False,False,False,True,False,False,False
Canada,McGill University,2016,81.5,86.0,66600,Policy Analyst,Qualitative Research,Communication,Public Policy,59,5.0,99,0,False,False,False,True,False,True,False,False,False,False,False,True,True,False,False,False,False,False
Saudi Arabia,King Abdulaziz University,2025,78.3,84.0,56700,Physicist,Scientific Writing,Statistical Analysis,Experimental Design,75,89.0,69,0,False,False,True,False,True,False,False,False,False,False,True,False,False,False,False,True,False,False
South Africa,University of Cape Town,2023,78.8,86.6,32700,Robotics Engineer,MATLAB,Lean Six Sigma,Project Management,74,78.7,55,0,False,False,True,False,False,False,False,False,True,False,False,False,False,False,True,False,False,False
India,IIT Bombay,2023,78.5,81.5,22600,Mechanical Engineer,Project Management,Lean Six Sigma,MATLAB,69,64.6,79,0,False,False,False,False,False,False,False,False,True,False,False,False,False,False,True,False,False,False
Mexico,UNAM,2017,88.6,91.8,11300,Biologist,Laboratory Skills,Statistical Analysis,Scientific Writing,56,14.0,61,1,False,True,False,False,False,False,False,False,False,False,True,False,False,False,False,True,False,False
India,IIT Delhi,2020,86.9,94.8,42500,Medical Doctor,Patient Care,Medical Coding,Diagnostics,60,34.0,65,1,False,False,False,False,False,True,False,False,False,True,False,False,False,True,False,False,False,False
USA,Stanford,2018,80.1,83.6,109800,Civil Engineer,MATLAB,Project Management,AutoCAD,53,5.0,97,0,False,False,False,True,False,True,False,False,True,False,False,False,False,False,True,False,False,False
Canada,UBC,2015,94.2,99.6,53300,Software Engineer,SQL,DevOps,React,60,10.0,81,1,False,False,False,True,False,False,True,False,False,False,False,False,False,False,False,False,True,False
UK,Oxford,2024,99.0,100.0,113900,Public Health Specialist,Clinical Research,Patient Care,Diagnostics,77,75.4,53,1,True,False,False,False,False,True,False,False,False,True,False,False,False,True,False,False,False,False
USA,Harvard,2016,94.0,100.0,105700,Data Scientist,SQL,Python,Cybersecurity,50,10.0,72,1,False,False,False,True,False,True,True,False,False,False,False,False,False,False,False,False,True,False
Saudi Arabia,King Abdulaziz University,2015,99.0,100.0,84400,AI Consultant,Machine Learning,Deep Learning,R,83,8.9,84,1,False,False,True,False,False,True,False,True,False,False,False,False,False,False,False,False,False,True
India,IISc Bangalore,2018,99.0,100.0,44200,Biomedical Researcher,Clinical Research,Diagnostics,Medical Coding,53,8.3,77,1,False,False,False,False,False,True,False,False,False,True,False,False,False,True,False,False,False,False
France,PSL University,2016,88.8,93.9,85000,AI Researcher,Java,Cybersecurity,DevOps,51,17.2,62,1,True,False,False,False,False,True,True,False,False,False,False,False,False,False,False,False,True,False
Saudi Arabia,King Abdulaziz University,2017,91.5,98.7,84300,Cybersecurity Analyst,SQL,Cloud Computing,DevOps,45,9.9,68,1,False,False,True,False,False,True,True,False,False,False,False,False,False,False,False,False,True,False
Switzerland,ETH Zurich,2020,99.0,100.0,112500,Cloud Architect,Python,DevOps,SQL,87,43.6,88,1,True,False,False,False,True,False,True,False,False,False,False,False,False,False,False,False,True,False
Netherlands,University of Amsterdam,2023,89.3,96.5,112600,AI Consultant,NLP,Machine Learning,Big Data,90,54.6,61,1,True,False,False,False,False,True,False,True,False,False,False,False,False,False,False,False,False,True
Brazil,University of São Paulo,2024,85.4,89.1,38000,Marketing Manager,Excel,Data Analysis,Financial Modeling,38,85.2,51,0,False,True,False,False,True,False,False,False,False,False,False,False,False,False,False,False,False,False
South Korea,Seoul National University,2022,65.8,72.5,31700,Environmental Scientist,Scientific Writing,Laboratory Skills,Experimental Design,65,57.7,90,0,False,False,False,False,False,False,False,False,False,False,True,False,False,False,False,True,False,False
Canada,McGill University,2025,91.1,93.3,88600,Human Resources Specialist,Public Policy,Data Analysis,Communication,69,73.8,66,1,False,False,False,True,False,True,False,False,False,False,False,True,True,False,False,False,False,False
Argentina,University of Buenos Aires,2016,86.1,91.2,23700,Civil Engineer,MATLAB,Project Management,SolidWorks,58,13.5,100,1,False,True,False,False,False,True,False,False,True,False,False,False,False,False,True,False,False,False
Israel,Technion,2021,75.3,80.8,54600,Environmental Scientist,Experimental Design,Statistical Analysis,Scientific Writing,53,64.8,65,0,False,False,True,False,False,False,False,False,False,False,True,False,False,False,False,True,False,False
South Korea,KAIST,2019,88.9,95.3,60000,Medical Doctor,Patient Care,Diagnostics,Clinical Research,56,6.8,94,1,False,False,False,False,True,False,False,False,False,True,False,False,False,True,False,False,False,False
South Korea,KAIST,2017,80.2,86.5,28000,Policy Analyst,Public Policy,Data Analysis,Communication,37,12.4,54,0,False,False,False,False,False,False,False,False,False,False,False,True,True,False,False,False,False,False
Argentina,University of Buenos Aires,2024,75.2,81.6,24700,Investment Banker,Excel,Strategic Planning,Data Analysis,79,88.6,73,0,False,True,False,False,False,False,False,False,False,False,False,False,False,False,False,False,False,False
Canada,McGill University,2025,87.1,95.1,80500,AI Consultant,Data Visualization,NLP,R,83,79.6,79,1,False,False,False,True,False,False,False,True,False,False,False,False,False,False,False,False,False,True
UAE,Khalifa University,2021,86.5,88.6,79800,Cybersecurity Analyst,DevOps,Cloud Computing,SQL,77,49.2,73,0,False,False,True,False,True,False,True,False,False,False,False,False,False,False,False,False,True,False
Brazil,University of São Paulo,2025,92.6,97.3,37100,Pharmacist,Medical Coding,Diagnostics,Clinical Research,68,90.0,89,1,False,True,False,False,False,False,False,False,False,True,False,False,False,True,False,False,False,False
Brazil,University of São Paulo,2022,80.7,83.7,44200,Marketing Manager,Financial Modeling,Data Analysis,Excel,49,66.7,78,0,False,True,False,False,False,True,False,False,False,False,False,False,False,False,False,False,False,False
Argentina,University of Buenos Aires,2021,92.4,100.0,34400,Cybersecurity Analyst,Cloud Computing,DevOps,Cybersecurity,77,59.6,69,1,False,True,False,False,False,True,True,False,False,False,False,False,False,False,False,False,True,False
South Africa,University of Cape Town,2015,94.2,100.0,30000,AI Researcher,Cybersecurity,Python,Java,73,10.4,69,1,False,False,True,False,True,False,True,False,False,False,False,False,False,False,False,False,True,False
Singapore,NUS,2021,98.9,100.0,141700,AI Consultant,Machine Learning,Data Visualization,R,83,60.1,77,1,False,False,False,False,False,True,False,True,False,False,False,False,False,False,False,False,False,True
Mexico,UNAM,2018,81.5,86.3,31900,Mechanical Engineer,Project Management,MATLAB,SolidWorks,30,11.1,62,0,False,True,False,False,False,True,False,False,True,False,False,False,False,False,True,False,False,False
Canada,University of Toronto,2015,81.3,84.0,72200,Robotics Engineer,Lean Six Sigma,MATLAB,AutoCAD,49,5.0,77,0,False,False,False,True,True,False,False,False,True,False,False,False,False,False,True,False,False,False
Argentina,University of Buenos Aires,2022,96.0,99.5,26800,Cybersecurity Analyst,Cybersecurity,Python,Cloud Computing,84,46.3,80,1,False,True,False,False,True,False,True,False,False,False,False,False,False,False,False,False,True,False
Israel,Hebrew University of Jerusalem,2022,95.5,100.0,119500,AI Researcher,Python,React,Java,88,76.0,65,1,False,False,True,False,False,True,True,False,False,False,False,False,False,False,False,False,True,False
Argentina,University of Buenos Aires,2019,84.6,87.8,20000,Pharmacist,Medical Coding,Patient Care,Clinical Research,58,15.5,66,0,False,True,False,False,False,False,False,False,False,True,False,False,False,True,False,False,False,False
USA,Harvard,2019,89.2,93.1,91700,Cloud Architect,Cybersecurity,DevOps,Java,80,5.0,89,1,False,False,False,True,True,False,True,False,False,False,False,False,False,False,False,False,True,False
USA,Georgia Tech,2016,94.9,97.3,88700,NLP Specialist,Big Data,NLP,Data Visualization,78,13.4,75,1,False,False,False,True,True,False,False,True,False,False,False,False,False,False,False,False,False,True
France,PSL University,2019,84.2,86.9,65600,Chemist,Scientific Writing,Statistical Analysis,Experimental Design,55,15.1,81,0,True,False,False,False,False,True,False,False,False,False,True,False,False,False,False,True,False,False
Mexico,UNAM,2022,88.1,94.4,40700,Pharmacist,Patient Care,Clinical Research,Medical Coding,64,36.8,81,1,False,True,False,False,False,True,False,False,False,True,False,False,False,True,False,False,False,False
Sweden,Karolinska Institute,2023,87.3,90.1,59100,Economist,Data Analysis,Communication,Public Policy,34,72.8,74,0,True,False,False,False,True,False,False,False,False,False,False,True,True,False,False,False,False,False
South Korea,Seoul National University,2025,75.1,85.6,44400,Electrical Engineer,MATLAB,SolidWorks,Project Management,66,90.0,60,0,False,False,False,False,False,False,False,False,True,False,False,False,False,False,True,False,False,False
USA,UC Berkeley,2019,80.4,84.9,63100,Environmental Scientist,Statistical Analysis,Experimental Design,Laboratory Skills,54,9.4,73,0,False,False,False,True,True,False,False,False,False,False,True,False,False,False,False,True,False,False
UK,Cambridge,2018,83.7,89.7,56900,Cybersecurity Analyst,SQL,Cloud Computing,DevOps,56,5.0,81,0,True,False,False,False,False,False,True,False,False,False,False,False,False,False,False,False,True,False
Israel,Hebrew University of Jerusalem,2018,92.7,94.9,106400,Software Engineer,Java,Cloud Computing,SQL,68,8.7,46,1,False,False,True,False,False,True,True,False,False,False,False,False,False,False,False,False,True,False
Japan,University of Tokyo,2015,86.3,94.1,54800,Physicist,Experimental Design,Laboratory Skills,Scientific Writing,45,13.8,41,1,False,False,False,False,False,True,False,False,False,False,True,False,False,False,False,True,False,False
Australia,University of Sydney,2020,76.0,81.6,69300,Financial Analyst,Financial Modeling,Data Analysis,Excel,57,53.2,56,0,False,False,False,False,False,False,False,False,False,False,False,False,False,False,False,False,False,False
UK,Oxford,2024,81.6,86.3,81200,Economist,Communication,Qualitative Research,Public Policy,66,71.5,69,0,True,False,False,False,False,True,False,False,False,False,False,True,True,False,False,False,False,False
UAE,Khalifa University,2024,82.5,87.6,72100,Environmental Scientist,Experimental Design,Scientific Writing,Laboratory Skills,75,89.2,54,0,False,False,True,False,True,False,False,False,False,False,True,False,False,False,False,True,False,False
Germany,TU Munich,2019,74.1,80.2,62200,Mechanical Engineer,SolidWorks,Lean Six Sigma,Project Management,64,5.0,71,0,True,False,False,False,False,False,False,False,True,False,False,False,False,False,True,False,False,False
Argentina,University of Buenos Aires,2020,89.2,96.9,28300,Data Scientist,Cybersecurity,DevOps,React,73,31.9,71,1,False,True,False,False,False,True,True,False,False,False,False,False,False,False,False,False,True,False
India,IIT Delhi,2020,80.5,87.9,23800,Policy Analyst,Communication,Public Policy,Data Analysis,65,18.2,62,0,False,False,False,False,True,False,False,False,False,False,False,True,True,False,False,False,False,False
France,Ecole Polytechnique,2020,83.6,83.6,48000,Human Resources Specialist,Public Policy,Communication,Data Analysis,85,45.3,72,0,True,False,False,False,True,False,False,False,False,False,False,True,True,False,False,False,False,False
Brazil,University of São Paulo,2016,99.0,100.0,38100,Data Analyst,Deep Learning,R,NLP,81,10.7,67,1,False,True,False,False,True,False,False,True,False,False,False,False,False,False,False,False,False,True
Argentina,University of Buenos Aires,2015,78.9,82.5,22900,Marketing Manager,Excel,Financial Modeling,Strategic Planning,36,9.6,44,0,False,True,False,False,False,True,False,False,False,False,False,False,False,False,False,False,False,False
Mexico,UNAM,2017,79.8,85.1,17600,Biologist,Scientific Writing,Experimental Design,Laboratory Skills,48,25.4,90,0,False,True,False,False,False,False,False,False,False,False,True,False,False,False,False,True,False,False
Argentina,University of Buenos Aires,2015,82.4,86.2,8400,Human Resources Specialist,Public Policy,Communication,Data Analysis,39,5.0,76,0,False,True,False,False,True,False,False,False,False,False,False,True,True,False,False,False,False,False
UK,LSE,2019,84.8,91.8,38700,Policy Analyst,Communication,Data Analysis,Public Policy,71,5.7,77,1,True,False,False,False,False,False,False,False,False,False,False,True,True,False,False,False,False,False
Germany,Humboldt University,2025,80.6,84.1,98700,Biologist,Statistical Analysis,Scientific Writing,Experimental Design,86,90.0,79,0,True,False,False,False,False,True,False,False,False,False,True,False,False,False,False,True,False,False
Mexico,UNAM,2025,75.2,79.0,26400,Civil Engineer,Lean Six Sigma,MATLAB,Project Management,68,79.4,69,0,False,True,False,False,True,False,False,False,True,False,False,False,False,False,True,False,False,False
Canada,McGill University,2021,74.4,80.7,55800,Investment Banker,Market Research,Strategic Planning,Financial Modeling,68,46.1,54,0,False,False,False,True,False,False,False,False,False,False,False,False,False,False,False,False,False,False
Saudi Arabia,King Abdulaziz University,2019,79.4,85.7,58700,Robotics Engineer,Project Management,AutoCAD,Lean Six Sigma,67,7.5,52,0,False,False,True,False,True,False,False,False,True,False,False,False,False,False,True,False,False,False
South Africa,University of Cape Town,2017,85.9,89.8,31700,NLP Specialist,Big Data,Machine Learning,NLP,87,14.1,72,0,False,False,True,False,False,False,False,True,False,False,False,False,False,False,False,False,False,True
Argentina,University of Buenos Aires,2018,81.1,88.2,10200,Robotics Engineer,Project Management,MATLAB,Lean Six Sigma,52,16.8,89,0,False,True,False,False,False,False,False,False,True,False,False,False,False,False,True,False,False,False
Brazil,University of São Paulo,2018,91.5,97.7,34600,Pharmacist,Medical Coding,Diagnostics,Clinical Research,70,12.2,62,1,False,True,False,False,False,False,False,False,False,True,False,False,False,True,False,False,False,False
Netherlands,TU Delft,2019,91.2,93.6,62100,Data Analyst,Deep Learning,Big Data,Data Visualization,76,15.5,40,1,True,False,False,False,False,False,False,True,False,False,False,False,False,False,False,False,False,True
Australia,ANU,2016,88.6,92.7,101500,Management Consultant,Financial Modeling,Data Analysis,Market Research,57,10.0,88,1,False,False,False,False,False,True,False,False,False,False,False,False,False,False,False,False,False,False
Argentina,University of Buenos Aires,2021,76.0,82.2,35100,Investment Banker,Market Research,Excel,Financial Modeling,59,50.8,59,0,False,True,False,False,False,True,False,False,False,False,False,False,False,False,False,False,False,False
UAE,Khalifa University,2022,86.5,90.0,87800,Electrical Engineer,MATLAB,AutoCAD,SolidWorks,50,56.1,76,0,False,False,True,False,True,False,False,False,True,False,False,False,False,False,True,False,False,False
Israel,Hebrew University of Jerusalem,2020,87.5,94.1,62200,Economist,Qualitative Research,Communication,Public Policy,69,43.3,49,1,False,False,True,False,True,False,False,False,False,False,False,True,True,False,False,False,False,False
India,IISc Bangalore,2022,96.6,100.0,32000,NLP Specialist,Deep Learning,Machine Learning,R,89,56.8,54,1,False,False,False,False,True,False,False,True,False,False,False,False,False,False,False,False,False,True
France,PSL University,2017,92.8,96.5,65000,Cybersecurity Analyst,DevOps,Cloud Computing,React,71,5.3,86,1,True,False,False,False,True,False,True,False,False,False,False,False,False,False,False,False,True,False
Japan,Kyoto University,2021,99.0,100.0,94100,Data Analyst,Deep Learning,R,Data Visualization,81,39.9,40,1,False,False,False,False,False,True,False,True,False,False,False,False,False,False,False,False,False,True
Israel,Technion,2015,73.1,80.9,47100,Robotics Engineer,Project Management,Lean Six Sigma,AutoCAD,51,11.9,40,0,False,False,True,False,False,False,False,False,True,False,False,False,False,False,True,False,False,False
India,IISc Bangalore,2016,85.7,91.3,18400,Management Consultant,Data Analysis,Financial Modeling,Strategic Planning,50,12.8,94,1,False,False,False,False,True,False,False,False,False,False,False,False,False,False,False,False,False,False
Israel,Hebrew University of Jerusalem,2017,91.6,97.0,77700,Data Scientist,Python,Cloud Computing,SQL,97,5.0,80,1,False,False,True,False,True,False,True,False,False,False,False,False,False,False,False,False,True,False
India,IIT Bombay,2019,95.8,99.5,36600,Biomedical Researcher,Patient Care,Medical Coding,Clinical Research,57,13.6,100,1,False,False,False,False,False,True,False,False,False,True,False,False,False,True,False,False,False,False
Brazil,University of São Paulo,2016,77.0,81.2,25100,Policy Analyst,Communication,Public Policy,Qualitative Research,47,5.0,65,0,False,True,False,False,True,False,False,False,False,False,False,True,True,False,False,False,False,False
Mexico,UNAM,2015,74.9,82.0,26400,Robotics Engineer,AutoCAD,SolidWorks,MATLAB,54,6.3,67,0,False,True,False,False,True,False,False,False,True,False,False,False,False,False,True,False,False,False
Argentina,University of Buenos Aires,2015,86.7,91.7,26700,Sociologist,Communication,Public Policy,Qualitative Research,47,10.4,62,1,False,True,False,False,False,True,False,False,False,False,False,True,True,False,False,False,False,False
Saudi Arabia,King Abdulaziz University,2025,90.2,95.5,42100,Physicist,Scientific Writing,Statistical Analysis,Laboratory Skills,73,89.4,58,1,False,False,True,False,False,False,False,False,False,False,True,False,False,False,False,True,False,False
Israel,Technion,2017,83.3,92.8,84400,Machine Learning Engineer,Deep Learning,Data Visualization,Machine Learning,61,5.0,63,1,False,False,True,False,True,False,False,True,False,False,False,False,False,False,False,False,False,True
Germany,Heidelberg University,2025,91.3,93.9,108500,AI Consultant,NLP,Deep Learning,Machine Learning,100,90.0,78,1,True,False,False,False,True,False,False,True,False,False,False,False,False,False,False,False,False,True
Mexico,UNAM,2017,99.0,100.0,38600,Public Health Specialist,Medical Coding,Diagnostics,Clinical Research,47,18.1,75,1,False,True,False,False,False,True,False,False,False,True,False,False,False,True,False,False,False,False
Saudi Arabia,King Abdulaziz University,2022,72.8,77.4,75400,Marketing Manager,Excel,Data Analysis,Financial Modeling,55,68.3,86,0,False,False,True,False,True,False,False,False,False,False,False,False,False,False,False,False,False,False
Australia,University of Melbourne,2021,81.1,88.4,52400,Human Resources Specialist,Public Policy,Data Analysis,Qualitative Research,60,57.3,75,0,False,False,False,False,True,False,False,False,False,False,False,True,True,False,False,False,False,False
Sweden,KTH Royal Institute of Technology,2025,89.9,92.5,94100,Pharmacist,Clinical Research,Patient Care,Medical Coding,58,90.0,70,1,True,False,False,False,True,False,False,False,False,True,False,False,False,True,False,False,False,False
Canada,McGill University,2025,77.9,82.3,68400,Robotics Engineer,MATLAB,Project Management,Lean Six Sigma,80,86.6,49,0,False,False,False,True,False,False,False,False,True,False,False,False,False,False,True,False,False,False
Australia,University of Melbourne,2015,92.0,97.0,98800,Cybersecurity Analyst,Cybersecurity,Python,SQL,86,9.9,74,1,False,False,False,False,False,True,True,False,False,False,False,False,False,False,False,False,True,False
Brazil,University of São Paulo,2024,81.9,88.1,28300,Policy Analyst,Communication,Qualitative Research,Data Analysis,52,82.0,71,0,False,True,False,False,False,True,False,False,False,False,False,True,True,False,False,False,False,False
UAE,Khalifa University,2022,88.2,93.9,78400,Policy Analyst,Qualitative Research,Public Policy,Data Analysis,78,50.1,72,1,False,False,True,False,False,True,False,False,False,False,False,True,True,False,False,False,False,False
Canada,UBC,2024,85.9,92.8,99500,AI Consultant,NLP,Data Visualization,Big Data,100,79.8,77,1,False,False,False,True,True,False,False,True,False,False,False,False,False,False,False,False,False,True
India,IIT Bombay,2024,86.4,87.8,26300,Cybersecurity Analyst,Cloud Computing,React,Python,80,66.1,95,0,False,False,False,False,False,False,True,False,False,False,False,False,False,False,False,False,True,False
UAE,Khalifa University,2015,89.5,96.3,69500,Cybersecurity Analyst,Java,React,DevOps,58,6.2,71,1,False,False,True,False,True,False,True,False,False,False,False,False,False,False,False,False,True,False
Argentina,University of Buenos Aires,2024,93.8,99.3,33200,Public Health Specialist,Medical Coding,Diagnostics,Patient Care,68,84.0,73,1,False,True,False,False,True,False,False,False,False,True,False,False,False,True,False,False,False,False
USA,Stanford,2016,80.2,83.1,57200,Civil Engineer,AutoCAD,Project Management,Lean Six Sigma,52,7.6,100,0,False,False,False,True,False,False,False,False,True,False,False,False,False,False,True,False,False,False
Argentina,University of Buenos Aires,2021,76.0,80.7,28700,Electrical Engineer,Lean Six Sigma,Project Management,AutoCAD,67,66.7,61,0,False,True,False,False,False,True,False,False,True,False,False,False,False,False,True,False,False,False
Brazil,University of São Paulo,2016,95.3,97.6,21800,Cybersecurity Analyst,Java,SQL,DevOps,67,8.7,68,1,False,True,False,False,True,False,True,False,False,False,False,False,False,False,False,False,True,False
Brazil,University of São Paulo,2018,79.6,84.0,40500,Electrical Engineer,MATLAB,SolidWorks,AutoCAD,55,10.7,71,0,False,True,False,False,False,True,False,False,True,False,False,False,False,False,True,False,False,False
USA,UC Berkeley,2022,85.5,91.3,82500,Environmental Scientist,Scientific Writing,Laboratory Skills,Statistical Analysis,68,44.2,70,1,False,False,False,True,True,False,False,False,False,False,True,False,False,False,False,True,False,False
Argentina,University of Buenos Aires,2015,83.6,87.3,14100,Policy Analyst,Public Policy,Qualitative Research,Communication,43,7.1,78,0,False,True,False,False,False,False,False,False,False,False,False,True,True,False,False,False,False,False
Singapore,NTU,2022,89.2,96.0,101600,Cybersecurity Analyst,Cybersecurity,React,Cloud Computing,85,58.8,66,1,False,False,False,False,True,False,True,False,False,False,False,False,False,False,False,False,True,False
Brazil,University of São Paulo,2018,82.9,92.4,26100,Economist,Data Analysis,Qualitative Research,Communication,47,12.6,62,1,False,True,False,False,True,False,False,False,False,False,False,True,True,False,False,False,False,False
Saudi Arabia,King Abdulaziz University,2025,82.9,88.2,79900,Environmental Scientist,Experimental Design,Laboratory Skills,Statistical Analysis,99,88.2,53,0,False,False,True,False,False,True,False,False,False,False,True,False,False,False,False,True,False,False
Argentina,University of Buenos Aires,2017,70.9,75.7,18700,Environmental Scientist,Statistical Analysis,Experimental Design,Laboratory Skills,54,14.0,84,0,False,True,False,False,True,False,False,False,False,False,True,False,False,False,False,True,False,False
Germany,TU Munich,2022,89.2,92.7,69400,Public Health Specialist,Clinical Research,Patient Care,Medical Coding,52,63.1,50,1,True,False,False,False,False,False,False,False,False,True,False,False,False,True,False,False,False,False
Germany,Humboldt University,2020,85.0,91.1,63000,Data Scientist,Cloud Computing,SQL,Java,98,27.0,42,1,True,False,False,False,False,False,True,False,False,False,False,False,False,False,False,False,True,False
UAE,Khalifa University,2016,81.3,86.8,68600,Financial Analyst,Market Research,Strategic Planning,Financial Modeling,47,9.0,75,0,False,False,True,False,True,False,False,False,False,False,False,False,False,False,False,False,False,False
Mexico,UNAM,2015,71.5,75.7,24800,Physicist,Scientific Writing,Laboratory Skills,Experimental Design,52,5.4,95,0,False,True,False,False,True,False,False,False,False,False,True,False,False,False,False,True,False,False
Mexico,UNAM,2024,79.8,85.9,17300,Physicist,Laboratory Skills,Scientific Writing,Experimental Design,62,61.5,63,0,False,True,False,False,False,False,False,False,False,False,True,False,False,False,False,True,False,False
Sweden,KTH Royal Institute of Technology,2017,88.3,91.6,65800,NLP Specialist,NLP,R,Data Visualization,83,8.3,62,1,True,False,False,False,False,False,False,True,False,False,False,False,False,False,False,False,False,True
USA,Harvard,2017,85.1,94.9,70000,Environmental Scientist,Laboratory Skills,Experimental Design,Statistical Analysis,62,15.8,62,1,False,False,False,True,True,False,False,False,False,False,True,False,False,False,False,True,False,False
USA,UC Berkeley,2023,91.6,96.8,108100,AI Consultant,Deep Learning,Machine Learning,R,75,68.2,75,1,False,False,False,True,True,False,False,True,False,False,False,False,False,False,False,False,False,True
Mexico,UNAM,2023,82.5,88.1,21700,Environmental Scientist,Experimental Design,Laboratory Skills,Scientific Writing,60,64.9,52,0,False,True,False,False,False,False,False,False,False,False,True,False,False,False,False,True,False,False
Mexico,UNAM,2025,83.1,87.6,42600,Chemist,Scientific Writing,Laboratory Skills,Statistical Analysis,60,90.0,53,0,False,True,False,False,False,True,False,False,False,False,True,False,False,False,False,True,False,False
USA,MIT,2021,93.3,99.5,104600,NLP Specialist,Deep Learning,Data Visualization,Machine Learning,91,68.1,77,1,False,False,False,True,True,False,False,True,False,False,False,False,False,False,False,False,False,True
USA,Georgia Tech,2025,78.7,84.3,57500,Sociologist,Communication,Qualitative Research,Data Analysis,90,76.0,88,0,False,False,False,True,False,False,False,False,False,False,False,True,True,False,False,False,False,False
Japan,University of Tokyo,2024,95.4,100.0,79400,Pharmacist,Patient Care,Medical Coding,Diagnostics,59,87.5,79,1,False,False,False,False,True,False,False,False,False,True,False,False,False,True,False,False,False,False
Switzerland,EPFL,2025,92.9,96.7,154400,Machine Learning Engineer,Data Visualization,Deep Learning,R,74,90.0,76,1,True,False,False,False,False,True,False,True,False,False,False,False,False,False,False,False,False,True
Canada,McGill University,2017,80.3,84.4,62600,Sociologist,Communication,Public Policy,Data Analysis,39,5.9,52,0,False,False,False,True,False,True,False,False,False,False,False,True,True,False,False,False,False,False
South Africa,University of Cape Town,2023,86.3,88.1,31400,AI Researcher,Cybersecurity,Cloud Computing,Java,100,82.5,58,0,False,False,True,False,False,False,True,False,False,False,False,False,False,False,False,False,True,False
Argentina,University of Buenos Aires,2020,95.1,100.0,32000,AI Researcher,Cloud Computing,React,Cybersecurity,71,50.9,61,1,False,True,False,False,False,True,True,False,False,False,False,False,False,False,False,False,True,False
USA,MIT,2024,94.9,100.0,109900,AI Consultant,NLP,Machine Learning,Data Visualization,100,68.0,80,1,False,False,False,True,True,False,False,True,False,False,False,False,False,False,False,False,False,True
Sweden,KTH Royal Institute of Technology,2019,95.2,97.2,78400,NLP Specialist,NLP,Big Data,Deep Learning,65,6.1,71,1,True,False,False,False,True,False,False,True,False,False,False,False,False,False,False,False,False,True
Saudi Arabia,King Abdulaziz University,2024,94.5,100.0,80900,Medical Doctor,Patient Care,Diagnostics,Medical Coding,73,90.0,76,1,False,False,True,False,True,False,False,False,False,True,False,False,False,True,False,False,False,False
Sweden,Karolinska Institute,2016,98.1,100.0,61900,Cybersecurity Analyst,Python,DevOps,Java,81,17.9,76,1,True,False,False,False,True,False,True,False,False,False,False,False,False,False,False,False,True,False
Netherlands,TU Delft,2023,76.7,84.3,51700,Sociologist,Data Analysis,Communication,Qualitative Research,64,70.8,81,0,True,False,False,False,True,False,False,False,False,False,False,True,True,False,False,False,False,False
Israel,Hebrew University of Jerusalem,2022,82.6,87.2,68200,Economist,Data Analysis,Public Policy,Communication,60,68.6,78,0,False,False,True,False,True,False,False,False,False,False,False,True,True,False,False,False,False,False
Argentina,University of Buenos Aires,2023,85.4,90.2,13500,Human Resources Specialist,Public Policy,Communication,Data Analysis,57,62.4,55,0,False,True,False,False,False,False,False,False,False,False,False,True,True,False,False,False,False,False
Brazil,University of São Paulo,2016,99.0,100.0,39900,Machine Learning Engineer,Big Data,Data Visualization,Machine Learning,73,6.7,66,1,False,True,False,False,False,True,False,True,False,False,False,False,False,False,False,False,False,True
Australia,University of Sydney,2017,88.9,93.5,58100,Public Health Specialist,Clinical Research,Patient Care,Medical Coding,59,11.1,52,1,False,False,False,False,False,False,False,False,False,True,False,False,False,True,False,False,False,False
Japan,Kyoto University,2017,81.1,86.4,44200,Physicist,Statistical Analysis,Scientific Writing,Experimental Design,53,7.4,73,0,False,False,False,False,False,False,False,False,False,False,True,False,False,False,False,True,False,False
Japan,University of Tokyo,2022,71.3,75.2,47400,Physicist,Laboratory Skills,Experimental Design,Statistical Analysis,61,62.6,87,0,False,False,False,False,False,False,False,False,False,False,True,False,False,False,False,True,False,False
Canada,McGill University,2024,90.5,94.5,123000,NLP Specialist,Data Visualization,R,NLP,79,76.5,81,1,False,False,False,True,False,True,False,True,False,False,False,False,False,False,False,False,False,True
Saudi Arabia,King Abdulaziz University,2022,85.1,86.7,63700,Economist,Data Analysis,Communication,Qualitative Research,58,56.7,95,0,False,False,True,False,False,True,False,False,False,False,False,True,True,False,False,False,False,False
China,Fudan University,2021,82.0,83.0,64300,Public Health Specialist,Diagnostics,Clinical Research,Patient Care,62,56.1,75,0,False,False,False,False,False,True,False,False,False,True,False,False,False,True,False,False,False,False
UAE,Khalifa University,2025,98.8,100.0,131500,AI Consultant,Machine Learning,Deep Learning,NLP,98,73.7,56,1,False,False,True,False,False,True,False,True,False,False,False,False,False,False,False,False,False,True
UAE,Khalifa University,2023,88.6,93.5,65000,Pharmacist,Clinical Research,Medical Coding,Diagnostics,67,70.6,56,1,False,False,True,False,False,False,False,False,False,True,False,False,False,True,False,False,False,False
UAE,Khalifa University,2017,85.5,93.2,98200,Biomedical Researcher,Clinical Research,Patient Care,Diagnostics,50,7.6,93,1,False,False,True,False,False,True,False,False,False,True,False,False,False,True,False,False,False,False
Israel,Technion,2020,87.4,90.2,108600,Pharmacist,Diagnostics,Medical Coding,Clinical Research,59,44.3,81,0,False,False,True,False,False,True,False,False,False,True,False,False,False,True,False,False,False,False
Canada,McGill University,2015,68.8,75.0,66600,Management Consultant,Market Research,Excel,Strategic Planning,44,7.1,60,0,False,False,False,True,False,False,False,False,False,False,False,False,False,False,False,False,False,False
USA,MIT,2019,91.4,98.1,104400,Mechanical Engineer,Project Management,Lean Six Sigma,SolidWorks,58,16.8,47,1,False,False,False,True,False,True,False,False,True,False,False,False,False,False,True,False,False,False
France,Ecole Polytechnique,2015,72.1,75.7,65900,Mechanical Engineer,Lean Six Sigma,MATLAB,AutoCAD,51,10.5,72,0,True,False,False,False,False,True,False,False,True,False,False,False,False,False,True,False,False,False
Canada,McGill University,2017,94.0,99.5,57400,NLP Specialist,Data Visualization,R,Big Data,81,5.0,74,1,False,False,False,True,False,False,False,True,False,False,False,False,False,False,False,False,False,True
USA,Stanford,2024,78.0,84.1,62200,Physicist,Statistical Analysis,Experimental Design,Scientific Writing,68,71.5,70,0,False,False,False,True,False,False,False,False,False,False,True,False,False,False,False,True,False,False
China,Peking University,2021,97.0,100.0,43600,Pharmacist,Clinical Research,Patient Care,Diagnostics,73,44.7,62,1,False,False,False,False,True,False,False,False,False,True,False,False,False,True,False,False,False,False
UK,Imperial College London,2025,97.4,100.0,114400,Public Health Specialist,Clinical Research,Diagnostics,Medical Coding,76,86.2,40,1,True,False,False,False,False,True,False,False,False,True,False,False,False,True,False,False,False,False
Israel,Hebrew University of Jerusalem,2025,74.1,79.2,60300,Chemist,Statistical Analysis,Laboratory Skills,Experimental Design,58,90.0,68,0,False,False,True,False,False,False,False,False,False,False,True,False,False,False,False,True,False,False
Switzerland,EPFL,2015,86.3,93.2,120600,Management Consultant,Financial Modeling,Data Analysis,Excel,49,6.1,43,1,True,False,False,False,False,True,False,False,False,False,False,False,False,False,False,False,False,False
UK,Oxford,2024,88.2,93.4,89900,Data Analyst,R,Data Visualization,NLP,84,86.9,60,1,True,False,False,False,True,False,False,True,False,False,False,False,False,False,False,False,False,True
South Africa,University of Cape Town,2023,85.9,91.6,23400,Human Resources Specialist,Public Policy,Qualitative Research,Data Analysis,65,64.0,60,1,False,False,True,False,False,False,False,False,False,False,False,True,True,False,False,False,False,False
USA,Georgia Tech,2018,78.5,85.1,82100,Management Consultant,Market Research,Excel,Data Analysis,53,5.0,96,0,False,False,False,True,True,False,False,False,False,False,False,False,False,False,False,False,False,False
Singapore,NTU,2025,74.2,78.3,98200,Robotics Engineer,MATLAB,Lean Six Sigma,AutoCAD,71,90.0,53,0,False,False,False,False,True,False,False,False,True,False,False,False,False,False,True,False,False,False
South Africa,University of Cape Town,2025,90.0,93.7,56900,Mechanical Engineer,AutoCAD,SolidWorks,Lean Six Sigma,67,79.6,66,1,False,False,True,False,False,True,False,False,True,False,False,False,False,False,True,False,False,False
Netherlands,University of Amsterdam,2016,94.5,100.0,70600,Pharmacist,Clinical Research,Medical Coding,Diagnostics,44,5.0,69,1,True,False,False,False,True,False,False,False,False,True,False,False,False,True,False,False,False,False
Canada,McGill University,2021,94.2,98.6,117600,NLP Specialist,Deep Learning,Machine Learning,Big Data,83,65.2,75,1,False,False,False,True,False,True,False,True,False,False,False,False,False,False,False,False,False,True
India,IIT Delhi,2015,77.5,82.2,16300,Mechanical Engineer,MATLAB,Lean Six Sigma,AutoCAD,66,9.1,69,0,False,False,False,False,False,False,False,False,True,False,False,False,False,False,True,False,False,False
South Africa,University of Cape Town,2020,85.5,94.4,26900,Financial Analyst,Financial Modeling,Excel,Strategic Planning,64,40.8,70,1,False,False,True,False,False,False,False,False,False,False,False,False,False,False,False,False,False,False
USA,UC Berkeley,2019,83.7,89.0,46900,Chemist,Experimental Design,Laboratory Skills,Scientific Writing,62,6.4,64,0,False,False,False,True,False,False,False,False,False,False,True,False,False,False,False,True,False,False
USA,MIT,2024,95.1,99.4,91200,Data Analyst,Deep Learning,Big Data,R,100,84.3,50,1,False,False,False,True,False,False,False,True,False,False,False,False,False,False,False,False,False,True
Canada,UBC,2015,79.7,80.4,85400,Marketing Manager,Data Analysis,Financial Modeling,Strategic Planning,65,13.5,77,0,False,False,False,True,False,True,False,False,False,False,False,False,False,False,False,False,False,False
Mexico,UNAM,2022,86.1,90.1,41400,Biomedical Researcher,Diagnostics,Patient Care,Clinical Research,72,49.5,40,0,False,True,False,False,False,True,False,False,False,True,False,False,False,True,False,False,False,False
Canada,McGill University,2020,82.3,87.6,98600,Management Consultant,Financial Modeling,Data Analysis,Market Research,67,46.4,73,0,False,False,False,True,False,True,False,False,False,False,False,False,False,False,False,False,False,False
USA,Stanford,2016,75.4,81.4,110200,Management Consultant,Strategic Planning,Market Research,Financial Modeling,58,5.0,47,0,False,False,False,True,False,True,False,False,False,False,False,False,False,False,False,False,False,False
China,Fudan University,2015,89.7,96.2,49100,Cloud Architect,DevOps,SQL,Python,63,5.7,60,1,False,False,False,False,False,True,True,False,False,False,False,False,False,False,False,False,True,False
Japan,University of Tokyo,2018,80.1,84.7,54000,Financial Analyst,Excel,Financial Modeling,Strategic Planning,54,16.5,58,0,False,False,False,False,False,False,False,False,False,False,False,False,False,False,False,False,False,False
Canada,University of Toronto,2024,84.1,88.7,118800,Investment Banker,Financial Modeling,Market Research,Data Analysis,93,69.4,64,0,False,False,False,True,False,True,False,False,False,False,False,False,False,False,False,False,False,False
Mexico,UNAM,2022,94.8,100.0,18200,Cybersecurity Analyst,Python,Cloud Computing,Cybersecurity,100,72.2,67,1,False,True,False,False,False,False,True,False,False,False,False,False,False,False,False,False,True,False
USA,MIT,2019,84.6,93.7,117000,Software Engineer,SQL,DevOps,React,82,7.5,89,1,False,False,False,True,False,True,True,False,False,False,False,False,False,False,False,False,True,False
Israel,Technion,2025,85.0,89.7,96300,Environmental Scientist,Laboratory Skills,Statistical Analysis,Scientific Writing,76,89.4,48,0,False,False,True,False,False,True,False,False,False,False,True,False,False,False,False,True,False,False
Argentina,University of Buenos Aires,2025,86.5,91.4,20000,Economist,Public Policy,Qualitative Research,Communication,77,79.5,69,1,False,True,False,False,True,False,False,False,False,False,False,True,True,False,False,False,False,False
USA,MIT,2016,86.7,91.8,73900,Sociologist,Qualitative Research,Communication,Public Policy,58,15.4,80,1,False,False,False,True,False,True,False,False,False,False,False,True,True,False,False,False,False,False
South Korea,KAIST,2022,88.0,93.0,89300,Medical Doctor,Patient Care,Clinical Research,Medical Coding,58,56.6,64,1,False,False,False,False,False,True,False,False,False,True,False,False,False,True,False,False,False,False
USA,Harvard,2023,73.2,76.9,123300,Financial Analyst,Excel,Market Research,Data Analysis,67,56.5,70,0,False,False,False,True,False,True,False,False,False,False,False,False,False,False,False,False,False,False
Netherlands,University of Amsterdam,2019,98.1,100.0,112500,Machine Learning Engineer,R,Machine Learning,Deep Learning,81,15.8,59,1,True,False,False,False,False,True,False,True,False,False,False,False,False,False,False,False,False,True
Switzerland,ETH Zurich,2018,77.6,84.9,114000,AI Consultant,Deep Learning,NLP,Machine Learning,91,7.2,66,0,True,False,False,False,True,False,False,True,False,False,False,False,False,False,False,False,False,True
Sweden,Karolinska Institute,2022,84.9,92.2,69800,Sociologist,Communication,Data Analysis,Qualitative Research,46,64.1,65,1,True,False,False,False,False,True,False,False,False,False,False,True,True,False,False,False,False,False
Mexico,UNAM,2015,82.3,86.9,19500,Financial Analyst,Data Analysis,Strategic Planning,Financial Modeling,48,8.9,84,0,False,True,False,False,False,False,False,False,False,False,False,False,False,False,False,False,False,False
Netherlands,TU Delft,2020,81.1,83.6,60800,Financial Analyst,Data Analysis,Strategic Planning,Market Research,56,49.0,70,0,True,False,False,False,False,False,False,False,False,False,False,False,False,False,False,False,False,False
Canada,University of Toronto,2015,98.8,100.0,64100,AI Consultant,Big Data,Machine Learning,Deep Learning,70,7.4,40,1,False,False,False,True,False,False,False,True,False,False,False,False,False,False,False,False,False,True
Brazil,University of São Paulo,2018,88.4,94.2,24400,Data Scientist,Java,Cloud Computing,SQL,74,8.4,43,1,False,True,False,False,False,False,True,False,False,False,False,False,False,False,False,False,True,False
Singapore,NUS,2023,83.6,92.1,73900,Physicist,Statistical Analysis,Laboratory Skills,Scientific Writing,65,73.3,84,1,False,False,False,False,True,False,False,False,False,False,True,False,False,False,False,True,False,False
France,PSL University,2025,81.8,85.4,48600,Biologist,Statistical Analysis,Experimental Design,Laboratory Skills,78,90.0,74,0,True,False,False,False,False,False,False,False,False,False,True,False,False,False,False,True,False,False
France,Ecole Polytechnique,2020,93.5,100.0,58300,Machine Learning Engineer,NLP,Deep Learning,Data Visualization,69,36.6,73,1,True,False,False,False,False,False,False,True,False,False,False,False,False,False,False,False,False,True
USA,Stanford,2023,77.2,77.2,80600,Robotics Engineer,SolidWorks,MATLAB,Project Management,79,77.6,43,0,False,False,False,True,False,False,False,False,True,False,False,False,False,False,True,False,False,False
UK,Cambridge,2017,99.0,100.0,94100,AI Consultant,R,Deep Learning,Machine Learning,83,9.1,71,1,True,False,False,False,False,True,False,True,False,False,False,False,False,False,False,False,False,True
Switzerland,EPFL,2016,85.6,88.9,57100,Economist,Data Analysis,Communication,Public Policy,43,15.1,69,0,True,False,False,False,False,False,False,False,False,False,False,True,True,False,False,False,False,False
Israel,Hebrew University of Jerusalem,2022,87.9,92.8,102000,Pharmacist,Patient Care,Diagnostics,Medical Coding,54,60.1,47,1,False,False,True,False,True,False,False,False,False,True,False,False,False,True,False,False,False,False
Mexico,UNAM,2025,75.8,82.2,38400,Financial Analyst,Market Research,Financial Modeling,Data Analysis,77,72.7,90,0,False,True,False,False,False,True,False,False,False,False,False,False,False,False,False,False,False,False
Netherlands,TU Delft,2019,81.5,85.2,80600,Civil Engineer,SolidWorks,Lean Six Sigma,MATLAB,86,5.0,70,0,True,False,False,False,True,False,False,False,True,False,False,False,False,False,True,False,False,False
Japan,University of Tokyo,2016,86.7,92.4,38600,Chemist,Scientific Writing,Statistical Analysis,Experimental Design,47,5.2,64,1,False,False,False,False,False,False,False,False,False,False,True,False,False,False,False,True,False,False
UAE,Khalifa University,2020,93.2,97.1,103400,Pharmacist,Diagnostics,Patient Care,Medical Coding,45,52.6,62,1,False,False,True,False,False,True,False,False,False,True,False,False,False,True,False,False,False,False
Mexico,UNAM,2021,90.4,95.5,25700,Data Analyst,Machine Learning,Deep Learning,Data Visualization,64,53.3,54,1,False,True,False,False,True,False,False,True,False,False,False,False,False,False,False,False,False,True
Singapore,NUS,2019,93.9,98.1,96800,Cloud Architect,SQL,Cybersecurity,React,70,9.5,79,1,False,False,False,False,True,False,True,False,False,False,False,False,False,False,False,False,True,False
Canada,University of Toronto,2016,88.9,94.0,57700,Data Scientist,Cloud Computing,Python,Cybersecurity,65,8.3,40,1,False,False,False,True,False,False,True,False,False,False,False,False,False,False,False,False,True,False
India,IISc Bangalore,2019,92.7,96.2,35000,Data Analyst,NLP,R,Deep Learning,96,10.4,54,1,False,False,False,False,True,False,False,True,False,False,False,False,False,False,False,False,False,True
South Africa,University of Cape Town,2020,93.2,99.0,45700,NLP Specialist,Data Visualization,NLP,Machine Learning,75,44.5,66,1,False,False,True,False,True,False,False,True,False,False,False,False,False,False,False,False,False,True
Saudi Arabia,King Abdulaziz University,2018,70.5,74.6,52400,Robotics Engineer,SolidWorks,Project Management,MATLAB,73,6.2,60,0,False,False,True,False,False,False,False,False,True,False,False,False,False,False,True,False,False,False
Mexico,UNAM,2018,75.2,75.8,19200,Chemist,Experimental Design,Scientific Writing,Statistical Analysis,53,10.7,69,0,False,True,False,False,True,False,False,False,False,False,True,False,False,False,False,True,False,False
Mexico,UNAM,2024,81.5,88.5,28900,Mechanical Engineer,Project Management,MATLAB,SolidWorks,66,74.3,65,0,False,True,False,False,True,False,False,False,True,False,False,False,False,False,True,False,False,False
Argentina,University of Buenos Aires,2021,88.3,92.1,25500,Electrical Engineer,SolidWorks,Lean Six Sigma,MATLAB,62,53.4,55,1,False,True,False,False,True,False,False,False,True,False,False,False,False,False,True,False,False,False
Australia,University of Melbourne,2015,75.7,77.1,75300,Environmental Scientist,Statistical Analysis,Laboratory Skills,Experimental Design,53,8.1,73,0,False,False,False,False,False,True,False,False,False,False,True,False,False,False,False,True,False,False
Brazil,University of São Paulo,2021,85.1,90.0,28600,Public Health Specialist,Patient Care,Diagnostics,Clinical Research,49,63.9,49,0,False,True,False,False,False,False,False,False,False,True,False,False,False,True,False,False,False,False
Israel,Hebrew University of Jerusalem,2016,74.8,80.9,55100,Robotics Engineer,Lean Six Sigma,Project Management,AutoCAD,48,7.4,82,0,False,False,True,False,False,False,False,False,True,False,False,False,False,False,True,False,False,False
USA,Stanford,2019,82.6,85.6,71300,Investment Banker,Strategic Planning,Market Research,Data Analysis,43,10.5,65,0,False,False,False,True,False,False,False,False,False,False,False,False,False,False,False,False,False,False
Brazil,University of São Paulo,2017,92.6,98.0,42300,Data Scientist,Cloud Computing,DevOps,React,57,19.4,67,1,False,True,False,False,False,True,True,False,False,False,False,False,False,False,False,False,True,False
USA,Georgia Tech,2016,77.1,82.7,84900,Financial Analyst,Data Analysis,Strategic Planning,Financial Modeling,38,12.3,64,0,False,False,False,True,True,False,False,False,False,False,False,False,False,False,False,False,False,False
South Korea,KAIST,2024,93.5,96.0,58500,Pharmacist,Medical Coding,Diagnostics,Clinical Research,61,84.6,100,1,False,False,False,False,False,False,False,False,False,True,False,False,False,True,False,False,False,False
India,IIT Bombay,2016,83.0,87.7,18900,Management Consultant,Data Analysis,Strategic Planning,Excel,71,5.0,71,0,False,False,False,False,False,False,False,False,False,False,False,False,False,False,False,False,False,False
Israel,Hebrew University of Jerusalem,2015,78.7,84.3,69200,Public Health Specialist,Clinical Research,Patient Care,Medical Coding,51,8.6,68,0,False,False,True,False,True,False,False,False,False,True,False,False,False,True,False,False,False,False
South Korea,Seoul National University,2017,80.0,86.0,67600,Robotics Engineer,Lean Six Sigma,SolidWorks,Project Management,47,11.5,66,0,False,False,False,False,True,False,False,False,True,False,False,False,False,False,True,False,False,False
Sweden,KTH Royal Institute of Technology,2015,90.3,97.7,44700,Sociologist,Qualitative Research,Public Policy,Data Analysis,51,5.0,64,1,True,False,False,False,True,False,False,False,False,False,False,True,True,False,False,False,False,False
USA,UC Berkeley,2023,80.1,87.3,96300,Physicist,Laboratory Skills,Statistical Analysis,Experimental Design,80,72.2,57,0,False,False,False,True,True,False,False,False,False,False,True,False,False,False,False,True,False,False
South Africa,University of Cape Town,2019,84.7,88.0,21900,Mechanical Engineer,Project Management,AutoCAD,Lean Six Sigma,59,5.0,66,0,False,False,True,False,True,False,False,False,True,False,False,False,False,False,True,False,False,False
Canada,McGill University,2021,82.6,85.4,59500,Policy Analyst,Qualitative Research,Data Analysis,Public Policy,73,44.0,44,0,False,False,False,True,True,False,False,False,False,False,False,True,True,False,False,False,False,False
China,Fudan University,2025,90.2,95.5,47500,NLP Specialist,NLP,Data Visualization,Big Data,100,87.6,68,1,False,False,False,False,False,False,False,True,False,False,False,False,False,False,False,False,False,True
USA,Georgia Tech,2022,87.1,92.5,113500,Civil Engineer,Project Management,SolidWorks,Lean Six Sigma,59,41.0,91,1,False,False,False,True,False,True,False,False,True,False,False,False,False,False,True,False,False,False
UK,Oxford,2016,87.0,92.8,52800,Machine Learning Engineer,Big Data,Data Visualization,Deep Learning,60,5.0,40,1,True,False,False,False,False,False,False,True,False,False,False,False,False,False,False,False,False,True
Canada,University of Toronto,2017,88.5,99.4,84200,NLP Specialist,Deep Learning,Machine Learning,NLP,64,5.4,61,1,False,False,False,True,True,False,False,True,False,False,False,False,False,False,False,False,False,True
USA,UC Berkeley,2022,90.6,96.9,141900,Machine Learning Engineer,Machine Learning,Big Data,NLP,74,46.2,43,1,False,False,False,True,False,True,False,True,False,False,False,False,False,False,False,False,False,True
Brazil,University of São Paulo,2018,78.7,83.1,17800,Mechanical Engineer,AutoCAD,Lean Six Sigma,Project Management,49,16.2,88,0,False,True,False,False,True,False,False,False,True,False,False,False,False,False,True,False,False,False
Canada,University of Toronto,2016,74.0,77.9,63800,Economist,Qualitative Research,Public Policy,Communication,46,6.7,59,0,False,False,False,True,False,True,False,False,False,False,False,True,True,False,False,False,False,False
Canada,UBC,2020,78.1,81.8,48200,Chemist,Scientific Writing,Experimental Design,Laboratory Skills,62,43.6,56,0,False,False,False,True,False,False,False,False,False,False,True,False,False,False,False,True,False,False
Israel,Hebrew University of Jerusalem,2018,75.1,76.9,65900,Civil Engineer,AutoCAD,MATLAB,Project Management,59,5.9,74,0,False,False,True,False,False,False,False,False,True,False,False,False,False,False,True,False,False,False
Canada,UBC,2021,98.2,100.0,71700,Software Engineer,Java,DevOps,SQL,66,35.2,95,1,False,False,False,True,True,False,True,False,False,False,False,False,False,False,False,False,True,False
Singapore,NTU,2018,85.8,86.3,64800,Cybersecurity Analyst,DevOps,Cloud Computing,Cybersecurity,72,8.9,80,0,False,False,False,False,False,False,True,False,False,False,False,False,False,False,False,False,True,False
USA,Harvard,2020,82.4,88.3,72700,Public Health Specialist,Diagnostics,Medical Coding,Clinical Research,70,24.3,86,0,False,False,False,True,False,False,False,False,False,True,False,False,False,True,False,False,False,False
Sweden,Karolinska Institute,2016,88.5,93.3,83600,Marketing Manager,Excel,Financial Modeling,Market Research,30,9.2,85,1,True,False,False,False,False,True,False,False,False,False,False,False,False,False,False,False,False,False
Argentina,University of Buenos Aires,2015,91.1,95.7,23000,Public Health Specialist,Patient Care,Clinical Research,Medical Coding,30,18.4,56,1,False,True,False,False,False,True,False,False,False,True,False,False,False,True,False,False,False,False
Sweden,Karolinska Institute,2016,89.6,97.1,59200,Pharmacist,Clinical Research,Diagnostics,Patient Care,56,8.8,56,1,True,False,False,False,False,False,False,False,False,True,False,False,False,True,False,False,False,False
India,IIT Bombay,2025,71.9,78.2,34500,Robotics Engineer,AutoCAD,Project Management,MATLAB,59,90.0,72,0,False,False,False,False,True,False,False,False,True,False,False,False,False,False,True,False,False,False
India,IIT Delhi,2015,81.7,83.2,20800,Policy Analyst,Data Analysis,Communication,Qualitative Research,41,13.4,72,0,False,False,False,False,True,False,False,False,False,False,False,True,True,False,False,False,False,False
Sweden,Karolinska Institute,2018,83.3,86.3,72000,Civil Engineer,Lean Six Sigma,AutoCAD,MATLAB,48,10.5,40,0,True,False,False,False,True,False,False,False,True,False,False,False,False,False,True,False,False,False
Switzerland,EPFL,2017,95.2,100.0,154000,NLP Specialist,Data Visualization,Machine Learning,Big Data,58,16.2,100,1,True,False,False,False,False,True,False,True,False,False,False,False,False,False,False,False,False,True
USA,MIT,2018,86.9,91.9,99200,Civil Engineer,Project Management,AutoCAD,SolidWorks,40,12.5,82,1,False,False,False,True,False,True,False,False,True,False,False,False,False,False,True,False,False,False
Switzerland,ETH Zurich,2022,87.1,88.7,83200,Economist,Communication,Public Policy,Data Analysis,49,61.4,70,0,True,False,False,False,True,False,False,False,False,False,False,True,True,False,False,False,False,False
Brazil,University of São Paulo,2024,95.3,100.0,37200,NLP Specialist,Data Visualization,Deep Learning,R,96,78.8,79,1,False,True,False,False,True,False,False,True,False,False,False,False,False,False,False,False,False,True
Canada,McGill University,2022,91.5,94.9,76800,Robotics Engineer,SolidWorks,Lean Six Sigma,MATLAB,85,60.3,49,1,False,False,False,True,True,False,False,False,True,False,False,False,False,False,True,False,False,False
Netherlands,TU Delft,2016,81.9,88.6,72000,Financial Analyst,Excel,Strategic Planning,Market Research,64,11.7,61,0,True,False,False,False,True,False,False,False,False,False,False,False,False,False,False,False,False,False
South Korea,KAIST,2019,81.3,87.6,62700,Management Consultant,Data Analysis,Market Research,Financial Modeling,36,12.2,60,0,False,False,False,False,True,False,False,False,False,False,False,False,False,False,False,False,False,False
Sweden,Karolinska Institute,2018,83.1,88.6,61200,Electrical Engineer,AutoCAD,Lean Six Sigma,MATLAB,60,5.0,94,0,True,False,False,False,False,False,False,False,True,False,False,False,False,False,True,False,False,False
Mexico,UNAM,2020,83.2,91.4,30300,Policy Analyst,Data Analysis,Qualitative Research,Communication,54,32.0,70,1,False,True,False,False,True,False,False,False,False,False,False,True,True,False,False,False,False,False
Brazil,University of São Paulo,2017,89.3,95.4,34100,Public Health Specialist,Patient Care,Diagnostics,Medical Coding,57,5.0,77,1,False,True,False,False,True,False,False,False,False,True,False,False,False,True,False,False,False,False
Israel,Hebrew University of Jerusalem,2025,93.9,100.0,132000,Data Scientist,DevOps,SQL,Java,77,90.0,52,1,False,False,True,False,False,True,True,False,False,False,False,False,False,False,False,False,True,False
Brazil,University of São Paulo,2025,79.8,83.0,29600,Sociologist,Public Policy,Communication,Data Analysis,64,87.9,82,0,False,True,False,False,False,True,False,False,False,False,False,True,True,False,False,False,False,False
Israel,Technion,2024,73.3,80.6,87200,Mechanical Engineer,Lean Six Sigma,Project Management,AutoCAD,59,79.4,76,0,False,False,True,False,True,False,False,False,True,False,False,False,False,False,True,False,False,False
Canada,McGill University,2016,98.5,100.0,97300,Pharmacist,Patient Care,Diagnostics,Clinical Research,43,20.9,72,1,False,False,False,True,False,True,False,False,False,True,False,False,False,True,False,False,False,False
Singapore,NTU,2025,97.8,100.0,139700,Pharmacist,Diagnostics,Medical Coding,Patient Care,73,90.0,65,1,False,False,False,False,False,True,False,False,False,True,False,False,False,True,False,False,False,False
USA,Georgia Tech,2017,81.8,89.0,67700,Environmental Scientist,Scientific Writing,Experimental Design,Laboratory Skills,38,5.0,61,0,False,False,False,True,True,False,False,False,False,False,True,False,False,False,False,True,False,False
China,Tsinghua University,2016,89.1,95.1,34300,Cloud Architect,Python,React,DevOps,63,5.0,71,1,False,False,False,False,True,False,True,False,False,False,False,False,False,False,False,False,True,False
Argentina,University of Buenos Aires,2017,74.5,81.2,31200,Financial Analyst,Strategic Planning,Excel,Financial Modeling,62,14.8,88,0,False,True,False,False,False,True,False,False,False,False,False,False,False,False,False,False,False,False
Netherlands,TU Delft,2022,91.2,96.4,114900,Data Scientist,Cybersecurity,Java,React,79,60.0,92,1,True,False,False,False,False,True,True,False,False,False,False,False,False,False,False,False,True,False
USA,Stanford,2021,76.9,84.7,71300,Chemist,Experimental Design,Scientific Writing,Laboratory Skills,72,46.4,82,0,False,False,False,True,True,False,False,False,False,False,True,False,False,False,False,True,False,False
Canada,University of Toronto,2019,98.8,100.0,80600,Cloud Architect,Python,Cloud Computing,SQL,88,23.2,78,1,False,False,False,True,True,False,True,False,False,False,False,False,False,False,False,False,True,False
Netherlands,University of Amsterdam,2016,86.6,90.9,69100,Physicist,Laboratory Skills,Experimental Design,Statistical Analysis,75,10.9,65,1,True,False,False,False,False,True,False,False,False,False,True,False,False,False,False,True,False,False
UAE,Khalifa University,2015,95.5,100.0,54300,Pharmacist,Diagnostics,Medical Coding,Patient Care,45,12.9,47,1,False,False,True,False,False,False,False,False,False,True,False,False,False,True,False,False,False,False
Mexico,UNAM,2025,93.5,100.0,37000,AI Consultant,R,NLP,Deep Learning,82,77.2,56,1,False,True,False,False,True,False,False,True,False,False,False,False,False,False,False,False,False,True
Mexico,UNAM,2020,87.9,96.0,16000,Environmental Scientist,Laboratory Skills,Experimental Design,Statistical Analysis,63,52.2,72,1,False,True,False,False,True,False,False,False,False,False,True,False,False,False,False,True,False,False
UK,Oxford,2018,91.3,95.7,99500,NLP Specialist,R,Data Visualization,Big Data,60,11.3,69,1,True,False,False,False,False,True,False,True,False,False,False,False,False,False,False,False,False,True
UK,Imperial College London,2020,80.5,85.1,47100,Human Resources Specialist,Public Policy,Communication,Qualitative Research,51,40.7,81,0,True,False,False,False,False,False,False,False,False,False,False,True,True,False,False,False,False,False
Switzerland,EPFL,2024,81.7,87.2,85800,Human Resources Specialist,Public Policy,Qualitative Research,Communication,60,74.1,73,0,True,False,False,False,True,False,False,False,False,False,False,True,True,False,False,False,False,False
Canada,McGill University,2017,84.7,88.0,81600,Robotics Engineer,Lean Six Sigma,AutoCAD,SolidWorks,64,21.7,57,0,False,False,False,True,False,True,False,False,True,False,False,False,False,False,True,False,False,False
Canada,UBC,2022,79.4,86.4,90100,Environmental Scientist,Statistical Analysis,Experimental Design,Laboratory Skills,51,64.8,56,0,False,False,False,True,False,True,False,False,False,False,True,False,False,False,False,True,False,False
Saudi Arabia,King Abdulaziz University,2025,74.8,81.5,59900,Mechanical Engineer,AutoCAD,Lean Six Sigma,Project Management,61,90.0,64,0,False,False,True,False,False,False,False,False,True,False,False,False,False,False,True,False,False,False
France,Ecole Polytechnique,2019,82.0,85.5,63300,Civil Engineer,SolidWorks,AutoCAD,MATLAB,60,17.7,58,0,True,False,False,False,True,False,False,False,True,False,False,False,False,False,True,False,False,False
Israel,Technion,2018,99.0,100.0,118400,AI Consultant,Big Data,NLP,Machine Learning,61,11.5,61,1,False,False,True,False,False,True,False,True,False,False,False,False,False,False,False,False,False,True
Argentina,University of Buenos Aires,2023,83.2,86.6,33000,Sociologist,Data Analysis,Public Policy,Communication,54,80.9,61,0,False,True,False,False,False,True,False,False,False,False,False,True,True,False,False,False,False,False
Canada,University of Toronto,2020,94.8,98.8,65300,Software Engineer,React,Cybersecurity,Java,79,39.8,80,1,False,False,False,True,False,False,True,False,False,False,False,False,False,False,False,False,True,False
South Africa,University of Cape Town,2024,80.1,85.3,44200,Financial Analyst,Financial Modeling,Excel,Market Research,64,65.2,73,0,False,False,True,False,True,False,False,False,False,False,False,False,False,False,False,False,False,False
Mexico,UNAM,2025,76.8,80.3,35800,Physicist,Statistical Analysis,Scientific Writing,Laboratory Skills,61,90.0,76,0,False,True,False,False,True,False,False,False,False,False,True,False,False,False,False,True,False,False
Brazil,University of São Paulo,2019,76.7,81.8,29000,Robotics Engineer,Project Management,SolidWorks,MATLAB,42,10.7,83,0,False,True,False,False,True,False,False,False,True,False,False,False,False,False,True,False,False,False
Switzerland,EPFL,2025,72.3,80.5,69100,Sociologist,Public Policy,Communication,Qualitative Research,63,90.0,67,0,True,False,False,False,False,False,False,False,False,False,False,True,True,False,False,False,False,False
UAE,Khalifa University,2022,95.2,98.4,114200,Pharmacist,Patient Care,Diagnostics,Medical Coding,65,56.2,50,1,False,False,True,False,False,True,False,False,False,True,False,False,False,True,False,False,False,False
Canada,University of Toronto,2018,81.7,86.4,91600,Robotics Engineer,AutoCAD,Project Management,SolidWorks,43,18.0,83,0,False,False,False,True,False,True,False,False,True,False,False,False,False,False,True,False,False,False
Singapore,NUS,2021,88.5,90.0,82800,Public Health Specialist,Medical Coding,Patient Care,Diagnostics,81,49.4,58,0,False,False,False,False,False,False,False,False,False,True,False,False,False,True,False,False,False,False
Mexico,UNAM,2019,88.8,93.8,27300,Human Resources Specialist,Communication,Data Analysis,Public Policy,70,15.4,53,1,False,True,False,False,False,True,False,False,False,False,False,True,True,False,False,False,False,False
USA,Harvard,2015,87.8,87.8,80200,Chemist,Scientific Writing,Statistical Analysis,Laboratory Skills,48,5.0,62,0,False,False,False,True,False,True,False,False,False,False,True,False,False,False,False,True,False,False
Argentina,University of Buenos Aires,2018,79.5,83.4,19200,Mechanical Engineer,Project Management,Lean Six Sigma,MATLAB,45,21.5,98,0,False,True,False,False,True,False,False,False,True,False,False,False,False,False,True,False,False,False
Singapore,NUS,2017,90.9,95.1,78400,Physicist,Experimental Design,Statistical Analysis,Laboratory Skills,55,9.7,60,1,False,False,False,False,False,True,False,False,False,False,True,False,False,False,False,True,False,False
Canada,McGill University,2016,90.6,94.7,62700,Cloud Architect,Cybersecurity,React,Cloud Computing,58,5.5,45,1,False,False,False,True,False,False,True,False,False,False,False,False,False,False,False,False,True,False
Brazil,University of São Paulo,2016,84.0,88.5,23900,AI Researcher,Java,DevOps,React,85,16.0,69,0,False,True,False,False,False,False,True,False,False,False,False,False,False,False,False,False,True,False
Saudi Arabia,King Abdulaziz University,2025,92.4,98.4,83800,Biologist,Laboratory Skills,Statistical Analysis,Scientific Writing,66,75.7,75,1,False,False,True,False,False,True,False,False,False,False,True,False,False,False,False,True,False,False
Mexico,UNAM,2016,86.8,92.4,24500,Data Scientist,Python,DevOps,Cybersecurity,68,9.1,40,1,False,True,False,False,False,False,True,False,False,False,False,False,False,False,False,False,True,False
Canada,McGill University,2016,87.8,91.6,64400,Human Resources Specialist,Qualitative Research,Data Analysis,Communication,52,6.2,75,1,False,False,False,True,False,True,False,False,False,False,False,True,True,False,False,False,False,False
Australia,University of Melbourne,2016,85.3,93.0,65200,NLP Specialist,NLP,Big Data,Deep Learning,81,7.0,77,1,False,False,False,False,False,False,False,True,False,False,False,False,False,False,False,False,False,True
Canada,UBC,2023,86.2,87.8,92700,Chemist,Experimental Design,Laboratory Skills,Scientific Writing,76,64.3,64,0,False,False,False,True,False,True,False,False,False,False,True,False,False,False,False,True,False,False
USA,Georgia Tech,2015,84.5,88.7,110000,Mechanical Engineer,Lean Six Sigma,SolidWorks,Project Management,30,16.9,49,0,False,False,False,True,False,True,False,False,True,False,False,False,False,False,True,False,False,False
USA,Georgia Tech,2017,78.3,86.2,44600,Policy Analyst,Public Policy,Communication,Qualitative Research,61,9.2,74,0,False,False,False,True,False,False,False,False,False,False,False,True,True,False,False,False,False,False
USA,Georgia Tech,2023,91.9,97.1,110200,Data Analyst,Deep Learning,Data Visualization,Machine Learning,95,79.7,77,1,False,False,False,True,True,False,False,True,False,False,False,False,False,False,False,False,False,True
China,Fudan University,2023,85.0,89.8,35200,Sociologist,Data Analysis,Public Policy,Qualitative Research,55,66.0,71,0,False,False,False,False,True,False,False,False,False,False,False,True,True,False,False,False,False,False
South Africa,University of Cape Town,2025,92.1,94.7,61300,Software Engineer,SQL,Python,Java,90,90.0,72,1,False,False,True,False,False,True,True,False,False,False,False,False,False,False,False,False,True,False
Germany,Heidelberg University,2024,85.1,88.9,71700,Electrical Engineer,Lean Six Sigma,Project Management,MATLAB,61,69.6,80,0,True,False,False,False,False,False,False,False,True,False,False,False,False,False,True,False,False,False
India,IISc Bangalore,2016,81.4,85.9,38500,Marketing Manager,Market Research,Excel,Strategic Planning,66,12.5,76,0,False,False,False,False,False,True,False,False,False,False,False,False,False,False,False,False,False,False
Netherlands,University of Amsterdam,2025,93.4,96.5,70900,Machine Learning Engineer,Data Visualization,Deep Learning,Big Data,78,86.5,61,1,True,False,False,False,False,False,False,True,False,False,False,False,False,False,False,False,False,True
Singapore,NUS,2024,85.8,92.7,140700,NLP Specialist,NLP,Big Data,Deep Learning,99,60.5,84,1,False,False,False,False,False,True,False,True,False,False,False,False,False,False,False,False,False,True
France,Ecole Polytechnique,2024,95.5,100.0,76700,Software Engineer,Java,Python,Cloud Computing,88,78.1,88,1,True,False,False,False,True,False,True,False,False,False,False,False,False,False,False,False,True,False
UAE,Khalifa University,2025,93.0,100.0,75500,AI Consultant,Machine Learning,R,Big Data,97,90.0,62,1,False,False,True,False,False,False,False,True,False,False,False,False,False,False,False,False,False,True
Germany,Heidelberg University,2021,89.5,96.9,71800,Software Engineer,Java,DevOps,Python,81,46.1,89,1,True,False,False,False,False,False,True,False,False,False,False,False,False,False,False,False,True,False
Switzerland,EPFL,2022,75.9,79.9,120900,Biologist,Laboratory Skills,Scientific Writing,Statistical Analysis,70,73.9,71,0,True,False,False,False,False,True,False,False,False,False,True,False,False,False,False,True,False,False
South Africa,University of Cape Town,2020,73.2,77.3,34600,Robotics Engineer,SolidWorks,Project Management,Lean Six Sigma,57,38.9,71,0,False,False,True,False,False,False,False,False,True,False,False,False,False,False,True,False,False,False
Argentina,University of Buenos Aires,2025,89.0,94.3,31200,Data Scientist,Cybersecurity,React,Java,89,80.7,68,1,False,True,False,False,True,False,True,False,False,False,False,False,False,False,False,False,True,False
Netherlands,University of Amsterdam,2025,79.2,84.2,49500,Human Resources Specialist,Communication,Data Analysis,Public Policy,70,85.7,89,0,True,False,False,False,False,False,False,False,False,False,False,True,True,False,False,False,False,False
Brazil,University of São Paulo,2022,77.6,88.2,22300,Chemist,Scientific Writing,Statistical Analysis,Experimental Design,53,46.5,81,0,False,True,False,False,True,False,False,False,False,False,True,False,False,False,False,True,False,False
Singapore,NUS,2020,80.1,89.4,76700,Financial Analyst,Financial Modeling,Market Research,Data Analysis,44,20.2,47,0,False,False,False,False,True,False,False,False,False,False,False,False,False,False,False,False,False,False
USA,Georgia Tech,2019,95.6,99.6,78800,Cybersecurity Analyst,Cybersecurity,DevOps,Python,84,17.0,96,1,False,False,False,True,False,False,True,False,False,False,False,False,False,False,False,False,True,False
Saudi Arabia,King Abdulaziz University,2025,79.7,83.1,85400,Biomedical Researcher,Clinical Research,Patient Care,Diagnostics,65,87.4,67,0,False,False,True,False,True,False,False,False,False,True,False,False,False,True,False,False,False,False
Canada,UBC,2020,89.4,94.0,79300,Human Resources Specialist,Qualitative Research,Communication,Public Policy,70,43.6,70,1,False,False,False,True,False,True,False,False,False,False,False,True,True,False,False,False,False,False
Sweden,KTH Royal Institute of Technology,2020,90.4,99.5,65700,AI Researcher,SQL,Java,Cybersecurity,65,34.8,68,1,True,False,False,False,False,False,True,False,False,False,False,False,False,False,False,False,True,False
Canada,McGill University,2020,87.6,92.5,76700,Civil Engineer,AutoCAD,MATLAB,SolidWorks,45,48.4,81,1,False,False,False,True,True,False,False,False,True,False,False,False,False,False,True,False,False,False
UAE,Khalifa University,2019,81.2,83.1,65900,Marketing Manager,Excel,Strategic Planning,Financial Modeling,51,5.5,82,0,False,False,True,False,True,False,False,False,False,False,False,False,False,False,False,False,False,False
France,PSL University,2022,84.8,91.6,79900,Pharmacist,Clinical Research,Patient Care,Diagnostics,49,63.3,57,1,True,False,False,False,True,False,False,False,False,True,False,False,False,True,False,False,False,False
Japan,Kyoto University,2020,92.5,98.6,51700,AI Researcher,React,Java,DevOps,93,39.2,74,1,False,False,False,False,False,False,True,False,False,False,False,False,False,False,False,False,True,False
USA,UC Berkeley,2016,82.2,88.0,75700,Mechanical Engineer,Lean Six Sigma,Project Management,SolidWorks,51,5.0,74,0,False,False,False,True,True,False,False,False,True,False,False,False,False,False,True,False,False,False
Brazil,University of São Paulo,2018,89.6,92.0,45600,AI Consultant,Data Visualization,NLP,R,90,12.5,66,1,False,True,False,False,False,True,False,True,False,False,False,False,False,False,False,False,False,True
South Korea,Seoul National University,2019,78.9,86.5,55500,Chemist,Laboratory Skills,Statistical Analysis,Scientific Writing,59,7.2,77,0,False,False,False,False,False,True,False,False,False,False,True,False,False,False,False,True,False,False
France,Ecole Polytechnique,2018,97.5,100.0,54500,Machine Learning Engineer,Machine Learning,Deep Learning,R,71,6.9,40,1,True,False,False,False,False,False,False,True,False,False,False,False,False,False,False,False,False,True
Netherlands,University of Amsterdam,2015,86.3,91.6,84100,AI Consultant,Deep Learning,NLP,Data Visualization,66,5.0,65,1,True,False,False,False,False,True,False,True,False,False,False,False,False,False,False,False,False,True
Canada,McGill University,2025,85.6,86.8,118100,Marketing Manager,Strategic Planning,Excel,Market Research,68,76.2,83,0,False,False,False,True,False,True,False,False,False,False,False,False,False,False,False,False,False,False
UK,Oxford,2017,75.5,79.0,55300,Civil Engineer,MATLAB,AutoCAD,Lean Six Sigma,49,5.0,75,0,True,False,False,False,False,False,False,False,True,False,False,False,False,False,True,False,False,False
Canada,McGill University,2015,87.9,90.7,62200,Sociologist,Data Analysis,Qualitative Research,Communication,43,5.0,54,1,False,False,False,True,False,True,False,False,False,False,False,True,True,False,False,False,False,False
Brazil,University of São Paulo,2017,95.0,98.6,19600,Medical Doctor,Patient Care,Clinical Research,Diagnostics,55,8.1,50,1,False,True,False,False,False,False,False,False,False,True,False,False,False,True,False,False,False,False
Singapore,NUS,2021,86.0,88.6,94000,Chemist,Statistical Analysis,Experimental Design,Laboratory Skills,70,41.5,62,0,False,False,False,False,False,True,False,False,False,False,True,False,False,False,False,True,False,False
Switzerland,ETH Zurich,2017,86.7,91.8,86700,Data Scientist,DevOps,Python,Cloud Computing,70,10.6,40,1,True,False,False,False,False,False,True,False,False,False,False,False,False,False,False,False,True,False
Netherlands,TU Delft,2016,86.1,93.2,70600,Electrical Engineer,AutoCAD,SolidWorks,Project Management,42,8.8,74,1,True,False,False,False,False,True,False,False,True,False,False,False,False,False,True,False,False,False
Germany,Heidelberg University,2015,71.1,74.3,70700,Investment Banker,Market Research,Data Analysis,Excel,46,13.5,100,0,True,False,False,False,True,False,False,False,False,False,False,False,False,False,False,False,False,False
China,Peking University,2020,84.2,90.0,50700,AI Consultant,NLP,Data Visualization,Deep Learning,93,41.1,56,0,False,False,False,False,True,False,False,True,False,False,False,False,False,False,False,False,False,True
USA,MIT,2025,93.3,96.3,93500,AI Researcher,React,Cloud Computing,Java,93,90.0,87,1,False,False,False,True,False,False,True,False,False,False,False,False,False,False,False,False,True,False
Mexico,UNAM,2019,79.5,86.9,25200,Electrical Engineer,SolidWorks,MATLAB,Project Management,45,12.2,49,0,False,True,False,False,True,False,False,False,True,False,False,False,False,False,True,False,False,False
USA,MIT,2017,91.7,99.2,122000,Public Health Specialist,Medical Coding,Patient Care,Diagnostics,58,5.0,91,1,False,False,False,True,False,True,False,False,False,True,False,False,False,True,False,False,False,False
Sweden,Karolinska Institute,2021,94.4,97.9,73400,Medical Doctor,Clinical Research,Diagnostics,Medical Coding,58,51.5,59,1,True,False,False,False,False,False,False,False,False,True,False,False,False,True,False,False,False,False
USA,Stanford,2016,83.7,83.7,112700,Marketing Manager,Financial Modeling,Excel,Strategic Planning,55,8.3,68,0,False,False,False,True,False,True,False,False,False,False,False,False,False,False,False,False,False,False
Switzerland,ETH Zurich,2018,84.0,91.3,77500,Electrical Engineer,SolidWorks,MATLAB,Lean Six Sigma,58,8.3,69,1,True,False,False,False,False,False,False,False,True,False,False,False,False,False,True,False,False,False
South Korea,Seoul National University,2022,87.2,93.4,66000,Software Engineer,DevOps,Cybersecurity,React,88,75.4,88,1,False,False,False,False,True,False,True,False,False,False,False,False,False,False,False,False,True,False
Switzerland,EPFL,2019,87.1,90.2,127300,Civil Engineer,AutoCAD,Lean Six Sigma,MATLAB,64,7.4,54,0,True,False,False,False,False,True,False,False,True,False,False,False,False,False,True,False,False,False
Mexico,UNAM,2023,66.6,69.75,25400,Management Consultant,Data Analysis,Market Research,Strategic Planning,64,70.8,64,0,False,True,False,False,False,False,False,False,False,False,False,False,False,False,False,False,False,False
Germany,TU Munich,2018,85.9,91.7,56000,Public Health Specialist,Clinical Research,Medical Coding,Patient Care,61,9.9,87,1,True,False,False,False,False,False,False,False,False,True,False,False,False,True,False,False,False,False
India,IIT Delhi,2023,89.3,93.7,45500,Machine Learning Engineer,Machine Learning,Deep Learning,Big Data,71,68.9,86,1,False,False,False,False,False,True,False,True,False,False,False,False,False,False,False,False,False,True
Saudi Arabia,King Abdulaziz University,2017,87.0,91.4,40600,Policy Analyst,Communication,Public Policy,Qualitative Research,67,9.0,92,1,False,False,True,False,False,False,False,False,False,False,False,True,True,False,False,False,False,False
Germany,Humboldt University,2025,93.5,100.0,75300,AI Researcher,Cloud Computing,React,Cybersecurity,88,90.0,89,1,True,False,False,False,False,False,True,False,False,False,False,False,False,False,False,False,True,False
China,Fudan University,2017,86.4,95.7,60000,AI Consultant,Data Visualization,Big Data,R,69,10.8,87,1,False,False,False,False,False,True,False,True,False,False,False,False,False,False,False,False,False,True
USA,Harvard,2019,75.0,80.5,49600,Policy Analyst,Qualitative Research,Data Analysis,Public Policy,40,8.6,73,0,False,False,False,True,False,False,False,False,False,False,False,True,True,False,False,False,False,False
Argentina,University of Buenos Aires,2024,75.3,83.5,23000,Sociologist,Qualitative Research,Data Analysis,Public Policy,69,90.0,66,0,False,True,False,False,False,True,False,False,False,False,False,True,True,False,False,False,False,False
India,IISc Bangalore,2021,84.3,88.9,25500,Environmental Scientist,Statistical Analysis,Experimental Design,Laboratory Skills,50,64.7,60,0,False,False,False,False,False,True,False,False,False,False,True,False,False,False,False,True,False,False
India,IIT Delhi,2017,86.6,90.6,10900,Financial Analyst,Data Analysis,Strategic Planning,Financial Modeling,47,5.0,96,0,False,False,False,False,False,False,False,False,False,False,False,False,False,False,False,False,False,False
Israel,Technion,2015,93.3,100.0,96500,NLP Specialist,R,Deep Learning,Big Data,74,9.7,44,1,False,False,True,False,False,True,False,True,False,False,False,False,False,False,False,False,False,True
Saudi Arabia,King Abdulaziz University,2021,90.9,94.4,55100,Software Engineer,Java,DevOps,React,84,56.8,84,1,False,False,True,False,False,False,True,False,False,False,False,False,False,False,False,False,True,False
Saudi Arabia,King Abdulaziz University,2021,99.0,100.0,88400,Software Engineer,DevOps,Python,React,81,60.9,100,1,False,False,True,False,False,True,True,False,False,False,False,False,False,False,False,False,True,False
USA,Stanford,2017,88.9,89.1,68700,Machine Learning Engineer,NLP,Big Data,Machine Learning,75,11.8,69,0,False,False,False,True,False,False,False,True,False,False,False,False,False,False,False,False,False,True
Canada,UBC,2017,69.8,75.5,51300,Electrical Engineer,SolidWorks,Lean Six Sigma,AutoCAD,68,7.0,76,0,False,False,False,True,False,False,False,False,True,False,False,False,False,False,True,False,False,False
South Korea,Seoul National University,2023,92.3,96.5,46500,Software Engineer,React,Cloud Computing,Cybersecurity,78,62.4,64,1,False,False,False,False,False,False,True,False,False,False,False,False,False,False,False,False,True,False
USA,MIT,2016,86.4,90.6,119700,Machine Learning Engineer,Big Data,Data Visualization,Deep Learning,71,5.0,96,0,False,False,False,True,False,True,False,True,False,False,False,False,False,False,False,False,False,True
UK,Cambridge,2017,77.9,80.9,62800,Marketing Manager,Excel,Market Research,Financial Modeling,71,12.8,55,0,True,False,False,False,True,False,False,False,False,False,False,False,False,False,False,False,False,False
Canada,University of Toronto,2016,81.0,86.5,58500,Electrical Engineer,MATLAB,Lean Six Sigma,AutoCAD,48,6.3,75,0,False,False,False,True,False,False,False,False,True,False,False,False,False,False,True,False,False,False
Canada,University of Toronto,2017,99.0,100.0,59300,Biomedical Researcher,Patient Care,Diagnostics,Medical Coding,69,9.4,74,1,False,False,False,True,False,False,False,False,False,True,False,False,False,True,False,False,False,False
Brazil,University of São Paulo,2019,79.8,86.6,37100,Environmental Scientist,Scientific Writing,Laboratory Skills,Statistical Analysis,30,6.4,56,0,False,True,False,False,False,True,False,False,False,False,True,False,False,False,False,True,False,False
Japan,University of Tokyo,2017,78.9,84.7,32500,Environmental Scientist,Statistical Analysis,Experimental Design,Laboratory Skills,61,11.2,60,0,False,False,False,False,False,False,False,False,False,False,True,False,False,False,False,True,False,False
Argentina,University of Buenos Aires,2024,90.6,97.5,23400,Data Scientist,DevOps,React,Cloud Computing,95,80.3,56,1,False,True,False,False,False,False,True,False,False,False,False,False,False,False,False,False,True,False
Canada,University of Toronto,2021,77.3,81.6,49800,Environmental Scientist,Scientific Writing,Statistical Analysis,Experimental Design,64,57.2,69,0,False,False,False,True,False,False,False,False,False,False,True,False,False,False,False,True,False,False
Argentina,University of Buenos Aires,2025,83.7,87.7,28200,Environmental Scientist,Scientific Writing,Laboratory Skills,Experimental Design,60,72.4,59,0,False,True,False,False,False,True,False,False,False,False,True,False,False,False,False,True,False,False
Argentina,University of Buenos Aires,2022,89.5,94.0,36200,Pharmacist,Patient Care,Diagnostics,Clinical Research,68,65.2,53,1,False,True,False,False,False,True,False,False,False,True,False,False,False,True,False,False,False,False
Saudi Arabia,King Abdulaziz University,2015,95.6,98.4,58600,NLP Specialist,Deep Learning,Machine Learning,R,61,16.0,67,1,False,False,True,False,False,False,False,True,False,False,False,False,False,False,False,False,False,True
UK,Oxford,2017,84.3,88.8,64800,NLP Specialist,R,Data Visualization,Deep Learning,62,7.9,70,0,True,False,False,False,True,False,False,True,False,False,False,False,False,False,False,False,False,True
Germany,TU Munich,2017,78.5,85.7,49500,Human Resources Specialist,Public Policy,Communication,Data Analysis,68,17.2,74,0,True,False,False,False,False,False,False,False,False,False,False,True,True,False,False,False,False,False
Canada,McGill University,2016,82.3,89.4,31100,Policy Analyst,Public Policy,Qualitative Research,Data Analysis,51,18.7,82,0,False,False,False,True,False,False,False,False,False,False,False,True,True,False,False,False,False,False
France,PSL University,2016,85.4,91.1,49600,Civil Engineer,AutoCAD,SolidWorks,Lean Six Sigma,30,7.5,87,1,True,False,False,False,False,False,False,False,True,False,False,False,False,False,True,False,False,False
Argentina,University of Buenos Aires,2019,91.9,94.8,26900,Pharmacist,Diagnostics,Patient Care,Medical Coding,75,18.4,56,1,False,True,False,False,False,True,False,False,False,True,False,False,False,True,False,False,False,False
Canada,University of Toronto,2025,86.6,92.8,76100,Cloud Architect,Python,Cybersecurity,Java,95,90.0,74,1,False,False,False,True,False,False,True,False,False,False,False,False,False,False,False,False,True,False
UK,LSE,2022,76.1,77.7,72200,Economist,Communication,Data Analysis,Qualitative Research,60,44.3,47,0,True,False,False,False,True,False,False,False,False,False,False,True,True,False,False,False,False,False
Brazil,University of São Paulo,2021,85.4,88.5,23700,Pharmacist,Patient Care,Medical Coding,Clinical Research,67,44.9,67,0,False,True,False,False,False,False,False,False,False,True,False,False,False,True,False,False,False,False
UAE,Khalifa University,2023,77.4,81.9,85900,Robotics Engineer,Lean Six Sigma,AutoCAD,MATLAB,69,50.6,40,0,False,False,True,False,True,False,False,False,True,False,False,False,False,False,True,False,False,False
Mexico,UNAM,2015,83.7,92.8,24400,Electrical Engineer,MATLAB,SolidWorks,AutoCAD,51,14.1,67,1,False,True,False,False,True,False,False,False,True,False,False,False,False,False,True,False,False,False
USA,MIT,2020,99.0,99.8,101100,Biomedical Researcher,Clinical Research,Diagnostics,Patient Care,64,61.4,74,1,False,False,False,True,True,False,False,False,False,True,False,False,False,True,False,False,False,False
UAE,Khalifa University,2015,86.9,91.8,66700,Medical Doctor,Medical Coding,Clinical Research,Diagnostics,50,5.0,52,1,False,False,True,False,False,False,False,False,False,True,False,False,False,True,False,False,False,False
France,PSL University,2015,97.1,100.0,77000,Public Health Specialist,Diagnostics,Clinical Research,Medical Coding,53,14.1,67,1,True,False,False,False,False,True,False,False,False,True,False,False,False,True,False,False,False,False
Canada,University of Toronto,2019,81.3,86.4,68500,Biologist,Experimental Design,Scientific Writing,Laboratory Skills,55,13.4,63,0,False,False,False,True,True,False,False,False,False,False,True,False,False,False,False,True,False,False
Argentina,University of Buenos Aires,2025,74.3,77.1,20600,Policy Analyst,Public Policy,Qualitative Research,Communication,76,89.1,63,0,False,True,False,False,False,False,False,False,False,False,False,True,True,False,False,False,False,False
Saudi Arabia,King Abdulaziz University,2021,80.0,84.6,79300,Biologist,Experimental Design,Scientific Writing,Laboratory Skills,75,65.4,93,0,False,False,True,False,False,True,False,False,False,False,True,False,False,False,False,True,False,False
Germany,Humboldt University,2025,97.4,100.0,92800,Data Scientist,Python,React,Java,80,66.5,95,1,True,False,False,False,True,False,True,False,False,False,False,False,False,False,False,False,True,False
Sweden,KTH Royal Institute of Technology,2024,92.4,95.5,110500,Public Health Specialist,Medical Coding,Patient Care,Clinical Research,74,76.2,50,1,True,False,False,False,False,True,False,False,False,True,False,False,False,True,False,False,False,False
Japan,Kyoto University,2025,72.8,76.2,46200,Policy Analyst,Data Analysis,Public Policy,Communication,48,75.8,72,0,False,False,False,False,False,False,False,False,False,False,False,True,True,False,False,False,False,False
Switzerland,EPFL,2015,72.6,77.6,52900,Environmental Scientist,Statistical Analysis,Experimental Design,Laboratory Skills,44,20.0,97,0,True,False,False,False,False,False,False,False,False,False,True,False,False,False,False,True,False,False
Canada,McGill University,2017,92.8,99.3,60100,AI Consultant,Machine Learning,R,Big Data,68,5.0,69,1,False,False,False,True,False,False,False,True,False,False,False,False,False,False,False,False,False,True
USA,Stanford,2022,80.8,86.7,102000,Environmental Scientist,Scientific Writing,Statistical Analysis,Experimental Design,56,48.5,71,0,False,False,False,True,False,True,False,False,False,False,True,False,False,False,False,True,False,False
UK,LSE,2019,84.1,91.0,66300,NLP Specialist,Data Visualization,NLP,Deep Learning,60,7.1,66,1,True,False,False,False,False,False,False,True,False,False,False,False,False,False,False,False,False,True
Australia,ANU,2016,88.4,97.2,79700,AI Consultant,NLP,Data Visualization,Big Data,63,22.2,76,1,False,False,False,False,True,False,False,True,False,False,False,False,False,False,False,False,False,True
USA,Stanford,2023,85.4,95.4,106400,Biologist,Laboratory Skills,Experimental Design,Scientific Writing,56,58.8,58,1,False,False,False,True,False,True,False,False,False,False,True,False,False,False,False,True,False,False
Brazil,University of São Paulo,2021,71.4,76.4,25400,Robotics Engineer,SolidWorks,AutoCAD,Project Management,78,51.5,65,0,False,True,False,False,False,False,False,False,True,False,False,False,False,False,True,False,False,False
Argentina,University of Buenos Aires,2017,94.5,97.8,14400,Cybersecurity Analyst,React,Python,DevOps,92,19.7,73,1,False,True,False,False,False,False,True,False,False,False,False,False,False,False,False,False,True,False
Netherlands,University of Amsterdam,2020,95.2,100.0,66300,NLP Specialist,Big Data,Data Visualization,Deep Learning,71,34.7,50,1,True,False,False,False,False,False,False,True,False,False,False,False,False,False,False,False,False,True
Canada,McGill University,2017,93.3,95.6,64000,Public Health Specialist,Diagnostics,Clinical Research,Medical Coding,49,5.0,56,1,False,False,False,True,False,False,False,False,False,True,False,False,False,True,False,False,False,False
UAE,Khalifa University,2020,76.3,80.7,54200,Physicist,Experimental Design,Statistical Analysis,Laboratory Skills,43,41.9,69,0,False,False,True,False,False,False,False,False,False,False,True,False,False,False,False,True,False,False
UK,LSE,2025,90.3,95.7,92400,Machine Learning Engineer,Deep Learning,Machine Learning,NLP,81,75.2,97,1,True,False,False,False,True,False,False,True,False,False,False,False,False,False,False,False,False,True
South Korea,Seoul National University,2022,80.8,87.8,49000,Biologist,Experimental Design,Scientific Writing,Laboratory Skills,99,47.6,76,0,False,False,False,False,True,False,False,False,False,False,True,False,False,False,False,True,False,False
UK,Oxford,2019,88.6,92.1,76900,NLP Specialist,Deep Learning,NLP,R,66,9.8,47,1,True,False,False,False,True,False,False,True,False,False,False,False,False,False,False,False,False,True
Mexico,UNAM,2020,83.3,89.1,39900,Financial Analyst,Market Research,Data Analysis,Financial Modeling,55,36.3,74,0,False,True,False,False,False,True,False,False,False,False,False,False,False,False,False,False,False,False
USA,Harvard,2020,81.2,84.5,91100,Chemist,Laboratory Skills,Experimental Design,Statistical Analysis,51,18.9,90,0,False,False,False,True,False,True,False,False,False,False,True,False,False,False,False,True,False,False
Mexico,UNAM,2019,88.8,96.0,30700,Financial Analyst,Market Research,Financial Modeling,Strategic Planning,45,5.0,100,1,False,True,False,False,False,True,False,False,False,False,False,False,False,False,False,False,False,False
Argentina,University of Buenos Aires,2018,79.8,85.4,25300,Robotics Engineer,SolidWorks,Project Management,MATLAB,49,12.2,59,0,False,True,False,False,False,False,False,False,True,False,False,False,False,False,True,False,False,False
France,PSL University,2024,73.4,78.4,35600,Policy Analyst,Public Policy,Qualitative Research,Communication,56,79.3,53,0,True,False,False,False,False,False,False,False,False,False,False,True,True,False,False,False,False,False
Japan,University of Tokyo,2025,87.3,92.8,91300,Management Consultant,Data Analysis,Market Research,Strategic Planning,69,90.0,77,1,False,False,False,False,False,True,False,False,False,False,False,False,False,False,False,False,False,False
Australia,University of Sydney,2020,80.7,84.8,94500,Environmental Scientist,Laboratory Skills,Experimental Design,Statistical Analysis,46,35.7,84,0,False,False,False,False,False,True,False,False,False,False,True,False,False,False,False,True,False,False
India,IISc Bangalore,2023,87.8,89.2,43300,Robotics Engineer,SolidWorks,Lean Six Sigma,Project Management,76,51.6,83,0,False,False,False,False,False,True,False,False,True,False,False,False,False,False,True,False,False,False
Singapore,NUS,2016,83.5,85.8,49300,Environmental Scientist,Laboratory Skills,Scientific Writing,Experimental Design,63,5.0,59,0,False,False,False,False,False,False,False,False,False,False,True,False,False,False,False,True,False,False
Canada,UBC,2016,84.2,89.4,91300,Public Health Specialist,Diagnostics,Medical Coding,Clinical Research,70,23.3,71,0,False,False,False,True,False,True,False,False,False,True,False,False,False,True,False,False,False,False
Brazil,University of São Paulo,2021,92.4,98.4,41500,Medical Doctor,Clinical Research,Diagnostics,Patient Care,58,52.0,78,1,False,True,False,False,True,False,False,False,False,True,False,False,False,True,False,False,False,False
South Korea,KAIST,2021,82.6,87.5,55200,Sociologist,Public Policy,Qualitative Research,Data Analysis,70,39.3,69,0,False,False,False,False,False,True,False,False,False,False,False,True,True,False,False,False,False,False
Singapore,NTU,2021,87.1,94.8,83600,Physicist,Statistical Analysis,Laboratory Skills,Experimental Design,62,53.2,85,1,False,False,False,False,True,False,False,False,False,False,True,False,False,False,False,True,False,False
USA,Stanford,2023,71.5,73.9,90500,Environmental Scientist,Scientific Writing,Statistical Analysis,Laboratory Skills,79,67.2,59,0,False,False,False,True,True,False,False,False,False,False,True,False,False,False,False,True,False,False
Switzerland,EPFL,2025,87.2,89.4,104600,Biomedical Researcher,Diagnostics,Clinical Research,Patient Care,90,89.8,69,0,True,False,False,False,False,False,False,False,False,True,False,False,False,True,False,False,False,False
Argentina,University of Buenos Aires,2023,96.1,100.0,31200,Machine Learning Engineer,Deep Learning,Data Visualization,NLP,96,63.7,65,1,False,True,False,False,True,False,False,True,False,False,False,False,False,False,False,False,False,True
Switzerland,ETH Zurich,2021,90.4,95.4,154400,Public Health Specialist,Medical Coding,Diagnostics,Clinical Research,65,57.9,43,1,True,False,False,False,False,True,False,False,False,True,False,False,False,True,False,False,False,False
UK,Oxford,2015,78.8,85.2,54200,Investment Banker,Market Research,Strategic Planning,Financial Modeling,57,18.0,90,0,True,False,False,False,False,False,False,False,False,False,False,False,False,False,False,False,False,False
Israel,Technion,2017,90.2,95.8,78200,Economist,Data Analysis,Communication,Qualitative Research,54,14.4,80,1,False,False,True,False,False,True,False,False,False,False,False,True,True,False,False,False,False,False
Sweden,KTH Royal Institute of Technology,2023,83.3,88.2,75100,Mechanical Engineer,Project Management,SolidWorks,Lean Six Sigma,57,82.9,70,0,True,False,False,False,True,False,False,False,True,False,False,False,False,False,True,False,False,False
China,Tsinghua University,2025,84.9,88.8,81200,Cybersecurity Analyst,Cybersecurity,Python,React,90,90.0,75,0,False,False,False,False,False,True,True,False,False,False,False,False,False,False,False,False,True,False
UAE,Khalifa University,2019,84.4,87.0,70000,NLP Specialist,Deep Learning,Machine Learning,Big Data,81,5.0,62,0,False,False,True,False,False,False,False,True,False,False,False,False,False,False,False,False,False,True
India,IIT Delhi,2015,75.1,83.3,21500,Investment Banker,Data Analysis,Financial Modeling,Strategic Planning,62,5.0,56,0,False,False,False,False,False,False,False,False,False,False,False,False,False,False,False,False,False,False
Sweden,Karolinska Institute,2025,87.3,93.9,84700,AI Consultant,Data Visualization,Deep Learning,Big Data,85,90.0,47,1,True,False,False,False,True,False,False,True,False,False,False,False,False,False,False,False,False,True
USA,Georgia Tech,2015,90.2,95.2,114000,Pharmacist,Clinical Research,Patient Care,Medical Coding,49,5.0,52,1,False,False,False,True,False,True,False,False,False,True,False,False,False,True,False,False,False,False
UAE,Khalifa University,2019,85.0,92.1,76400,Policy Analyst,Public Policy,Data Analysis,Communication,61,10.7,44,1,False,False,True,False,False,True,False,False,False,False,False,True,True,False,False,False,False,False
Saudi Arabia,King Abdulaziz University,2018,91.1,100.0,66300,Data Scientist,Python,Cloud Computing,Java,82,17.7,78,1,False,False,True,False,True,False,True,False,False,False,False,False,False,False,False,False,True,False
USA,Harvard,2018,81.8,87.3,82800,Management Consultant,Financial Modeling,Excel,Data Analysis,46,8.1,66,0,False,False,False,True,True,False,False,False,False,False,False,False,False,False,False,False,False,False
Argentina,University of Buenos Aires,2021,80.8,88.3,33700,Biomedical Researcher,Patient Care,Diagnostics,Clinical Research,52,36.3,87,0,False,True,False,False,True,False,False,False,False,True,False,False,False,True,False,False,False,False
South Korea,Seoul National University,2024,89.3,95.9,74600,Environmental Scientist,Scientific Writing,Laboratory Skills,Experimental Design,88,85.6,67,1,False,False,False,False,False,True,False,False,False,False,True,False,False,False,False,True,False,False
Mexico,UNAM,2019,89.2,92.7,27000,Human Resources Specialist,Communication,Data Analysis,Public Policy,51,8.5,40,1,False,True,False,False,False,True,False,False,False,False,False,True,True,False,False,False,False,False
Brazil,University of São Paulo,2016,71.8,76.9,21800,Sociologist,Data Analysis,Public Policy,Communication,60,7.6,95,0,False,True,False,False,True,False,False,False,False,False,False,True,True,False,False,False,False,False
Israel,Hebrew University of Jerusalem,2025,89.0,95.3,93800,Physicist,Scientific Writing,Statistical Analysis,Laboratory Skills,52,90.0,69,1,False,False,True,False,False,True,False,False,False,False,True,False,False,False,False,True,False,False
France,Ecole Polytechnique,2018,83.0,87.5,54200,AI Consultant,Machine Learning,Deep Learning,R,74,10.5,65,0,True,False,False,False,False,False,False,True,False,False,False,False,False,False,False,False,False,True
France,PSL University,2015,88.1,89.2,56800,NLP Specialist,NLP,R,Deep Learning,68,5.0,75,0,True,False,False,False,False,False,False,True,False,False,False,False,False,False,False,False,False,True
South Africa,University of Cape Town,2021,93.8,100.0,45500,Cloud Architect,Cloud Computing,Cybersecurity,Java,72,60.6,63,1,False,False,True,False,False,True,True,False,False,False,False,False,False,False,False,False,True,False
UK,Imperial College London,2025,91.2,94.5,127000,Pharmacist,Clinical Research,Medical Coding,Patient Care,76,85.6,57,1,True,False,False,False,False,True,False,False,False,True,False,False,False,True,False,False,False,False
Japan,University of Tokyo,2022,89.8,97.5,54400,Cybersecurity Analyst,DevOps,Python,Cloud Computing,64,60.2,79,1,False,False,False,False,False,False,True,False,False,False,False,False,False,False,False,False,True,False
USA,UC Berkeley,2020,96.5,100.0,80700,Public Health Specialist,Diagnostics,Clinical Research,Medical Coding,58,45.9,71,1,False,False,False,True,False,False,False,False,False,True,False,False,False,True,False,False,False,False
USA,UC Berkeley,2021,83.8,87.5,88300,Mechanical Engineer,AutoCAD,Lean Six Sigma,Project Management,55,44.7,90,0,False,False,False,True,True,False,False,False,True,False,False,False,False,False,True,False,False,False
Canada,University of Toronto,2019,83.2,88.3,39800,Human Resources Specialist,Communication,Qualitative Research,Data Analysis,41,11.5,77,0,False,False,False,True,True,False,False,False,False,False,False,True,True,False,False,False,False,False
Canada,McGill University,2021,79.7,87.5,110100,Cybersecurity Analyst,Cloud Computing,React,DevOps,74,56.9,81,0,False,False,False,True,False,True,True,False,False,False,False,False,False,False,False,False,True,False
Canada,UBC,2018,93.3,97.5,56900,Software Engineer,Python,SQL,Java,55,15.8,58,1,False,False,False,True,False,False,True,False,False,False,False,False,False,False,False,False,True,False
Singapore,NTU,2016,78.0,83.5,54900,Mechanical Engineer,Project Management,MATLAB,SolidWorks,51,12.7,49,0,False,False,False,False,False,False,False,False,True,False,False,False,False,False,True,False,False,False
Canada,University of Toronto,2019,89.4,98.2,59400,Cloud Architect,Python,Cloud Computing,React,76,15.4,70,1,False,False,False,True,False,False,True,False,False,False,False,False,False,False,False,False,True,False
Mexico,UNAM,2022,88.8,93.4,22900,Biomedical Researcher,Clinical Research,Diagnostics,Patient Care,70,73.7,75,1,False,True,False,False,False,False,False,False,False,True,False,False,False,True,False,False,False,False
Israel,Hebrew University of Jerusalem,2023,88.2,92.3,126300,Cybersecurity Analyst,Cybersecurity,Java,SQL,78,73.1,64,1,False,False,True,False,False,True,True,False,False,False,False,False,False,False,False,False,True,False
Mexico,UNAM,2018,78.3,83.4,36800,Investment Banker,Financial Modeling,Excel,Strategic Planning,62,5.0,100,0,False,True,False,False,False,True,False,False,False,False,False,False,False,False,False,False,False,False
Australia,University of Melbourne,2018,72.9,78.2,72100,Policy Analyst,Public Policy,Data Analysis,Qualitative Research,56,9.6,84,0,False,False,False,False,False,True,False,False,False,False,False,True,True,False,False,False,False,False
UK,Cambridge,2021,82.7,88.6,66100,Biologist,Statistical Analysis,Experimental Design,Laboratory Skills,60,67.8,47,0,True,False,False,False,True,False,False,False,False,False,True,False,False,False,False,True,False,False
Switzerland,EPFL,2022,81.6,88.2,86900,Economist,Qualitative Research,Communication,Public Policy,55,42.6,72,0,True,False,False,False,True,False,False,False,False,False,False,True,True,False,False,False,False,False
France,Ecole Polytechnique,2024,88.7,91.2,65300,Physicist,Statistical Analysis,Experimental Design,Laboratory Skills,79,90.0,64,1,True,False,False,False,True,False,False,False,False,False,True,False,False,False,False,True,False,False
South Korea,Seoul National University,2024,91.0,96.0,90600,NLP Specialist,NLP,Machine Learning,Deep Learning,93,74.1,93,1,False,False,False,False,False,True,False,True,False,False,False,False,False,False,False,False,False,True
USA,Stanford,2017,71.3,78.5,61500,Marketing Manager,Excel,Financial Modeling,Strategic Planning,31,9.0,100,0,False,False,False,True,False,False,False,False,False,False,False,False,False,False,False,False,False,False
Japan,University of Tokyo,2020,87.4,92.3,85600,Cybersecurity Analyst,DevOps,Java,React,79,41.6,79,1,False,False,False,False,False,True,True,False,False,False,False,False,False,False,False,False,True,False
Israel,Hebrew University of Jerusalem,2019,88.4,93.9,58900,Marketing Manager,Excel,Financial Modeling,Data Analysis,65,6.9,89,1,False,False,True,False,False,False,False,False,False,False,False,False,False,False,False,False,False,False
Brazil,University of São Paulo,2017,81.4,84.5,22200,Marketing Manager,Market Research,Excel,Data Analysis,44,13.4,63,0,False,True,False,False,False,False,False,False,False,False,False,False,False,False,False,False,False,False
Israel,Technion,2025,89.8,96.2,123500,Software Engineer,Java,Python,SQL,83,88.8,70,1,False,False,True,False,False,True,True,False,False,False,False,False,False,False,False,False,True,False
USA,Georgia Tech,2016,73.9,79.6,68300,Civil Engineer,Lean Six Sigma,AutoCAD,Project Management,44,15.3,84,0,False,False,False,True,True,False,False,False,True,False,False,False,False,False,True,False,False,False
Israel,Hebrew University of Jerusalem,2018,99.0,100.0,84700,Cybersecurity Analyst,React,SQL,Cloud Computing,82,7.1,100,1,False,False,True,False,True,False,True,False,False,False,False,False,False,False,False,False,True,False
Germany,TU Munich,2019,81.3,87.1,65800,Policy Analyst,Communication,Data Analysis,Public Policy,71,9.3,60,0,True,False,False,False,True,False,False,False,False,False,False,True,True,False,False,False,False,False
Switzerland,EPFL,2018,93.4,98.8,154400,Data Analyst,Deep Learning,R,Machine Learning,67,5.0,73,1,True,False,False,False,False,True,False,True,False,False,False,False,False,False,False,False,False,True
France,Ecole Polytechnique,2025,88.9,96.7,71000,Software Engineer,DevOps,SQL,Cloud Computing,82,79.5,68,1,True,False,False,False,False,False,True,False,False,False,False,False,False,False,False,False,True,False
France,PSL University,2015,83.8,87.3,34600,Human Resources Specialist,Communication,Qualitative Research,Public Policy,63,19.8,69,0,True,False,False,False,False,False,False,False,False,False,False,True,True,False,False,False,False,False
Netherlands,TU Delft,2015,74.7,81.9,48000,Chemist,Scientific Writing,Laboratory Skills,Experimental Design,60,14.3,69,0,True,False,False,False,False,False,False,False,False,False,True,False,False,False,False,True,False,False
USA,Harvard,2022,89.8,93.5,125900,NLP Specialist,Data Visualization,R,Big Data,74,61.2,63,1,False,False,False,True,False,True,False,True,False,False,False,False,False,False,False,False,False,True
Japan,Kyoto University,2020,74.7,78.3,38300,Environmental Scientist,Scientific Writing,Experimental Design,Statistical Analysis,71,33.4,62,0,False,False,False,False,False,False,False,False,False,False,True,False,False,False,False,True,False,False
Canada,UBC,2025,84.7,90.6,83200,Economist,Public Policy,Data Analysis,Qualitative Research,39,90.0,91,0,False,False,False,True,False,True,False,False,False,False,False,True,True,False,False,False,False,False
France,Ecole Polytechnique,2024,75.1,79.2,54000,Mechanical Engineer,SolidWorks,MATLAB,AutoCAD,60,82.2,40,0,True,False,False,False,False,False,False,False,True,False,False,False,False,False,True,False,False,False
Netherlands,TU Delft,2025,88.9,92.1,57200,Sociologist,Data Analysis,Communication,Public Policy,82,90.0,42,1,True,False,False,False,True,False,False,False,False,False,False,True,True,False,False,False,False,False
Japan,Kyoto University,2019,82.4,86.5,82900,Management Consultant,Excel,Strategic Planning,Financial Modeling,60,12.4,80,0,False,False,False,False,False,True,False,False,False,False,False,False,False,False,False,False,False,False
UAE,Khalifa University,2020,93.3,95.5,90600,Pharmacist,Medical Coding,Clinical Research,Diagnostics,55,69.4,80,1,False,False,True,False,True,False,False,False,False,True,False,False,False,True,False,False,False,False
Netherlands,TU Delft,2024,99.0,100.0,131300,NLP Specialist,Big Data,Deep Learning,R,91,79.6,43,1,True,False,False,False,False,True,False,True,False,False,False,False,False,False,False,False,False,True
China,Peking University,2015,86.1,89.9,31700,Investment Banker,Strategic Planning,Excel,Data Analysis,54,14.3,56,0,False,False,False,False,False,False,False,False,False,False,False,False,False,False,False,False,False,False
Canada,McGill University,2020,74.9,78.3,60100,Financial Analyst,Financial Modeling,Market Research,Strategic Planning,47,31.0,91,0,False,False,False,True,False,False,False,False,False,False,False,False,False,False,False,False,False,False
Japan,University of Tokyo,2019,80.6,84.6,32300,Human Resources Specialist,Qualitative Research,Communication,Public Policy,69,16.6,82,0,False,False,False,False,False,False,False,False,False,False,False,True,True,False,False,False,False,False
UAE,Khalifa University,2022,88.8,91.5,70500,Cybersecurity Analyst,Cloud Computing,Java,DevOps,100,52.4,79,1,False,False,True,False,False,False,True,False,False,False,False,False,False,False,False,False,True,False
Brazil,University of São Paulo,2019,88.5,95.5,39200,Public Health Specialist,Patient Care,Medical Coding,Diagnostics,65,18.6,62,1,False,True,False,False,True,False,False,False,False,True,False,False,False,True,False,False,False,False
Saudi Arabia,King Abdulaziz University,2021,78.7,84.1,61300,Electrical Engineer,Lean Six Sigma,Project Management,SolidWorks,62,46.1,41,0,False,False,True,False,True,False,False,False,True,False,False,False,False,False,True,False,False,False
Canada,UBC,2023,92.9,98.8,111300,Investment Banker,Strategic Planning,Data Analysis,Market Research,72,75.7,75,1,False,False,False,True,False,True,False,False,False,False,False,False,False,False,False,False,False,False
Switzerland,EPFL,2023,95.0,99.4,154400,AI Consultant,NLP,R,Data Visualization,78,67.5,74,1,True,False,False,False,False,True,False,True,False,False,False,False,False,False,False,False,False,True
Mexico,UNAM,2015,82.8,88.7,22100,Investment Banker,Market Research,Financial Modeling,Strategic Planning,58,16.4,71,0,False,True,False,False,True,False,False,False,False,False,False,False,False,False,False,False,False,False
Switzerland,EPFL,2023,88.3,93.4,98000,Medical Doctor,Medical Coding,Clinical Research,Patient Care,47,83.9,72,1,True,False,False,False,False,False,False,False,False,True,False,False,False,True,False,False,False,False
Brazil,University of São Paulo,2022,99.0,100.0,47400,Software Engineer,SQL,Cybersecurity,DevOps,89,58.9,67,1,False,True,False,False,False,True,True,False,False,False,False,False,False,False,False,False,True,False
USA,Harvard,2020,99.0,100.0,118600,Cloud Architect,Cybersecurity,Python,Cloud Computing,86,21.2,87,1,False,False,False,True,False,True,True,False,False,False,False,False,False,False,False,False,True,False
Argentina,University of Buenos Aires,2024,90.5,95.0,26800,Data Scientist,React,Cybersecurity,Python,92,90.0,43,1,False,True,False,False,False,False,True,False,False,False,False,False,False,False,False,False,True,False
Saudi Arabia,King Abdulaziz University,2025,75.4,80.4,64900,Electrical Engineer,Project Management,MATLAB,SolidWorks,67,85.7,69,0,False,False,True,False,False,False,False,False,True,False,False,False,False,False,True,False,False,False
Canada,UBC,2016,88.1,89.6,79100,Mechanical Engineer,AutoCAD,Lean Six Sigma,SolidWorks,57,8.4,52,0,False,False,False,True,False,True,False,False,True,False,False,False,False,False,True,False,False,False
UAE,Khalifa University,2022,82.2,87.3,70000,Cybersecurity Analyst,Python,Cybersecurity,DevOps,69,64.6,56,0,False,False,True,False,False,False,True,False,False,False,False,False,False,False,False,False,True,False
USA,Harvard,2017,82.7,86.2,81600,Marketing Manager,Strategic Planning,Excel,Data Analysis,53,5.0,79,0,False,False,False,True,True,False,False,False,False,False,False,False,False,False,False,False,False,False
UAE,Khalifa University,2015,94.0,99.1,48600,Economist,Qualitative Research,Public Policy,Communication,57,5.0,92,1,False,False,True,False,False,False,False,False,False,False,False,True,True,False,False,False,False,False
Saudi Arabia,King Abdulaziz University,2019,88.8,96.3,79300,AI Consultant,NLP,Machine Learning,Data Visualization,75,7.7,77,1,False,False,True,False,True,False,False,True,False,False,False,False,False,False,False,False,False,True
South Korea,KAIST,2016,88.1,91.0,50700,Chemist,Experimental Design,Statistical Analysis,Scientific Writing,41,5.5,81,1,False,False,False,False,False,True,False,False,False,False,True,False,False,False,False,True,False,False
Canada,McGill University,2021,83.3,87.0,66700,Medical Doctor,Clinical Research,Medical Coding,Patient Care,61,38.2,52,0,False,False,False,True,False,False,False,False,False,True,False,False,False,True,False,False,False,False
Israel,Technion,2022,76.9,81.3,94300,Civil Engineer,SolidWorks,MATLAB,AutoCAD,60,55.8,79,0,False,False,True,False,True,False,False,False,True,False,False,False,False,False,True,False,False,False
Australia,ANU,2023,88.5,91.0,86300,Data Analyst,Data Visualization,Big Data,Machine Learning,98,69.0,95,1,False,False,False,False,False,False,False,True,False,False,False,False,False,False,False,False,False,True
France,Ecole Polytechnique,2017,82.2,91.1,35300,Human Resources Specialist,Communication,Data Analysis,Qualitative Research,50,8.9,74,1,True,False,False,False,True,False,False,False,False,False,False,True,True,False,False,False,False,False
Canada,McGill University,2025,89.7,94.0,95400,Biomedical Researcher,Patient Care,Medical Coding,Diagnostics,63,90.0,76,1,False,False,False,True,True,False,False,False,False,True,False,False,False,True,False,False,False,False
Australia,ANU,2024,95.3,99.8,102200,Medical Doctor,Diagnostics,Clinical Research,Medical Coding,60,74.0,70,1,False,False,False,False,True,False,False,False,False,True,False,False,False,True,False,False,False,False
Germany,TU Munich,2022,90.5,94.5,105100,Data Scientist,React,DevOps,Cloud Computing,100,32.3,67,1,True,False,False,False,False,True,True,False,False,False,False,False,False,False,False,False,True,False
UK,Cambridge,2021,83.6,90.1,105300,Management Consultant,Financial Modeling,Market Research,Excel,62,43.3,40,0,True,False,False,False,False,True,False,False,False,False,False,False,False,False,False,False,False,False
USA,MIT,2020,77.4,80.8,76700,Physicist,Laboratory Skills,Experimental Design,Statistical Analysis,55,57.4,100,0,False,False,False,True,True,False,False,False,False,False,True,False,False,False,False,True,False,False
Mexico,UNAM,2023,90.7,93.3,42900,Pharmacist,Patient Care,Clinical Research,Diagnostics,70,87.8,66,1,False,True,False,False,False,True,False,False,False,True,False,False,False,True,False,False,False,False
Argentina,University of Buenos Aires,2017,83.4,90.3,4200,Mechanical Engineer,SolidWorks,Project Management,AutoCAD,38,10.9,76,0,False,True,False,False,False,False,False,False,True,False,False,False,False,False,True,False,False,False
USA,MIT,2020,86.0,93.1,76100,Cloud Architect,SQL,DevOps,Cybersecurity,75,25.1,40,1,False,False,False,True,False,False,True,False,False,False,False,False,False,False,False,False,True,False
Canada,University of Toronto,2025,86.1,91.3,91800,Human Resources Specialist,Data Analysis,Public Policy,Communication,65,84.7,53,1,False,False,False,True,False,True,False,False,False,False,False,True,True,False,False,False,False,False
South Africa,University of Cape Town,2017,82.4,85.9,44500,Pharmacist,Clinical Research,Patient Care,Medical Coding,50,13.0,69,0,False,False,True,False,False,True,False,False,False,True,False,False,False,True,False,False,False,False
USA,Stanford,2016,99.0,100.0,121800,Machine Learning Engineer,Machine Learning,Data Visualization,Deep Learning,76,10.1,55,1,False,False,False,True,False,True,False,True,False,False,False,False,False,False,False,False,False,True
South Africa,University of Cape Town,2019,88.4,94.1,27200,Physicist,Scientific Writing,Statistical Analysis,Experimental Design,77,5.0,52,1,False,False,True,False,False,False,False,False,False,False,True,False,False,False,False,True,False,False
France,PSL University,2018,94.3,100.0,94400,Medical Doctor,Medical Coding,Patient Care,Clinical Research,55,5.7,66,1,True,False,False,False,False,True,False,False,False,True,False,False,False,True,False,False,False,False
Israel,Hebrew University of Jerusalem,2015,87.4,94.3,87400,Data Scientist,Cloud Computing,DevOps,SQL,78,11.8,44,1,False,False,True,False,False,True,True,False,False,False,False,False,False,False,False,False,True,False
China,Tsinghua University,2020,83.9,91.2,38100,Medical Doctor,Clinical Research,Diagnostics,Patient Care,54,29.1,70,1,False,False,False,False,False,False,False,False,False,True,False,False,False,True,False,False,False,False
UAE,Khalifa University,2024,87.4,90.9,66900,Marketing Manager,Market Research,Financial Modeling,Excel,54,58.5,69,1,False,False,True,False,False,False,False,False,False,False,False,False,False,False,False,False,False,False
France,PSL University,2022,82.9,90.2,58100,Cybersecurity Analyst,Cybersecurity,Java,Cloud Computing,90,59.7,90,0,True,False,False,False,False,False,True,False,False,False,False,False,False,False,False,False,True,False
Mexico,UNAM,2015,85.9,88.8,23100,Cloud Architect,SQL,Java,Cybersecurity,78,12.0,72,0,False,True,False,False,False,False,True,False,False,False,False,False,False,False,False,False,True,False
Argentina,University of Buenos Aires,2015,86.0,89.5,21100,Financial Analyst,Data Analysis,Market Research,Excel,48,17.2,60,0,False,True,False,False,False,True,False,False,False,False,False,False,False,False,False,False,False,False
Argentina,University of Buenos Aires,2016,77.7,84.7,17100,Electrical Engineer,SolidWorks,AutoCAD,MATLAB,54,9.4,62,0,False,True,False,False,False,True,False,False,True,False,False,False,False,False,True,False,False,False
India,IIT Delhi,2018,87.0,92.6,29500,Software Engineer,Java,Python,Cybersecurity,68,5.5,60,1,False,False,False,False,True,False,True,False,False,False,False,False,False,False,False,False,True,False
Netherlands,TU Delft,2018,79.8,85.2,43800,Chemist,Laboratory Skills,Experimental Design,Scientific Writing,30,6.0,64,0,True,False,False,False,False,False,False,False,False,False,True,False,False,False,False,True,False,False
Brazil,University of São Paulo,2020,84.6,89.9,36500,Data Analyst,Big Data,Deep Learning,R,94,26.9,75,0,False,True,False,False,False,False,False,True,False,False,False,False,False,False,False,False,False,True
Israel,Hebrew University of Jerusalem,2025,90.5,93.9,123700,Cloud Architect,Python,SQL,Cloud Computing,82,90.0,82,1,False,False,True,False,False,True,True,False,False,False,False,False,False,False,False,False,True,False
Netherlands,University of Amsterdam,2019,82.5,84.2,62500,Financial Analyst,Excel,Market Research,Data Analysis,61,15.4,57,0,True,False,False,False,False,False,False,False,False,False,False,False,False,False,False,False,False,False
South Africa,University of Cape Town,2023,96.5,100.0,60600,Pharmacist,Clinical Research,Diagnostics,Patient Care,61,59.0,64,1,False,False,True,False,False,True,False,False,False,True,False,False,False,True,False,False,False,False
Israel,Hebrew University of Jerusalem,2017,70.9,71.7,64900,Civil Engineer,Lean Six Sigma,Project Management,SolidWorks,54,7.8,70,0,False,False,True,False,False,False,False,False,True,False,False,False,False,False,True,False,False,False
Canada,UBC,2018,87.2,88.5,66000,Software Engineer,React,DevOps,SQL,96,5.0,54,0,False,False,False,True,False,False,True,False,False,False,False,False,False,False,False,False,True,False
Canada,University of Toronto,2024,89.3,94.2,104600,Machine Learning Engineer,Data Visualization,R,Machine Learning,92,90.0,64,1,False,False,False,True,True,False,False,True,False,False,False,False,False,False,False,False,False,True
Australia,University of Sydney,2021,80.6,87.1,96300,Data Scientist,DevOps,SQL,Python,73,63.7,72,0,False,False,False,False,True,False,True,False,False,False,False,False,False,False,False,False,True,False
Netherlands,TU Delft,2023,86.3,93.1,99200,Management Consultant,Financial Modeling,Excel,Market Research,72,59.7,62,1,True,False,False,False,False,True,False,False,False,False,False,False,False,False,False,False,False,False
Canada,McGill University,2015,82.8,89.3,82300,Mechanical Engineer,MATLAB,SolidWorks,Project Management,30,11.7,65,0,False,False,False,True,False,True,False,False,True,False,False,False,False,False,True,False,False,False
Canada,UBC,2023,89.3,93.9,119000,Data Analyst,Data Visualization,NLP,R,49,63.0,56,1,False,False,False,True,False,True,False,True,False,False,False,False,False,False,False,False,False,True
Mexico,UNAM,2019,86.0,90.5,24900,Software Engineer,SQL,React,Cloud Computing,93,15.0,83,0,False,True,False,False,False,False,True,False,False,False,False,False,False,False,False,False,True,False
Switzerland,EPFL,2021,94.0,98.5,120600,Public Health Specialist,Clinical Research,Medical Coding,Patient Care,60,54.1,61,1,True,False,False,False,True,False,False,False,False,True,False,False,False,True,False,False,False,False
Singapore,NTU,2024,82.2,88.4,111100,Biologist,Laboratory Skills,Experimental Design,Statistical Analysis,82,90.0,48,0,False,False,False,False,False,True,False,False,False,False,True,False,False,False,False,True,False,False
India,IIT Delhi,2022,95.5,100.0,32700,AI Researcher,Python,DevOps,SQL,72,53.4,84,1,False,False,False,False,True,False,True,False,False,False,False,False,False,False,False,False,True,False
Argentina,University of Buenos Aires,2024,89.8,97.9,23100,Cloud Architect,Python,Cloud Computing,Cybersecurity,87,72.7,56,1,False,True,False,False,True,False,True,False,False,False,False,False,False,False,False,False,True,False
China,Peking University,2019,83.3,87.8,41900,Data Analyst,R,Data Visualization,Deep Learning,81,16.5,80,0,False,False,False,False,False,False,False,True,False,False,False,False,False,False,False,False,False,True
Germany,Humboldt University,2018,98.9,100.0,94500,Data Scientist,Python,React,SQL,63,9.1,91,1,True,False,False,False,False,True,True,False,False,False,False,False,False,False,False,False,True,False
Israel,Hebrew University of Jerusalem,2018,90.1,98.3,68400,Public Health Specialist,Clinical Research,Medical Coding,Patient Care,41,5.0,45,1,False,False,True,False,False,False,False,False,False,True,False,False,False,True,False,False,False,False
Canada,UBC,2024,93.8,100.0,119000,Software Engineer,Java,Cloud Computing,Python,90,76.0,70,1,False,False,False,True,False,True,True,False,False,False,False,False,False,False,False,False,True,False
Israel,Technion,2018,84.6,95.1,104400,AI Researcher,Java,Cloud Computing,Cybersecurity,81,11.1,79,1,False,False,True,False,False,True,True,False,False,False,False,False,False,False,False,False,True,False
Brazil,University of São Paulo,2015,80.5,84.3,30000,Robotics Engineer,MATLAB,Lean Six Sigma,Project Management,55,11.9,57,0,False,True,False,False,True,False,False,False,True,False,False,False,False,False,True,False,False,False
South Korea,KAIST,2017,94.5,100.0,79900,Data Scientist,Cloud Computing,Python,SQL,87,10.1,74,1,False,False,False,False,False,True,True,False,False,False,False,False,False,False,False,False,True,False
UAE,Khalifa University,2020,79.4,84.5,99400,Robotics Engineer,Lean Six Sigma,MATLAB,AutoCAD,61,30.4,100,0,False,False,True,False,False,True,False,False,True,False,False,False,False,False,True,False,False,False
UAE,Khalifa University,2025,74.8,82.4,67600,Environmental Scientist,Laboratory Skills,Experimental Design,Scientific Writing,77,79.7,79,0,False,False,True,False,True,False,False,False,False,False,True,False,False,False,False,True,False,False
UAE,Khalifa University,2025,82.8,93.0,122900,Management Consultant,Market Research,Data Analysis,Strategic Planning,52,90.0,87,1,False,False,True,False,False,True,False,False,False,False,False,False,False,False,False,False,False,False
Switzerland,EPFL,2018,89.0,93.4,98200,AI Consultant,R,Deep Learning,Data Visualization,80,14.1,79,1,True,False,False,False,False,False,False,True,False,False,False,False,False,False,False,False,False,True
USA,UC Berkeley,2020,77.9,82.5,122500,Investment Banker,Financial Modeling,Excel,Data Analysis,50,36.1,85,0,False,False,False,True,False,True,False,False,False,False,False,False,False,False,False,False,False,False
Singapore,NTU,2022,96.0,100.0,113600,Civil Engineer,SolidWorks,Project Management,MATLAB,64,61.1,60,1,False,False,False,False,False,True,False,False,True,False,False,False,False,False,True,False,False,False
Saudi Arabia,King Abdulaziz University,2025,98.6,100.0,110600,Public Health Specialist,Patient Care,Medical Coding,Diagnostics,62,80.7,63,1,False,False,True,False,False,True,False,False,False,True,False,False,False,True,False,False,False,False
Japan,University of Tokyo,2021,86.0,88.3,53200,Marketing Manager,Market Research,Strategic Planning,Excel,58,51.4,42,0,False,False,False,False,False,False,False,False,False,False,False,False,False,False,False,False,False,False
Germany,Heidelberg University,2016,76.6,80.0,48800,Robotics Engineer,SolidWorks,MATLAB,Lean Six Sigma,53,9.2,61,0,True,False,False,False,False,False,False,False,True,False,False,False,False,False,True,False,False,False
USA,MIT,2017,99.0,100.0,89700,Cloud Architect,Python,Java,Cybersecurity,54,12.9,67,1,False,False,False,True,True,False,True,False,False,False,False,False,False,False,False,False,True,False
Mexico,UNAM,2023,78.0,83.2,24800,Management Consultant,Strategic Planning,Excel,Financial Modeling,67,64.2,56,0,False,True,False,False,False,False,False,False,False,False,False,False,False,False,False,False,False,False
Australia,ANU,2015,94.2,100.0,92800,Cybersecurity Analyst,Python,React,Cloud Computing,78,7.5,74,1,False,False,False,False,False,True,True,False,False,False,False,False,False,False,False,False,True,False
Argentina,University of Buenos Aires,2021,88.8,93.7,29800,Chemist,Scientific Writing,Statistical Analysis,Laboratory Skills,59,51.9,52,1,False,True,False,False,False,True,False,False,False,False,True,False,False,False,False,True,False,False
UAE,Khalifa University,2024,93.7,100.0,75300,Pharmacist,Medical Coding,Diagnostics,Patient Care,65,82.2,57,1,False,False,True,False,False,False,False,False,False,True,False,False,False,True,False,False,False,False
South Korea,Seoul National University,2024,82.6,87.1,67000,Sociologist,Communication,Public Policy,Data Analysis,64,79.4,63,0,False,False,False,False,False,True,False,False,False,False,False,True,True,False,False,False,False,False
Mexico,UNAM,2023,91.0,99.2,45100,Pharmacist,Diagnostics,Patient Care,Medical Coding,80,61.1,71,1,False,True,False,False,False,True,False,False,False,True,False,False,False,True,False,False,False,False
India,IIT Bombay,2018,78.4,87.4,13900,Biologist,Experimental Design,Scientific Writing,Statistical Analysis,52,11.8,78,0,False,False,False,False,False,False,False,False,False,False,True,False,False,False,False,True,False,False
Canada,McGill University,2019,85.7,88.3,58100,Data Scientist,Cloud Computing,DevOps,React,69,5.0,78,0,False,False,False,True,False,False,True,False,False,False,False,False,False,False,False,False,True,False
France,Ecole Polytechnique,2016,83.7,85.9,74900,Chemist,Statistical Analysis,Scientific Writing,Experimental Design,45,7.7,54,0,True,False,False,False,False,True,False,False,False,False,True,False,False,False,False,True,False,False
USA,Georgia Tech,2017,87.1,89.7,93000,Chemist,Laboratory Skills,Scientific Writing,Experimental Design,61,17.6,98,0,False,False,False,True,False,True,False,False,False,False,True,False,False,False,False,True,False,False
Canada,University of Toronto,2019,76.7,87.4,86700,Robotics Engineer,Lean Six Sigma,SolidWorks,MATLAB,54,7.0,74,0,False,False,False,True,True,False,False,False,True,False,False,False,False,False,True,False,False,False
Saudi Arabia,King Abdulaziz University,2016,93.2,95.6,60800,AI Researcher,DevOps,SQL,React,69,16.4,69,1,False,False,True,False,True,False,True,False,False,False,False,False,False,False,False,False,True,False
USA,Harvard,2016,85.4,92.7,77800,Policy Analyst,Communication,Public Policy,Data Analysis,35,12.9,65,1,False,False,False,True,False,True,False,False,False,False,False,True,True,False,False,False,False,False
India,IISc Bangalore,2022,96.5,99.2,33800,AI Consultant,NLP,Big Data,Machine Learning,73,40.6,61,1,False,False,False,False,True,False,False,True,False,False,False,False,False,False,False,False,False,True
Canada,University of Toronto,2023,82.4,84.7,96700,Physicist,Scientific Writing,Laboratory Skills,Experimental Design,61,55.1,53,0,False,False,False,True,False,True,False,False,False,False,True,False,False,False,False,True,False,False
Germany,Humboldt University,2018,75.4,82.6,62600,Chemist,Statistical Analysis,Experimental Design,Scientific Writing,55,10.4,65,0,True,False,False,False,True,False,False,False,False,False,True,False,False,False,False,True,False,False
Brazil,University of São Paulo,2018,85.2,90.8,32800,Robotics Engineer,AutoCAD,Project Management,Lean Six Sigma,61,8.9,78,1,False,True,False,False,True,False,False,False,True,False,False,False,False,False,True,False,False,False
Canada,UBC,2017,83.0,87.5,85600,Electrical Engineer,AutoCAD,SolidWorks,MATLAB,49,6.6,77,0,False,False,False,True,False,True,False,False,True,False,False,False,False,False,True,False,False,False
Israel,Technion,2022,98.9,100.0,133200,Data Analyst,Big Data,Deep Learning,R,96,56.8,79,1,False,False,True,False,False,True,False,True,False,False,False,False,False,False,False,False,False,True
Singapore,NTU,2025,82.0,87.6,78900,Environmental Scientist,Experimental Design,Scientific Writing,Statistical Analysis,55,90.0,90,0,False,False,False,False,True,False,False,False,False,False,True,False,False,False,False,True,False,False
China,Tsinghua University,2019,86.8,91.4,28500,Chemist,Experimental Design,Statistical Analysis,Scientific Writing,66,5.0,100,1,False,False,False,False,False,False,False,False,False,False,True,False,False,False,False,True,False,False
Brazil,University of São Paulo,2025,89.8,90.9,49500,Data Analyst,Machine Learning,R,Data Visualization,92,75.6,76,1,False,True,False,False,True,False,False,True,False,False,False,False,False,False,False,False,False,True
Mexico,UNAM,2015,78.3,85.5,31100,Civil Engineer,MATLAB,Lean Six Sigma,SolidWorks,58,14.9,70,0,False,True,False,False,False,True,False,False,True,False,False,False,False,False,True,False,False,False
Brazil,University of São Paulo,2020,86.1,90.6,16600,Human Resources Specialist,Data Analysis,Qualitative Research,Communication,46,53.5,100,0,False,True,False,False,True,False,False,False,False,False,False,True,True,False,False,False,False,False
Mexico,UNAM,2018,92.0,97.2,25700,Marketing Manager,Excel,Financial Modeling,Strategic Planning,52,6.8,94,1,False,True,False,False,True,False,False,False,False,False,False,False,False,False,False,False,False,False
Brazil,University of São Paulo,2025,86.7,90.6,41600,Mechanical Engineer,AutoCAD,MATLAB,Lean Six Sigma,65,90.0,64,0,False,True,False,False,False,True,False,False,True,False,False,False,False,False,True,False,False,False
Canada,University of Toronto,2020,98.7,100.0,110700,Data Analyst,Big Data,Machine Learning,NLP,86,33.5,62,1,False,False,False,True,False,True,False,True,False,False,False,False,False,False,False,False,False,True
Australia,University of Melbourne,2023,81.6,84.6,60000,Biologist,Experimental Design,Scientific Writing,Laboratory Skills,73,70.9,44,0,False,False,False,False,False,False,False,False,False,False,True,False,False,False,False,True,False,False
France,Ecole Polytechnique,2023,78.7,83.6,67200,Mechanical Engineer,Project Management,AutoCAD,SolidWorks,84,72.4,57,0,True,False,False,False,True,False,False,False,True,False,False,False,False,False,True,False,False,False
UAE,Khalifa University,2017,89.5,95.1,75500,Data Scientist,Cloud Computing,SQL,Python,79,16.0,69,1,False,False,True,False,True,False,True,False,False,False,False,False,False,False,False,False,True,False
UK,Imperial College London,2021,97.5,100.0,109100,AI Researcher,React,DevOps,Java,100,53.3,57,1,True,False,False,False,False,True,True,False,False,False,False,False,False,False,False,False,True,False
USA,MIT,2021,93.4,98.3,97600,Policy Analyst,Public Policy,Data Analysis,Communication,56,48.3,80,1,False,False,False,True,False,True,False,False,False,False,False,True,True,False,False,False,False,False
Israel,Technion,2019,85.9,91.1,91100,Biologist,Scientific Writing,Statistical Analysis,Laboratory Skills,72,8.4,85,1,False,False,True,False,False,True,False,False,False,False,True,False,False,False,False,True,False,False
South Korea,Seoul National University,2025,92.2,96.9,61000,AI Consultant,Big Data,Data Visualization,NLP,89,86.2,90,1,False,False,False,False,False,False,False,True,False,False,False,False,False,False,False,False,False,True
Brazil,University of São Paulo,2019,87.5,96.8,30200,Pharmacist,Diagnostics,Patient Care,Clinical Research,67,5.0,61,1,False,True,False,False,True,False,False,False,False,True,False,False,False,True,False,False,False,False
Canada,UBC,2023,86.5,86.5,87200,Data Analyst,NLP,Machine Learning,Data Visualization,84,58.6,70,0,False,False,False,True,True,False,False,True,False,False,False,False,False,False,False,False,False,True
UAE,Khalifa University,2020,80.4,84.6,54200,Management Consultant,Data Analysis,Financial Modeling,Excel,75,54.1,81,0,False,False,True,False,False,False,False,False,False,False,False,False,False,False,False,False,False,False
India,IISc Bangalore,2023,99.0,100.0,23400,Cloud Architect,Java,SQL,DevOps,71,69.2,100,1,False,False,False,False,False,False,True,False,False,False,False,False,False,False,False,False,True,False
UK,Cambridge,2022,90.3,92.4,83500,Public Health Specialist,Patient Care,Clinical Research,Diagnostics,73,69.5,81,1,True,False,False,False,True,False,False,False,False,True,False,False,False,True,False,False,False,False
Mexico,UNAM,2020,86.5,88.9,19800,Cybersecurity Analyst,React,Cybersecurity,SQL,80,29.2,52,0,False,True,False,False,False,False,True,False,False,False,False,False,False,False,False,False,True,False
Canada,UBC,2023,77.6,81.5,54100,Biologist,Experimental Design,Scientific Writing,Statistical Analysis,70,70.8,65,0,False,False,False,True,False,False,False,False,False,False,True,False,False,False,False,True,False,False
France,Ecole Polytechnique,2023,78.0,83.3,97100,Marketing Manager,Market Research,Financial Modeling,Data Analysis,67,55.0,84,0,True,False,False,False,False,True,False,False,False,False,False,False,False,False,False,False,False,False
Canada,University of Toronto,2023,80.5,87.8,60700,Robotics Engineer,AutoCAD,Project Management,Lean Six Sigma,75,70.3,64,0,False,False,False,True,False,False,False,False,True,False,False,False,False,False,True,False,False,False
USA,UC Berkeley,2025,84.6,88.4,106400,Robotics Engineer,Lean Six Sigma,SolidWorks,AutoCAD,62,69.3,72,0,False,False,False,True,True,False,False,False,True,False,False,False,False,False,True,False,False,False
Brazil,University of São Paulo,2019,85.7,91.4,24500,Management Consultant,Excel,Market Research,Data Analysis,71,6.5,87,1,False,True,False,False,False,False,False,False,False,False,False,False,False,False,False,False,False,False
Saudi Arabia,King Abdulaziz University,2025,95.1,97.2,84000,Public Health Specialist,Patient Care,Medical Coding,Diagnostics,72,70.2,65,1,False,False,True,False,True,False,False,False,False,True,False,False,False,True,False,False,False,False
Mexico,UNAM,2017,78.6,81.5,20800,Policy Analyst,Qualitative Research,Communication,Data Analysis,62,9.5,62,0,False,True,False,False,True,False,False,False,False,False,False,True,True,False,False,False,False,False
South Korea,Seoul National University,2016,93.2,100.0,42600,Financial Analyst,Financial Modeling,Excel,Data Analysis,63,12.2,72,1,False,False,False,False,False,False,False,False,False,False,False,False,False,False,False,False,False,False
Sweden,KTH Royal Institute of Technology,2020,79.6,83.6,81900,Marketing Manager,Financial Modeling,Market Research,Excel,41,28.4,40,0,True,False,False,False,False,True,False,False,False,False,False,False,False,False,False,False,False,False
Saudi Arabia,King Abdulaziz University,2023,85.3,92.6,55300,Economist,Qualitative Research,Data Analysis,Public Policy,70,60.4,41,1,False,False,True,False,True,False,False,False,False,False,False,True,True,False,False,False,False,False
Japan,Kyoto University,2019,76.7,79.9,50100,Sociologist,Communication,Data Analysis,Qualitative Research,56,5.0,75,0,False,False,False,False,False,True,False,False,False,False,False,True,True,False,False,False,False,False
Saudi Arabia,King Abdulaziz University,2016,83.1,90.3,73600,Electrical Engineer,Project Management,MATLAB,AutoCAD,40,12.1,69,0,False,False,True,False,False,True,False,False,True,False,False,False,False,False,True,False,False,False
UAE,Khalifa University,2025,97.4,100.0,124000,Pharmacist,Diagnostics,Patient Care,Medical Coding,60,88.2,74,1,False,False,True,False,False,True,False,False,False,True,False,False,False,True,False,False,False,False
Germany,TU Munich,2016,82.9,88.5,51600,Civil Engineer,Lean Six Sigma,Project Management,AutoCAD,70,5.0,68,0,True,False,False,False,False,False,False,False,True,False,False,False,False,False,True,False,False,False
Brazil,University of São Paulo,2017,93.0,94.8,20000,Cybersecurity Analyst,Cybersecurity,DevOps,React,77,6.8,58,1,False,True,False,False,False,False,True,False,False,False,False,False,False,False,False,False,True,False
Japan,University of Tokyo,2021,87.7,94.8,50200,Public Health Specialist,Diagnostics,Patient Care,Medical Coding,61,56.3,94,1,False,False,False,False,False,False,False,False,False,True,False,False,False,True,False,False,False,False
Australia,University of Sydney,2024,90.2,96.1,125300,AI Researcher,SQL,Java,React,82,75.0,47,1,False,False,False,False,False,True,True,False,False,False,False,False,False,False,False,False,True,False
Netherlands,University of Amsterdam,2019,79.3,84.7,57200,Sociologist,Public Policy,Communication,Qualitative Research,47,12.2,58,0,True,False,False,False,True,False,False,False,False,False,False,True,True,False,False,False,False,False
UK,Imperial College London,2025,85.6,92.2,69500,Chemist,Scientific Writing,Experimental Design,Statistical Analysis,69,72.3,100,1,True,False,False,False,True,False,False,False,False,False,True,False,False,False,False,True,False,False
Saudi Arabia,King Abdulaziz University,2015,84.9,88.4,65400,Civil Engineer,Project Management,SolidWorks,Lean Six Sigma,48,7.3,88,0,False,False,True,False,True,False,False,False,True,False,False,False,False,False,True,False,False,False
Canada,McGill University,2019,86.1,90.1,69700,Machine Learning Engineer,Big Data,Machine Learning,R,89,18.0,92,0,False,False,False,True,False,False,False,True,False,False,False,False,False,False,False,False,False,True
Singapore,NTU,2019,90.0,90.0,92000,Cloud Architect,Cloud Computing,React,Python,80,10.0,72,0,False,False,False,False,True,False,True,False,False,False,False,False,False,False,False,False,True,False
Canada,UBC,2022,76.4,82.5,106100,Investment Banker,Strategic Planning,Data Analysis,Excel,70,66.8,84,0,False,False,False,True,False,True,False,False,False,False,False,False,False,False,False,False,False,False
Canada,University of Toronto,2017,80.9,85.8,70500,Human Resources Specialist,Qualitative Research,Public Policy,Communication,54,10.5,84,0,False,False,False,True,False,True,False,False,False,False,False,True,True,False,False,False,False,False
USA,UC Berkeley,2015,93.4,100.0,78000,Economist,Communication,Public Policy,Qualitative Research,50,5.0,88,1,False,False,False,True,False,True,False,False,False,False,False,True,True,False,False,False,False,False
UAE,Khalifa University,2020,79.0,83.2,79700,Physicist,Statistical Analysis,Scientific Writing,Experimental Design,55,46.1,46,0,False,False,True,False,False,True,False,False,False,False,True,False,False,False,False,True,False,False
Mexico,UNAM,2023,81.7,88.0,17600,Civil Engineer,Project Management,MATLAB,AutoCAD,72,62.1,55,0,False,True,False,False,False,False,False,False,True,False,False,False,False,False,True,False,False,False
Brazil,University of São Paulo,2023,84.2,92.2,40400,Mechanical Engineer,SolidWorks,Project Management,MATLAB,45,67.8,50,1,False,True,False,False,False,True,False,False,True,False,False,False,False,False,True,False,False,False
Japan,Kyoto University,2022,94.8,100.0,53300,Machine Learning Engineer,Big Data,Machine Learning,Data Visualization,88,69.2,62,1,False,False,False,False,False,False,False,True,False,False,False,False,False,False,False,False,False,True
USA,Stanford,2017,99.0,100.0,109900,Data Scientist,Cloud Computing,Cybersecurity,Python,81,10.0,42,1,False,False,False,True,False,True,True,False,False,False,False,False,False,False,False,False,True,False
USA,Harvard,2018,88.4,95.5,79900,Data Scientist,Cloud Computing,React,Java,83,14.6,55,1,False,False,False,True,True,False,True,False,False,False,False,False,False,False,False,False,True,False
China,Peking University,2017,88.2,93.6,68800,NLP Specialist,R,Deep Learning,NLP,73,9.1,90,1,False,False,False,False,False,True,False,True,False,False,False,False,False,False,False,False,False,True
Germany,Heidelberg University,2019,73.3,78.3,54400,Mechanical Engineer,MATLAB,SolidWorks,Project Management,54,26.9,80,0,True,False,False,False,False,False,False,False,True,False,False,False,False,False,True,False,False,False
Mexico,UNAM,2025,76.0,77.2,24300,Physicist,Experimental Design,Scientific Writing,Laboratory Skills,59,90.0,91,0,False,True,False,False,True,False,False,False,False,False,True,False,False,False,False,True,False,False
Israel,Technion,2018,94.1,98.5,113800,Biomedical Researcher,Diagnostics,Patient Care,Medical Coding,58,7.4,95,1,False,False,True,False,False,True,False,False,False,True,False,False,False,True,False,False,False,False
Singapore,NTU,2018,89.6,90.1,70400,Public Health Specialist,Medical Coding,Clinical Research,Patient Care,54,14.2,53,0,False,False,False,False,False,False,False,False,False,True,False,False,False,True,False,False,False,False
USA,Georgia Tech,2017,87.0,89.0,75600,Sociologist,Data Analysis,Public Policy,Qualitative Research,64,7.3,64,0,False,False,False,True,False,True,False,False,False,False,False,True,True,False,False,False,False,False
Australia,University of Sydney,2015,94.9,100.0,93400,Public Health Specialist,Medical Coding,Diagnostics,Clinical Research,57,5.7,87,1,False,False,False,False,False,True,False,False,False,True,False,False,False,True,False,False,False,False
USA,UC Berkeley,2020,98.1,100.0,102000,AI Consultant,NLP,Machine Learning,Deep Learning,50,30.0,84,1,False,False,False,True,True,False,False,True,False,False,False,False,False,False,False,False,False,True
India,IIT Delhi,2015,77.9,81.6,29800,Robotics Engineer,SolidWorks,Lean Six Sigma,MATLAB,30,9.6,100,0,False,False,False,False,False,True,False,False,True,False,False,False,False,False,True,False,False,False
Mexico,UNAM,2020,92.2,99.0,24300,Sociologist,Communication,Qualitative Research,Data Analysis,70,59.7,75,1,False,True,False,False,True,False,False,False,False,False,False,True,True,False,False,False,False,False
USA,Georgia Tech,2021,85.2,93.1,74600,Investment Banker,Excel,Data Analysis,Market Research,57,42.8,72,1,False,False,False,True,False,False,False,False,False,False,False,False,False,False,False,False,False,False
Switzerland,ETH Zurich,2023,95.2,97.4,134800,Biomedical Researcher,Patient Care,Medical Coding,Clinical Research,85,63.6,66,1,True,False,False,False,True,False,False,False,False,True,False,False,False,True,False,False,False,False
China,Tsinghua University,2017,94.7,100.0,30100,Chemist,Scientific Writing,Statistical Analysis,Experimental Design,45,14.3,81,1,False,False,False,False,True,False,False,False,False,False,True,False,False,False,False,True,False,False
Brazil,University of São Paulo,2019,84.2,87.6,22900,Civil Engineer,MATLAB,AutoCAD,SolidWorks,53,5.0,50,0,False,True,False,False,False,False,False,False,True,False,False,False,False,False,True,False,False,False
Netherlands,TU Delft,2017,91.2,96.3,91200,Robotics Engineer,Lean Six Sigma,MATLAB,AutoCAD,70,9.2,66,1,True,False,False,False,False,True,False,False,True,False,False,False,False,False,True,False,False,False
France,PSL University,2025,90.6,95.2,86900,Pharmacist,Diagnostics,Medical Coding,Clinical Research,81,90.0,80,1,True,False,False,False,True,False,False,False,False,True,False,False,False,True,False,False,False,False
Mexico,UNAM,2017,81.9,85.0,25300,Management Consultant,Excel,Strategic Planning,Data Analysis,40,10.7,67,0,False,True,False,False,False,False,False,False,False,False,False,False,False,False,False,False,False,False
Singapore,NTU,2023,82.9,93.1,122200,Investment Banker,Financial Modeling,Excel,Strategic Planning,52,50.1,74,1,False,False,False,False,False,True,False,False,False,False,False,False,False,False,False,False,False,False
Switzerland,ETH Zurich,2020,91.6,97.7,97600,NLP Specialist,R,Big Data,Machine Learning,92,24.9,61,1,True,False,False,False,False,False,False,True,False,False,False,False,False,False,False,False,False,True
USA,Stanford,2015,85.1,94.5,77800,Mechanical Engineer,Project Management,MATLAB,Lean Six Sigma,59,9.7,56,1,False,False,False,True,True,False,False,False,True,False,False,False,False,False,True,False,False,False
South Korea,Seoul National University,2019,78.3,84.6,52500,Robotics Engineer,MATLAB,SolidWorks,Lean Six Sigma,60,5.0,63,0,False,False,False,False,True,False,False,False,True,False,False,False,False,False,True,False,False,False
Canada,McGill University,2021,81.8,87.9,65800,Mechanical Engineer,Lean Six Sigma,AutoCAD,Project Management,65,66.3,73,0,False,False,False,True,False,False,False,False,True,False,False,False,False,False,True,False,False,False
Singapore,NUS,2021,78.4,83.9,92900,Chemist,Laboratory Skills,Experimental Design,Statistical Analysis,37,48.2,66,0,False,False,False,False,False,True,False,False,False,False,True,False,False,False,False,True,False,False
Israel,Hebrew University of Jerusalem,2025,75.4,82.0,69700,Management Consultant,Data Analysis,Market Research,Financial Modeling,72,90.0,74,0,False,False,True,False,False,False,False,False,False,False,False,False,False,False,False,False,False,False
Mexico,UNAM,2022,89.2,94.5,31300,Biologist,Scientific Writing,Statistical Analysis,Experimental Design,49,76.3,75,1,False,True,False,False,False,True,False,False,False,False,True,False,False,False,False,True,False,False
USA,UC Berkeley,2021,76.7,82.5,96900,Biologist,Laboratory Skills,Experimental Design,Scientific Writing,60,65.7,64,0,False,False,False,True,False,True,False,False,False,False,True,False,False,False,False,True,False,False
South Africa,University of Cape Town,2024,87.5,94.3,39400,Environmental Scientist,Experimental Design,Statistical Analysis,Laboratory Skills,69,86.8,69,1,False,False,True,False,False,True,False,False,False,False,True,False,False,False,False,True,False,False
China,Tsinghua University,2020,87.1,93.3,47000,Marketing Manager,Financial Modeling,Excel,Strategic Planning,58,53.5,40,1,False,False,False,False,True,False,False,False,False,False,False,False,False,False,False,False,False,False
Singapore,NTU,2019,81.5,85.2,83800,Pharmacist,Patient Care,Diagnostics,Medical Coding,57,9.3,85,0,False,False,False,False,False,False,False,False,False,True,False,False,False,True,False,False,False,False
Canada,McGill University,2015,82.6,86.4,44400,Human Resources Specialist,Public Policy,Qualitative Research,Data Analysis,52,9.7,71,0,False,False,False,True,True,False,False,False,False,False,False,True,True,False,False,False,False,False
Germany,TU Munich,2017,90.4,96.0,92500,Cybersecurity Analyst,React,Java,DevOps,83,7.0,56,1,True,False,False,False,False,True,True,False,False,False,False,False,False,False,False,False,True,False
Japan,Kyoto University,2018,92.8,99.5,87200,Public Health Specialist,Diagnostics,Clinical Research,Medical Coding,46,5.0,62,1,False,False,False,False,False,True,False,False,False,True,False,False,False,True,False,False,False,False
China,Tsinghua University,2025,82.6,86.3,46400,Sociologist,Public Policy,Qualitative Research,Data Analysis,77,87.1,72,0,False,False,False,False,False,True,False,False,False,False,False,True,True,False,False,False,False,False
South Korea,KAIST,2019,81.0,85.9,45000,Civil Engineer,AutoCAD,SolidWorks,Lean Six Sigma,63,6.0,90,0,False,False,False,False,False,False,False,False,True,False,False,False,False,False,True,False,False,False
South Africa,University of Cape Town,2023,86.4,91.8,54600,Public Health Specialist,Patient Care,Medical Coding,Clinical Research,57,76.7,100,1,False,False,True,False,False,True,False,False,False,True,False,False,False,True,False,False,False,False
Israel,Technion,2017,92.9,94.4,81400,NLP Specialist,R,Big Data,Machine Learning,78,5.6,60,1,False,False,True,False,True,False,False,True,False,False,False,False,False,False,False,False,False,True
Sweden,Karolinska Institute,2021,94.9,100.0,73300,Data Scientist,Java,Python,DevOps,82,41.4,93,1,True,False,False,False,True,False,True,False,False,False,False,False,False,False,False,False,True,False
Japan,Kyoto University,2025,72.2,78.1,74900,Chemist,Scientific Writing,Laboratory Skills,Experimental Design,58,90.0,64,0,False,False,False,False,False,True,False,False,False,False,True,False,False,False,False,True,False,False
Canada,University of Toronto,2019,97.0,99.6,68800,Public Health Specialist,Diagnostics,Medical Coding,Patient Care,52,9.6,93,1,False,False,False,True,False,False,False,False,False,True,False,False,False,True,False,False,False,False
Israel,Hebrew University of Jerusalem,2020,90.0,96.0,106900,Cybersecurity Analyst,Cloud Computing,SQL,React,74,41.5,46,1,False,False,True,False,False,True,True,False,False,False,False,False,False,False,False,False,True,False
Netherlands,University of Amsterdam,2017,83.3,87.6,69400,Medical Doctor,Diagnostics,Patient Care,Medical Coding,53,19.6,50,0,True,False,False,False,False,False,False,False,False,True,False,False,False,True,False,False,False,False
UAE,Khalifa University,2016,96.8,100.0,110100,AI Consultant,Deep Learning,Big Data,R,62,12.9,59,1,False,False,True,False,False,True,False,True,False,False,False,False,False,False,False,False,False,True
Japan,Kyoto University,2015,78.1,82.9,77200,Management Consultant,Strategic Planning,Market Research,Excel,44,5.1,81,0,False,False,False,False,False,True,False,False,False,False,False,False,False,False,False,False,False,False
Israel,Hebrew University of Jerusalem,2019,86.0,87.5,55600,Chemist,Experimental Design,Laboratory Skills,Statistical Analysis,68,22.5,63,0,False,False,True,False,False,False,False,False,False,False,True,False,False,False,False,True,False,False
Argentina,University of Buenos Aires,2018,78.7,80.9,26800,Management Consultant,Strategic Planning,Financial Modeling,Excel,52,15.2,57,0,False,True,False,False,False,False,False,False,False,False,False,False,False,False,False,False,False,False
Germany,Humboldt University,2021,94.2,99.2,84200,Public Health Specialist,Medical Coding,Clinical Research,Patient Care,67,52.4,77,1,True,False,False,False,True,False,False,False,False,True,False,False,False,True,False,False,False,False
Japan,University of Tokyo,2025,84.2,87.3,68200,Economist,Communication,Data Analysis,Qualitative Research,82,83.7,86,0,False,False,False,False,False,True,False,False,False,False,False,True,True,False,False,False,False,False
Mexico,UNAM,2022,82.3,86.3,22900,Biologist,Statistical Analysis,Laboratory Skills,Experimental Design,53,42.6,54,0,False,True,False,False,True,False,False,False,False,False,True,False,False,False,False,True,False,False
Canada,McGill University,2025,84.1,91.1,109000,Robotics Engineer,AutoCAD,SolidWorks,MATLAB,65,81.2,48,1,False,False,False,True,False,True,False,False,True,False,False,False,False,False,True,False,False,False
Mexico,UNAM,2024,99.0,100.0,43700,Cloud Architect,Java,SQL,Cybersecurity,95,86.4,95,1,False,True,False,False,False,True,True,False,False,False,False,False,False,False,False,False,True,False
UAE,Khalifa University,2024,93.2,97.6,81000,Machine Learning Engineer,Deep Learning,NLP,Data Visualization,74,73.2,69,1,False,False,True,False,False,False,False,True,False,False,False,False,False,False,False,False,False,True
China,Fudan University,2025,92.6,97.8,56500,Chemist,Experimental Design,Scientific Writing,Laboratory Skills,81,85.6,65,1,False,False,False,False,False,True,False,False,False,False,True,False,False,False,False,True,False,False
Mexico,UNAM,2018,76.3,82.3,14100,Investment Banker,Excel,Strategic Planning,Data Analysis,56,14.7,72,0,False,True,False,False,False,False,False,False,False,False,False,False,False,False,False,False,False,False
USA,Georgia Tech,2018,92.0,96.8,84600,Financial Analyst,Market Research,Data Analysis,Financial Modeling,67,8.0,80,1,False,False,False,True,True,False,False,False,False,False,False,False,False,False,False,False,False,False
Argentina,University of Buenos Aires,2020,84.0,84.3,28900,Physicist,Statistical Analysis,Laboratory Skills,Experimental Design,60,52.3,77,0,False,True,False,False,False,True,False,False,False,False,True,False,False,False,False,True,False,False
USA,UC Berkeley,2021,74.4,77.9,123100,Investment Banker,Financial Modeling,Data Analysis,Strategic Planning,66,54.1,88,0,False,False,False,True,False,True,False,False,False,False,False,False,False,False,False,False,False,False
UAE,Khalifa University,2015,83.3,88.3,54800,Biologist,Scientific Writing,Statistical Analysis,Laboratory Skills,40,5.0,76,0,False,False,True,False,True,False,False,False,False,False,True,False,False,False,False,True,False,False
Argentina,University of Buenos Aires,2016,78.2,79.9,17700,Physicist,Laboratory Skills,Experimental Design,Statistical Analysis,58,8.7,78,0,False,True,False,False,True,False,False,False,False,False,True,False,False,False,False,True,False,False
France,Ecole Polytechnique,2017,82.3,85.9,100300,AI Consultant,Deep Learning,Data Visualization,NLP,71,17.3,45,0,True,False,False,False,False,True,False,True,False,False,False,False,False,False,False,False,False,True
Canada,UBC,2022,93.7,98.5,120100,AI Researcher,React,DevOps,Java,82,55.6,85,1,False,False,False,True,False,True,True,False,False,False,False,False,False,False,False,False,True,False
Japan,Kyoto University,2022,83.0,87.2,50900,Physicist,Scientific Writing,Experimental Design,Statistical Analysis,56,85.9,76,0,False,False,False,False,True,False,False,False,False,False,True,False,False,False,False,True,False,False
Germany,Humboldt University,2018,96.9,99.1,79700,AI Researcher,Cloud Computing,Cybersecurity,SQL,93,5.0,58,1,True,False,False,False,True,False,True,False,False,False,False,False,False,False,False,False,True,False
Singapore,NUS,2019,85.9,91.3,77700,Sociologist,Data Analysis,Communication,Qualitative Research,56,9.9,55,1,False,False,False,False,False,True,False,False,False,False,False,True,True,False,False,False,False,False
Sweden,KTH Royal Institute of Technology,2019,93.6,100.0,54400,Medical Doctor,Diagnostics,Patient Care,Clinical Research,73,6.0,80,1,True,False,False,False,False,False,False,False,False,True,False,False,False,True,False,False,False,False
Switzerland,EPFL,2015,96.0,100.0,81100,Pharmacist,Medical Coding,Patient Care,Diagnostics,52,8.3,84,1,True,False,False,False,False,False,False,False,False,True,False,False,False,True,False,False,False,False
Saudi Arabia,King Abdulaziz University,2024,79.6,81.9,98000,Electrical Engineer,Lean Six Sigma,MATLAB,SolidWorks,65,90.0,87,0,False,False,True,False,False,True,False,False,True,False,False,False,False,False,True,False,False,False
Mexico,UNAM,2017,77.2,84.7,26600,Investment Banker,Data Analysis,Market Research,Financial Modeling,42,12.5,60,0,False,True,False,False,False,True,False,False,False,False,False,False,False,False,False,False,False,False
India,IIT Delhi,2017,76.1,83.4,27300,Civil Engineer,MATLAB,AutoCAD,Lean Six Sigma,55,11.3,40,0,False,False,False,False,False,False,False,False,True,False,False,False,False,False,True,False,False,False
South Korea,KAIST,2015,81.9,87.4,37600,Sociologist,Qualitative Research,Communication,Public Policy,38,5.0,78,0,False,False,False,False,False,True,False,False,False,False,False,True,True,False,False,False,False,False
Canada,UBC,2023,89.3,95.9,79800,Machine Learning Engineer,Machine Learning,R,NLP,74,66.4,94,1,False,False,False,True,False,False,False,True,False,False,False,False,False,False,False,False,False,True
Argentina,University of Buenos Aires,2017,90.6,100.0,19300,NLP Specialist,NLP,Deep Learning,Big Data,60,14.0,94,1,False,True,False,False,False,False,False,True,False,False,False,False,False,False,False,False,False,True
UK,Imperial College London,2016,97.3,100.0,92600,Data Analyst,NLP,Deep Learning,Machine Learning,65,11.9,81,1,True,False,False,False,False,True,False,True,False,False,False,False,False,False,False,False,False,True
South Africa,University of Cape Town,2018,87.8,92.7,32000,Mechanical Engineer,Lean Six Sigma,SolidWorks,Project Management,67,8.3,83,1,False,False,True,False,False,False,False,False,True,False,False,False,False,False,True,False,False,False
UAE,Khalifa University,2018,95.2,100.0,99100,Software Engineer,DevOps,Python,SQL,59,5.0,71,1,False,False,True,False,False,True,True,False,False,False,False,False,False,False,False,False,True,False
Brazil,University of São Paulo,2018,97.2,100.0,33600,Pharmacist,Diagnostics,Patient Care,Clinical Research,59,5.0,90,1,False,True,False,False,False,True,False,False,False,True,False,False,False,True,False,False,False,False
Canada,UBC,2025,90.7,96.8,88700,Pharmacist,Diagnostics,Clinical Research,Patient Care,72,90.0,68,1,False,False,False,True,False,False,False,False,False,True,False,False,False,True,False,False,False,False
South Africa,University of Cape Town,2020,87.5,97.2,44700,Electrical Engineer,Lean Six Sigma,SolidWorks,MATLAB,45,39.0,52,1,False,False,True,False,False,True,False,False,True,False,False,False,False,False,True,False,False,False
Japan,University of Tokyo,2025,88.3,90.4,92000,NLP Specialist,Big Data,NLP,R,96,90.0,79,0,False,False,False,False,True,False,False,True,False,False,False,False,False,False,False,False,False,True
USA,UC Berkeley,2023,92.0,99.9,91600,Data Analyst,Data Visualization,NLP,Deep Learning,77,68.9,63,1,False,False,False,True,False,False,False,True,False,False,False,False,False,False,False,False,False,True
Canada,UBC,2022,89.6,96.8,80400,Data Scientist,Cloud Computing,React,Cybersecurity,89,66.4,72,1,False,False,False,True,True,False,True,False,False,False,False,False,False,False,False,False,True,False
UK,Cambridge,2023,86.0,90.4,75100,Machine Learning Engineer,R,NLP,Data Visualization,87,72.8,74,0,True,False,False,False,False,False,False,True,False,False,False,False,False,False,False,False,False,True
Australia,University of Melbourne,2017,81.1,92.4,70700,Human Resources Specialist,Communication,Public Policy,Data Analysis,63,12.1,66,1,False,False,False,False,False,True,False,False,False,False,False,True,True,False,False,False,False,False
Germany,Humboldt University,2020,82.3,87.9,93100,Robotics Engineer,Lean Six Sigma,SolidWorks,MATLAB,41,24.3,60,0,True,False,False,False,False,True,False,False,True,False,False,False,False,False,True,False,False,False
India,IIT Delhi,2019,80.1,88.0,23100,Biologist,Scientific Writing,Laboratory Skills,Statistical Analysis,43,6.2,92,0,False,False,False,False,True,False,False,False,False,False,True,False,False,False,False,True,False,False
Singapore,NTU,2021,95.7,100.0,102000,Machine Learning Engineer,Big Data,Data Visualization,NLP,75,49.0,65,1,False,False,False,False,True,False,False,True,False,False,False,False,False,False,False,False,False,True
Brazil,University of São Paulo,2017,79.7,86.5,11900,Economist,Data Analysis,Qualitative Research,Public Policy,59,13.1,64,0,False,True,False,False,True,False,False,False,False,False,False,True,True,False,False,False,False,False
Sweden,Karolinska Institute,2020,87.6,91.6,57300,Environmental Scientist,Laboratory Skills,Statistical Analysis,Scientific Writing,62,41.6,91,1,True,False,False,False,True,False,False,False,False,False,True,False,False,False,False,True,False,False
Australia,ANU,2018,76.5,79.1,100100,Mechanical Engineer,Lean Six Sigma,SolidWorks,Project Management,61,9.7,63,0,False,False,False,False,False,True,False,False,True,False,False,False,False,False,True,False,False,False
USA,Stanford,2022,82.2,87.3,76900,Human Resources Specialist,Data Analysis,Public Policy,Qualitative Research,71,56.2,93,0,False,False,False,True,True,False,False,False,False,False,False,True,True,False,False,False,False,False
France,Ecole Polytechnique,2015,93.3,100.0,45600,Cloud Architect,React,Cloud Computing,SQL,56,8.3,87,1,True,False,False,False,False,False,True,False,False,False,False,False,False,False,False,False,True,False
South Korea,KAIST,2017,79.1,82.7,49400,Marketing Manager,Financial Modeling,Excel,Data Analysis,63,15.9,52,0,False,False,False,False,False,False,False,False,False,False,False,False,False,False,False,False,False,False
Germany,Humboldt University,2018,92.4,98.6,73800,Public Health Specialist,Clinical Research,Patient Care,Diagnostics,53,13.4,59,1,True,False,False,False,True,False,False,False,False,True,False,False,False,True,False,False,False,False
South Africa,University of Cape Town,2017,90.9,96.0,34200,AI Researcher,SQL,Python,Cloud Computing,71,5.0,42,1,False,False,True,False,False,True,True,False,False,False,False,False,False,False,False,False,True,False
Argentina,University of Buenos Aires,2022,94.5,100.0,19400,AI Consultant,Deep Learning,Data Visualization,R,95,51.8,52,1,False,True,False,False,False,False,False,True,False,False,False,False,False,False,False,False,False,True
Sweden,Karolinska Institute,2015,94.4,100.0,71200,Pharmacist,Patient Care,Clinical Research,Diagnostics,30,5.7,69,1,True,False,False,False,True,False,False,False,False,True,False,False,False,True,False,False,False,False
Mexico,UNAM,2023,96.8,100.0,42600,Cybersecurity Analyst,Cloud Computing,Python,Cybersecurity,89,70.8,80,1,False,True,False,False,False,True,True,False,False,False,False,False,False,False,False,False,True,False
Canada,UBC,2024,91.6,96.0,100700,Machine Learning Engineer,R,Machine Learning,Big Data,88,84.8,74,1,False,False,False,True,True,False,False,True,False,False,False,False,False,False,False,False,False,True
UAE,Khalifa University,2016,89.7,95.2,75100,Physicist,Experimental Design,Scientific Writing,Laboratory Skills,45,14.4,49,1,False,False,True,False,False,True,False,False,False,False,True,False,False,False,False,True,False,False
Mexico,UNAM,2017,82.9,89.0,13200,Sociologist,Communication,Public Policy,Data Analysis,41,8.1,60,0,False,True,False,False,True,False,False,False,False,False,False,True,True,False,False,False,False,False
Argentina,University of Buenos Aires,2024,84.7,91.1,18200,Marketing Manager,Excel,Financial Modeling,Market Research,67,74.5,49,1,False,True,False,False,False,False,False,False,False,False,False,False,False,False,False,False,False,False
USA,Stanford,2017,84.2,87.8,91000,Management Consultant,Excel,Strategic Planning,Market Research,61,9.6,65,0,False,False,False,True,True,False,False,False,False,False,False,False,False,False,False,False,False,False
Israel,Technion,2024,89.3,93.6,136500,Data Analyst,Deep Learning,NLP,Big Data,89,75.0,80,1,False,False,True,False,False,True,False,True,False,False,False,False,False,False,False,False,False,True
India,IIT Bombay,2024,86.2,87.9,36300,Medical Doctor,Clinical Research,Diagnostics,Patient Care,47,78.5,60,0,False,False,False,False,False,False,False,False,False,True,False,False,False,True,False,False,False,False
Japan,University of Tokyo,2018,83.7,85.5,75100,Electrical Engineer,MATLAB,Project Management,SolidWorks,37,11.5,72,0,False,False,False,False,False,True,False,False,True,False,False,False,False,False,True,False,False,False
Germany,Heidelberg University,2022,71.7,77.7,61100,Robotics Engineer,AutoCAD,SolidWorks,Lean Six Sigma,76,62.8,57,0,True,False,False,False,False,False,False,False,True,False,False,False,False,False,True,False,False,False
Netherlands,TU Delft,2021,74.4,81.5,75700,Investment Banker,Strategic Planning,Market Research,Data Analysis,62,32.3,65,0,True,False,False,False,True,False,False,False,False,False,False,False,False,False,False,False,False,False
USA,Georgia Tech,2023,81.3,85.8,97100,Policy Analyst,Public Policy,Data Analysis,Communication,53,75.7,60,0,False,False,False,True,False,True,False,False,False,False,False,True,True,False,False,False,False,False
Argentina,University of Buenos Aires,2021,91.1,98.1,23400,AI Consultant,Deep Learning,NLP,Machine Learning,78,67.4,76,1,False,True,False,False,False,True,False,True,False,False,False,False,False,False,False,False,False,True
Mexico,UNAM,2015,90.6,95.5,26400,Software Engineer,DevOps,SQL,React,67,8.5,77,1,False,True,False,False,True,False,True,False,False,False,False,False,False,False,False,False,True,False
Japan,Kyoto University,2025,74.6,77.4,54800,Investment Banker,Excel,Strategic Planning,Market Research,90,90.0,74,0,False,False,False,False,False,False,False,False,False,False,False,False,False,False,False,False,False,False
Mexico,UNAM,2025,84.4,89.1,18300,Economist,Communication,Public Policy,Data Analysis,72,80.2,72,0,False,True,False,False,True,False,False,False,False,False,False,True,True,False,False,False,False,False
Switzerland,ETH Zurich,2017,86.2,92.6,85400,Medical Doctor,Patient Care,Medical Coding,Diagnostics,38,12.8,80,1,True,False,False,False,False,False,False,False,False,True,False,False,False,True,False,False,False,False
USA,Harvard,2021,87.1,91.7,98200,Biomedical Researcher,Patient Care,Diagnostics,Clinical Research,64,48.5,76,1,False,False,False,True,True,False,False,False,False,True,False,False,False,True,False,False,False,False
Saudi Arabia,King Abdulaziz University,2017,88.7,90.3,74500,AI Researcher,Python,DevOps,Java,82,18.4,75,0,False,False,True,False,True,False,True,False,False,False,False,False,False,False,False,False,True,False
Argentina,University of Buenos Aires,2020,90.6,93.4,19500,Medical Doctor,Clinical Research,Diagnostics,Patient Care,66,26.5,65,1,False,True,False,False,True,False,False,False,False,True,False,False,False,True,False,False,False,False
Brazil,University of São Paulo,2023,91.9,96.2,31600,Data Scientist,DevOps,Cybersecurity,React,87,70.2,55,1,False,True,False,False,True,False,True,False,False,False,False,False,False,False,False,False,True,False
UK,Oxford,2016,81.0,84.0,65400,Robotics Engineer,SolidWorks,AutoCAD,Lean Six Sigma,74,12.4,67,0,True,False,False,False,True,False,False,False,True,False,False,False,False,False,True,False,False,False
Mexico,UNAM,2024,89.2,93.9,27500,Environmental Scientist,Laboratory Skills,Statistical Analysis,Scientific Writing,71,70.1,67,1,False,True,False,False,False,False,False,False,False,False,True,False,False,False,False,True,False,False
India,IIT Delhi,2020,93.9,99.6,37300,Biomedical Researcher,Clinical Research,Patient Care,Medical Coding,65,42.4,51,1,False,False,False,False,False,True,False,False,False,True,False,False,False,True,False,False,False,False
Germany,Humboldt University,2017,77.3,81.7,42400,Physicist,Statistical Analysis,Scientific Writing,Laboratory Skills,64,5.0,64,0,True,False,False,False,False,False,False,False,False,False,True,False,False,False,False,True,False,False
Mexico,UNAM,2019,78.5,84.4,25200,Robotics Engineer,Project Management,MATLAB,Lean Six Sigma,56,11.3,66,0,False,True,False,False,False,False,False,False,True,False,False,False,False,False,True,False,False,False
South Africa,University of Cape Town,2020,73.5,77.8,40000,Marketing Manager,Strategic Planning,Financial Modeling,Excel,62,45.3,92,0,False,False,True,False,True,False,False,False,False,False,False,False,False,False,False,False,False,False
USA,Stanford,2025,87.4,91.1,79400,Robotics Engineer,AutoCAD,Project Management,Lean Six Sigma,83,90.0,56,1,False,False,False,True,False,False,False,False,True,False,False,False,False,False,True,False,False,False
China,Fudan University,2020,81.0,87.2,47400,Financial Analyst,Strategic Planning,Data Analysis,Market Research,57,36.9,90,0,False,False,False,False,True,False,False,False,False,False,False,False,False,False,False,False,False,False
Argentina,University of Buenos Aires,2016,87.1,91.7,25600,Financial Analyst,Excel,Market Research,Strategic Planning,68,6.6,60,1,False,True,False,False,False,True,False,False,False,False,False,False,False,False,False,False,False,False
Japan,Kyoto University,2025,80.8,89.0,102800,Management Consultant,Financial Modeling,Excel,Data Analysis,78,88.5,42,0,False,False,False,False,False,True,False,False,False,False,False,False,False,False,False,False,False,False
Canada,McGill University,2023,93.5,100.0,113600,Cybersecurity Analyst,Java,Python,SQL,100,63.2,82,1,False,False,False,True,False,True,True,False,False,False,False,False,False,False,False,False,True,False
USA,Georgia Tech,2017,98.4,100.0,125200,NLP Specialist,R,NLP,Data Visualization,54,9.2,52,1,False,False,False,True,False,True,False,True,False,False,False,False,False,False,False,False,False,True
UAE,Khalifa University,2023,86.2,91.8,69300,Physicist,Statistical Analysis,Laboratory Skills,Scientific Writing,77,73.4,50,1,False,False,True,False,True,False,False,False,False,False,True,False,False,False,False,True,False,False
Sweden,Karolinska Institute,2017,93.7,98.3,80800,Biomedical Researcher,Clinical Research,Medical Coding,Patient Care,44,5.0,58,1,True,False,False,False,False,True,False,False,False,True,False,False,False,True,False,False,False,False
Saudi Arabia,King Abdulaziz University,2025,93.3,98.7,65600,Data Scientist,Java,React,Cybersecurity,100,79.6,83,1,False,False,True,False,False,False,True,False,False,False,False,False,False,False,False,False,True,False
Switzerland,EPFL,2015,93.5,97.6,86000,NLP Specialist,Data Visualization,R,NLP,80,11.5,59,1,True,False,False,False,False,False,False,True,False,False,False,False,False,False,False,False,False,True
Mexico,UNAM,2019,78.8,84.8,15700,Sociologist,Public Policy,Data Analysis,Qualitative Research,46,9.9,75,0,False,True,False,False,False,False,False,False,False,False,False,True,True,False,False,False,False,False
Sweden,KTH Royal Institute of Technology,2021,86.7,93.3,50100,Chemist,Statistical Analysis,Laboratory Skills,Experimental Design,61,52.2,74,1,True,False,False,False,False,False,False,False,False,False,True,False,False,False,False,True,False,False
Netherlands,TU Delft,2021,73.9,78.3,98700,Management Consultant,Market Research,Strategic Planning,Financial Modeling,47,62.8,69,0,True,False,False,False,False,True,False,False,False,False,False,False,False,False,False,False,False,False
USA,Harvard,2016,84.5,90.3,64200,Marketing Manager,Market Research,Strategic Planning,Financial Modeling,40,9.6,64,0,False,False,False,True,False,False,False,False,False,False,False,False,False,False,False,False,False,False
Sweden,Karolinska Institute,2025,87.8,92.4,80000,Cloud Architect,Python,Cybersecurity,Cloud Computing,88,75.2,87,1,True,False,False,False,True,False,True,False,False,False,False,False,False,False,False,False,True,False
Canada,University of Toronto,2019,83.2,89.0,96300,Investment Banker,Financial Modeling,Data Analysis,Market Research,50,12.3,64,0,False,False,False,True,False,True,False,False,False,False,False,False,False,False,False,False,False,False
Japan,University of Tokyo,2019,84.1,92.1,47000,Environmental Scientist,Laboratory Skills,Scientific Writing,Statistical Analysis,65,14.6,62,1,False,False,False,False,True,False,False,False,False,False,True,False,False,False,False,True,False,False
Saudi Arabia,King Abdulaziz University,2023,88.7,97.8,63900,Electrical Engineer,AutoCAD,Lean Six Sigma,MATLAB,81,66.6,52,1,False,False,True,False,True,False,False,False,True,False,False,False,False,False,True,False,False,False
Sweden,Karolinska Institute,2021,74.6,79.4,91300,Management Consultant,Financial Modeling,Market Research,Strategic Planning,78,48.6,74,0,True,False,False,False,False,True,False,False,False,False,False,False,False,False,False,False,False,False
Singapore,NTU,2019,79.2,88.3,69400,Policy Analyst,Communication,Public Policy,Data Analysis,77,9.3,61,0,False,False,False,False,True,False,False,False,False,False,False,True,True,False,False,False,False,False
Brazil,University of São Paulo,2021,88.3,90.9,32200,Pharmacist,Medical Coding,Clinical Research,Patient Care,74,62.2,72,1,False,True,False,False,False,False,False,False,False,True,False,False,False,True,False,False,False,False
Israel,Technion,2024,86.9,92.1,117700,Cloud Architect,SQL,React,Python,83,76.6,85,1,False,False,True,False,False,True,True,False,False,False,False,False,False,False,False,False,True,False
USA,Stanford,2025,98.1,100.0,119200,Public Health Specialist,Diagnostics,Patient Care,Clinical Research,66,90.0,76,1,False,False,False,True,True,False,False,False,False,True,False,False,False,True,False,False,False,False
Mexico,UNAM,2025,83.4,92.0,34000,Chemist,Experimental Design,Scientific Writing,Laboratory Skills,75,90.0,65,1,False,True,False,False,True,False,False,False,False,False,True,False,False,False,False,True,False,False
Saudi Arabia,King Abdulaziz University,2016,97.6,100.0,88400,NLP Specialist,R,Data Visualization,Machine Learning,79,9.6,90,1,False,False,True,False,False,True,False,True,False,False,False,False,False,False,False,False,False,True
Japan,Kyoto University,2019,74.1,80.5,48600,Robotics Engineer,SolidWorks,AutoCAD,Project Management,58,13.0,70,0,False,False,False,False,True,False,False,False,True,False,False,False,False,False,True,False,False,False
India,IIT Bombay,2023,78.9,85.1,34600,Biologist,Scientific Writing,Experimental Design,Statistical Analysis,75,82.2,100,0,False,False,False,False,False,True,False,False,False,False,True,False,False,False,False,True,False,False
Netherlands,TU Delft,2024,92.6,94.6,94500,AI Consultant,Big Data,Deep Learning,R,82,78.1,85,1,True,False,False,False,True,False,False,True,False,False,False,False,False,False,False,False,False,True
USA,UC Berkeley,2022,95.2,100.0,102600,Public Health Specialist,Patient Care,Diagnostics,Clinical Research,62,62.5,64,1,False,False,False,True,True,False,False,False,False,True,False,False,False,True,False,False,False,False
Mexico,UNAM,2017,82.7,87.2,26300,Machine Learning Engineer,Deep Learning,R,Machine Learning,69,7.4,76,0,False,True,False,False,True,False,False,True,False,False,False,False,False,False,False,False,False,True
Switzerland,EPFL,2025,84.2,91.2,123900,Human Resources Specialist,Communication,Data Analysis,Public Policy,75,87.0,63,1,True,False,False,False,False,True,False,False,False,False,False,True,True,False,False,False,False,False
UAE,Khalifa University,2024,92.9,100.0,74800,Data Scientist,React,DevOps,Cloud Computing,99,74.6,68,1,False,False,True,False,False,False,True,False,False,False,False,False,False,False,False,False,True,False
Australia,University of Sydney,2021,86.6,93.5,84600,Mechanical Engineer,AutoCAD,MATLAB,SolidWorks,61,37.5,55,1,False,False,False,False,True,False,False,False,True,False,False,False,False,False,True,False,False,False
India,IIT Delhi,2023,81.7,84.5,24400,Robotics Engineer,Project Management,MATLAB,AutoCAD,66,76.3,52,0,False,False,False,False,False,False,False,False,True,False,False,False,False,False,True,False,False,False
Sweden,KTH Royal Institute of Technology,2022,78.1,85.6,65100,Electrical Engineer,Project Management,Lean Six Sigma,AutoCAD,58,49.7,63,0,True,False,False,False,False,False,False,False,True,False,False,False,False,False,True,False,False,False
UK,LSE,2023,79.3,83.9,79600,Financial Analyst,Market Research,Strategic Planning,Data Analysis,69,68.3,69,0,True,False,False,False,True,False,False,False,False,False,False,False,False,False,False,False,False,False
Israel,Hebrew University of Jerusalem,2020,95.0,99.8,110800,AI Consultant,R,Data Visualization,NLP,96,30.6,42,1,False,False,True,False,False,True,False,True,False,False,False,False,False,False,False,False,False,True
France,Ecole Polytechnique,2017,81.7,84.7,40300,Economist,Communication,Data Analysis,Public Policy,38,17.7,91,0,True,False,False,False,False,False,False,False,False,False,False,True,True,False,False,False,False,False
Canada,UBC,2024,89.0,97.3,79100,Cloud Architect,Java,React,Cloud Computing,83,75.1,65,1,False,False,False,True,True,False,True,False,False,False,False,False,False,False,False,False,True,False
Netherlands,University of Amsterdam,2015,74.5,81.6,61300,Environmental Scientist,Experimental Design,Scientific Writing,Statistical Analysis,31,11.2,83,0,True,False,False,False,False,True,False,False,False,False,True,False,False,False,False,True,False,False
Israel,Technion,2023,85.4,92.8,68000,AI Researcher,DevOps,Cybersecurity,Python,91,63.8,88,1,False,False,True,False,False,False,True,False,False,False,False,False,False,False,False,False,True,False
Argentina,University of Buenos Aires,2020,81.3,84.5,19600,Sociologist,Public Policy,Communication,Qualitative Research,55,42.9,67,0,False,True,False,False,False,False,False,False,False,False,False,True,True,False,False,False,False,False
Canada,McGill University,2017,75.4,77.4,80100,Biologist,Experimental Design,Laboratory Skills,Statistical Analysis,55,7.5,60,0,False,False,False,True,False,True,False,False,False,False,True,False,False,False,False,True,False,False
South Africa,University of Cape Town,2023,90.1,95.0,26000,Medical Doctor,Diagnostics,Clinical Research,Patient Care,72,70.7,68,1,False,False,True,False,False,False,False,False,False,True,False,False,False,True,False,False,False,False
UAE,Khalifa University,2016,86.4,92.5,98300,Cybersecurity Analyst,Cybersecurity,Python,SQL,55,5.8,51,1,False,False,True,False,False,True,True,False,False,False,False,False,False,False,False,False,True,False
Sweden,KTH Royal Institute of Technology,2017,89.7,94.6,62300,Medical Doctor,Patient Care,Clinical Research,Diagnostics,42,8.5,58,1,True,False,False,False,False,False,False,False,False,True,False,False,False,True,False,False,False,False
China,Tsinghua University,2025,86.3,94.0,59700,Pharmacist,Diagnostics,Patient Care,Medical Coding,53,81.9,95,1,False,False,False,False,True,False,False,False,False,True,False,False,False,True,False,False,False,False
France,PSL University,2020,83.4,88.9,60000,NLP Specialist,Deep Learning,Data Visualization,R,75,31.6,53,0,True,False,False,False,False,False,False,True,False,False,False,False,False,False,False,False,False,True
USA,Harvard,2018,80.0,81.1,96500,Robotics Engineer,MATLAB,AutoCAD,Project Management,70,13.1,58,0,False,False,False,True,True,False,False,False,True,False,False,False,False,False,True,False,False,False
Canada,University of Toronto,2023,96.4,100.0,109000,Software Engineer,Python,React,Cloud Computing,66,87.9,63,1,False,False,False,True,False,True,True,False,False,False,False,False,False,False,False,False,True,False
UK,Oxford,2021,96.4,99.4,75800,Machine Learning Engineer,R,Machine Learning,NLP,92,43.5,41,1,True,False,False,False,False,False,False,True,False,False,False,False,False,False,False,False,False,True
Germany,Humboldt University,2017,85.0,89.1,89100,Investment Banker,Market Research,Strategic Planning,Data Analysis,50,15.7,71,0,True,False,False,False,False,True,False,False,False,False,False,False,False,False,False,False,False,False
Switzerland,EPFL,2022,86.5,91.9,138600,Mechanical Engineer,Project Management,Lean Six Sigma,SolidWorks,38,64.3,75,1,True,False,False,False,False,True,False,False,True,False,False,False,False,False,True,False,False,False
UAE,Khalifa University,2016,95.7,99.4,78300,Machine Learning Engineer,R,Deep Learning,Big Data,75,5.0,76,1,False,False,True,False,True,False,False,True,False,False,False,False,False,False,False,False,False,True
Brazil,University of São Paulo,2022,88.0,91.5,59000,NLP Specialist,NLP,Big Data,Data Visualization,76,61.3,54,1,False,True,False,False,False,True,False,True,False,False,False,False,False,False,False,False,False,True
USA,Harvard,2017,94.2,100.0,78000,NLP Specialist,Deep Learning,Data Visualization,NLP,56,15.0,84,1,False,False,False,True,False,False,False,True,False,False,False,False,False,False,False,False,False,True
Canada,University of Toronto,2025,83.1,88.6,78800,Biologist,Laboratory Skills,Scientific Writing,Experimental Design,80,90.0,55,0,False,False,False,True,True,False,False,False,False,False,True,False,False,False,False,True,False,False
Israel,Technion,2017,90.8,95.6,90700,NLP Specialist,Data Visualization,Deep Learning,R,58,8.6,55,1,False,False,True,False,True,False,False,True,False,False,False,False,False,False,False,False,False,True
Mexico,UNAM,2015,74.5,78.6,16700,Marketing Manager,Data Analysis,Financial Modeling,Strategic Planning,45,10.5,45,0,False,True,False,False,False,False,False,False,False,False,False,False,False,False,False,False,False,False
Israel,Hebrew University of Jerusalem,2019,83.1,86.5,58900,Chemist,Laboratory Skills,Scientific Writing,Experimental Design,68,11.1,79,0,False,False,True,False,True,False,False,False,False,False,True,False,False,False,False,True,False,False
Canada,UBC,2023,91.5,95.3,125500,Medical Doctor,Patient Care,Medical Coding,Diagnostics,74,75.1,67,1,False,False,False,True,False,True,False,False,False,True,False,False,False,True,False,False,False,False
UAE,Khalifa University,2018,80.2,85.3,80400,Marketing Manager,Excel,Financial Modeling,Market Research,56,5.3,71,0,False,False,True,False,True,False,False,False,False,False,False,False,False,False,False,False,False,False
Saudi Arabia,King Abdulaziz University,2015,85.2,90.3,63100,Economist,Qualitative Research,Public Policy,Data Analysis,48,11.7,81,0,False,False,True,False,False,True,False,False,False,False,False,True,True,False,False,False,False,False
Sweden,Karolinska Institute,2018,78.3,84.0,43900,Policy Analyst,Data Analysis,Public Policy,Communication,60,5.0,72,0,True,False,False,False,False,False,False,False,False,False,False,True,True,False,False,False,False,False
Brazil,University of São Paulo,2018,93.7,100.0,20700,Cybersecurity Analyst,React,Cloud Computing,Java,83,8.0,74,1,False,True,False,False,True,False,True,False,False,False,False,False,False,False,False,False,True,False
France,Ecole Polytechnique,2017,87.1,92.0,55300,Electrical Engineer,Lean Six Sigma,Project Management,MATLAB,55,15.6,47,1,True,False,False,False,False,False,False,False,True,False,False,False,False,False,True,False,False,False
Argentina,University of Buenos Aires,2019,86.7,93.6,11500,Human Resources Specialist,Data Analysis,Communication,Public Policy,61,5.0,69,1,False,True,False,False,False,False,False,False,False,False,False,True,True,False,False,False,False,False
Mexico,UNAM,2022,81.7,85.0,16300,Environmental Scientist,Scientific Writing,Experimental Design,Laboratory Skills,53,39.4,88,0,False,True,False,False,False,False,False,False,False,False,True,False,False,False,False,True,False,False
Canada,University of Toronto,2018,83.8,88.8,67500,Policy Analyst,Public Policy,Communication,Data Analysis,45,5.0,54,0,False,False,False,True,False,True,False,False,False,False,False,True,True,False,False,False,False,False
Netherlands,TU Delft,2020,91.8,95.2,60100,Pharmacist,Patient Care,Medical Coding,Diagnostics,77,50.3,82,1,True,False,False,False,False,False,False,False,False,True,False,False,False,True,False,False,False,False
Australia,University of Sydney,2024,88.8,93.4,76100,Environmental Scientist,Scientific Writing,Laboratory Skills,Experimental Design,67,81.7,80,1,False,False,False,False,True,False,False,False,False,False,True,False,False,False,False,True,False,False
UK,LSE,2023,77.6,81.6,64500,Mechanical Engineer,AutoCAD,SolidWorks,Project Management,72,77.2,64,0,True,False,False,False,False,False,False,False,True,False,False,False,False,False,True,False,False,False
USA,MIT,2016,80.2,86.5,70000,Electrical Engineer,AutoCAD,Project Management,SolidWorks,70,5.0,63,0,False,False,False,True,True,False,False,False,True,False,False,False,False,False,True,False,False,False
Argentina,University of Buenos Aires,2015,98.0,100.0,19500,Medical Doctor,Patient Care,Clinical Research,Diagnostics,40,12.8,63,1,False,True,False,False,True,False,False,False,False,True,False,False,False,True,False,False,False,False
UAE,Khalifa University,2019,76.8,85.3,56400,Chemist,Statistical Analysis,Experimental Design,Scientific Writing,61,10.5,66,0,False,False,True,False,True,False,False,False,False,False,True,False,False,False,False,True,False,False
Canada,McGill University,2023,91.4,97.0,78400,Data Analyst,Machine Learning,Deep Learning,Big Data,87,78.7,70,1,False,False,False,True,False,False,False,True,False,False,False,False,False,False,False,False,False,True
Singapore,NTU,2022,76.9,78.0,56200,Chemist,Laboratory Skills,Experimental Design,Statistical Analysis,84,68.6,57,0,False,False,False,False,False,False,False,False,False,False,True,False,False,False,False,True,False,False
Switzerland,EPFL,2025,86.8,94.9,105000,Cloud Architect,Python,DevOps,Cybersecurity,75,90.0,68,1,True,False,False,False,False,False,True,False,False,False,False,False,False,False,False,False,True,False
USA,Harvard,2017,90.7,92.2,91700,Software Engineer,Python,React,Java,71,5.1,71,1,False,False,False,True,True,False,True,False,False,False,False,False,False,False,False,False,True,False
Brazil,University of São Paulo,2024,72.6,76.0,37000,Physicist,Laboratory Skills,Experimental Design,Scientific Writing,62,76.2,81,0,False,True,False,False,True,False,False,False,False,False,True,False,False,False,False,True,False,False
Canada,UBC,2019,85.1,88.8,95900,Financial Analyst,Market Research,Data Analysis,Strategic Planning,60,13.9,59,0,False,False,False,True,False,True,False,False,False,False,False,False,False,False,False,False,False,False
Argentina,University of Buenos Aires,2022,81.5,88.6,21900,Sociologist,Data Analysis,Public Policy,Qualitative Research,61,63.8,69,0,False,True,False,False,True,False,False,False,False,False,False,True,True,False,False,False,False,False
Germany,Heidelberg University,2017,84.3,90.4,67000,Sociologist,Data Analysis,Qualitative Research,Public Policy,41,17.2,42,0,True,False,False,False,False,True,False,False,False,False,False,True,True,False,False,False,False,False
Canada,McGill University,2022,89.5,95.4,65600,Data Scientist,DevOps,React,Cybersecurity,99,41.4,62,1,False,False,False,True,False,False,True,False,False,False,False,False,False,False,False,False,True,False
Brazil,University of São Paulo,2021,80.2,85.7,15800,Marketing Manager,Data Analysis,Market Research,Excel,77,51.2,85,0,False,True,False,False,False,False,False,False,False,False,False,False,False,False,False,False,False,False
Mexico,UNAM,2020,89.1,91.3,34000,Data Analyst,NLP,Data Visualization,Deep Learning,82,25.1,89,1,False,True,False,False,True,False,False,True,False,False,False,False,False,False,False,False,False,True
Germany,Humboldt University,2018,96.0,100.0,63000,Public Health Specialist,Medical Coding,Patient Care,Diagnostics,58,11.0,69,1,True,False,False,False,False,False,False,False,False,True,False,False,False,True,False,False,False,False
India,IIT Delhi,2016,82.0,85.1,17400,Marketing Manager,Market Research,Data Analysis,Strategic Planning,39,16.2,80,0,False,False,False,False,False,False,False,False,False,False,False,False,False,False,False,False,False,False
USA,Stanford,2017,99.0,100.0,91500,Biomedical Researcher,Diagnostics,Medical Coding,Patient Care,67,10.9,54,1,False,False,False,True,True,False,False,False,False,True,False,False,False,True,False,False,False,False
Brazil,University of São Paulo,2025,96.2,100.0,49700,Pharmacist,Patient Care,Diagnostics,Clinical Research,77,86.0,82,1,False,True,False,False,True,False,False,False,False,True,False,False,False,True,False,False,False,False
Saudi Arabia,King Abdulaziz University,2022,86.2,93.1,70500,AI Consultant,Deep Learning,NLP,Data Visualization,81,62.1,49,1,False,False,True,False,True,False,False,True,False,False,False,False,False,False,False,False,False,True
UAE,Khalifa University,2015,96.0,100.0,65300,Software Engineer,Python,SQL,Cloud Computing,65,15.1,99,1,False,False,True,False,False,False,True,False,False,False,False,False,False,False,False,False,True,False
Japan,University of Tokyo,2018,93.9,97.0,78800,Electrical Engineer,MATLAB,AutoCAD,Project Management,47,5.0,76,1,False,False,False,False,False,True,False,False,True,False,False,False,False,False,True,False,False,False
Israel,Hebrew University of Jerusalem,2017,80.5,87.1,56700,Economist,Communication,Qualitative Research,Public Policy,66,5.0,61,0,False,False,True,False,True,False,False,False,False,False,False,True,True,False,False,False,False,False
Germany,Heidelberg University,2024,87.7,91.1,80300,Public Health Specialist,Diagnostics,Clinical Research,Patient Care,78,67.1,65,1,True,False,False,False,False,False,False,False,False,True,False,False,False,True,False,False,False,False
UK,Cambridge,2015,88.4,94.9,67600,Cybersecurity Analyst,Java,DevOps,React,64,17.0,68,1,True,False,False,False,True,False,True,False,False,False,False,False,False,False,False,False,True,False
Brazil,University of São Paulo,2020,86.7,90.5,33700,Human Resources Specialist,Data Analysis,Communication,Public Policy,39,43.6,71,0,False,True,False,False,False,True,False,False,False,False,False,True,True,False,False,False,False,False
Canada,UBC,2020,91.9,96.0,115500,Data Analyst,Machine Learning,R,NLP,100,25.3,81,1,False,False,False,True,False,True,False,True,False,False,False,False,False,False,False,False,False,True
Switzerland,EPFL,2017,81.3,85.7,126000,Management Consultant,Financial Modeling,Strategic Planning,Excel,45,12.9,90,0,True,False,False,False,False,True,False,False,False,False,False,False,False,False,False,False,False,False
Singapore,NUS,2022,91.8,94.8,102800,Biomedical Researcher,Clinical Research,Medical Coding,Patient Care,69,81.6,64,1,False,False,False,False,True,False,False,False,False,True,False,False,False,True,False,False,False,False
Japan,University of Tokyo,2023,90.2,94.2,99600,Data Analyst,Machine Learning,Data Visualization,R,58,74.1,57,1,False,False,False,False,False,True,False,True,False,False,False,False,False,False,False,False,False,True
USA,Harvard,2021,85.0,87.9,86400,Marketing Manager,Excel,Financial Modeling,Strategic Planning,58,64.7,48,0,False,False,False,True,True,False,False,False,False,False,False,False,False,False,False,False,False,False
Canada,UBC,2024,81.3,88.6,59400,Robotics Engineer,AutoCAD,Lean Six Sigma,Project Management,52,84.1,78,0,False,False,False,True,False,False,False,False,True,False,False,False,False,False,True,False,False,False
Netherlands,University of Amsterdam,2025,95.2,100.0,78400,AI Researcher,Cloud Computing,React,DevOps,86,90.0,87,1,True,False,False,False,True,False,True,False,False,False,False,False,False,False,False,False,True,False
Australia,University of Sydney,2020,79.0,82.0,61500,Economist,Qualitative Research,Data Analysis,Communication,59,45.7,65,0,False,False,False,False,True,False,False,False,False,False,False,True,True,False,False,False,False,False
Mexico,UNAM,2025,86.3,91.7,14500,Investment Banker,Financial Modeling,Excel,Data Analysis,66,90.0,92,1,False,True,False,False,False,False,False,False,False,False,False,False,False,False,False,False,False,False
USA,MIT,2017,92.2,94.3,56000,Cloud Architect,Cloud Computing,Python,Java,78,10.6,79,1,False,False,False,True,False,False,True,False,False,False,False,False,False,False,False,False,True,False
UK,Oxford,2015,70.6,74.7,34900,Economist,Communication,Data Analysis,Public Policy,54,15.1,52,0,True,False,False,False,False,False,False,False,False,False,False,True,True,False,False,False,False,False
Israel,Hebrew University of Jerusalem,2024,89.8,95.5,129100,Data Scientist,Python,SQL,Java,82,81.8,83,1,False,False,True,False,False,True,True,False,False,False,False,False,False,False,False,False,True,False
USA,MIT,2015,89.6,95.0,99500,Data Scientist,DevOps,React,Java,94,5.7,100,1,False,False,False,True,False,True,True,False,False,False,False,False,False,False,False,False,True,False
USA,UC Berkeley,2023,80.8,85.2,84000,Human Resources Specialist,Qualitative Research,Data Analysis,Public Policy,59,69.3,48,0,False,False,False,True,True,False,False,False,False,False,False,True,True,False,False,False,False,False
Saudi Arabia,King Abdulaziz University,2025,88.7,92.5,58500,Policy Analyst,Public Policy,Qualitative Research,Data Analysis,67,73.0,75,1,False,False,True,False,True,False,False,False,False,False,False,True,True,False,False,False,False,False
USA,Stanford,2023,81.6,86.1,97100,Mechanical Engineer,Lean Six Sigma,Project Management,MATLAB,63,75.0,69,0,False,False,False,True,True,False,False,False,True,False,False,False,False,False,True,False,False,False
USA,Stanford,2018,82.3,89.6,72900,Environmental Scientist,Statistical Analysis,Experimental Design,Scientific Writing,62,11.0,92,0,False,False,False,True,True,False,False,False,False,False,True,False,False,False,False,True,False,False
South Africa,University of Cape Town,2020,97.8,100.0,43500,AI Consultant,NLP,Deep Learning,Machine Learning,61,53.0,72,1,False,False,True,False,True,False,False,True,False,False,False,False,False,False,False,False,False,True
India,IIT Bombay,2022,91.4,95.7,24100,Cloud Architect,Cloud Computing,React,Python,86,54.1,89,1,False,False,False,False,False,False,True,False,False,False,False,False,False,False,False,False,True,False
Brazil,University of São Paulo,2025,78.1,81.2,21400,Policy Analyst,Public Policy,Qualitative Research,Communication,72,90.0,75,0,False,True,False,False,False,False,False,False,False,False,False,True,True,False,False,False,False,False
South Africa,University of Cape Town,2022,83.2,89.5,38800,NLP Specialist,R,Data Visualization,NLP,98,49.7,93,0,False,False,True,False,True,False,False,True,False,False,False,False,False,False,False,False,False,True
Australia,ANU,2024,80.0,84.2,72500,Electrical Engineer,Project Management,AutoCAD,MATLAB,54,89.9,58,0,False,False,False,False,False,False,False,False,True,False,False,False,False,False,True,False,False,False
Mexico,UNAM,2021,86.2,87.4,19500,Chemist,Experimental Design,Statistical Analysis,Scientific Writing,46,49.8,74,0,False,True,False,False,True,False,False,False,False,False,True,False,False,False,False,True,False,False
Sweden,Karolinska Institute,2017,89.7,99.8,72400,Data Scientist,SQL,Cloud Computing,DevOps,71,8.8,58,1,True,False,False,False,True,False,True,False,False,False,False,False,False,False,False,False,True,False
Mexico,UNAM,2025,84.3,91.7,27000,Chemist,Statistical Analysis,Laboratory Skills,Scientific Writing,55,87.5,76,1,False,True,False,False,True,False,False,False,False,False,True,False,False,False,False,True,False,False
USA,UC Berkeley,2019,81.3,87.4,88100,Robotics Engineer,MATLAB,Project Management,AutoCAD,49,17.8,84,0,False,False,False,True,True,False,False,False,True,False,False,False,False,False,True,False,False,False
Brazil,University of São Paulo,2018,87.6,90.5,37000,NLP Specialist,Deep Learning,Data Visualization,Big Data,82,5.0,65,0,False,True,False,False,False,True,False,True,False,False,False,False,False,False,False,False,False,True
Brazil,University of São Paulo,2020,92.7,98.2,45100,Cybersecurity Analyst,Python,SQL,Cloud Computing,69,45.9,60,1,False,True,False,False,False,True,True,False,False,False,False,False,False,False,False,False,True,False
South Africa,University of Cape Town,2022,91.2,96.4,32200,Medical Doctor,Patient Care,Diagnostics,Medical Coding,64,52.5,65,1,False,False,True,False,False,False,False,False,False,True,False,False,False,True,False,False,False,False
Singapore,NUS,2019,74.4,78.4,62500,Economist,Data Analysis,Communication,Public Policy,61,5.0,87,0,False,False,False,False,True,False,False,False,False,False,False,True,True,False,False,False,False,False
South Africa,University of Cape Town,2017,86.8,94.5,54900,Machine Learning Engineer,R,Big Data,Data Visualization,72,12.1,62,1,False,False,True,False,False,True,False,True,False,False,False,False,False,False,False,False,False,True
Canada,McGill University,2018,83.3,86.7,74900,Robotics Engineer,MATLAB,Project Management,SolidWorks,44,5.0,72,0,False,False,False,True,True,False,False,False,True,False,False,False,False,False,True,False,False,False
Australia,University of Sydney,2020,86.3,91.0,90100,Chemist,Statistical Analysis,Laboratory Skills,Experimental Design,48,33.2,87,1,False,False,False,False,False,True,False,False,False,False,True,False,False,False,False,True,False,False
Saudi Arabia,King Abdulaziz University,2022,92.0,94.8,76800,Pharmacist,Clinical Research,Patient Care,Diagnostics,67,55.4,85,1,False,False,True,False,True,False,False,False,False,True,False,False,False,True,False,False,False,False
Switzerland,EPFL,2022,87.5,92.3,105300,Medical Doctor,Diagnostics,Medical Coding,Patient Care,58,45.8,57,1,True,False,False,False,False,False,False,False,False,True,False,False,False,True,False,False,False,False
Mexico,UNAM,2017,82.9,88.2,19600,Economist,Communication,Public Policy,Qualitative Research,50,14.7,70,0,False,True,False,False,True,False,False,False,False,False,False,True,True,False,False,False,False,False
Sweden,KTH Royal Institute of Technology,2024,82.4,82.4,96800,AI Consultant,Data Visualization,Big Data,Deep Learning,90,65.8,66,0,True,False,False,False,True,False,False,True,False,False,False,False,False,False,False,False,False,True
South Korea,KAIST,2018,99.0,100.0,76600,Public Health Specialist,Patient Care,Medical Coding,Clinical Research,57,14.2,75,1,False,False,False,False,False,True,False,False,False,True,False,False,False,True,False,False,False,False
USA,Georgia Tech,2018,98.4,100.0,122700,AI Consultant,Data Visualization,NLP,Machine Learning,79,5.0,73,1,False,False,False,True,False,True,False,True,False,False,False,False,False,False,False,False,False,True
India,IIT Bombay,2015,99.0,100.0,25700,Software Engineer,React,SQL,DevOps,63,14.1,75,1,False,False,False,False,True,False,True,False,False,False,False,False,False,False,False,False,True,False
South Korea,Seoul National University,2021,76.5,80.3,46300,Sociologist,Qualitative Research,Communication,Data Analysis,74,49.5,75,0,False,False,False,False,True,False,False,False,False,False,False,True,True,False,False,False,False,False
Canada,McGill University,2024,75.3,82.2,83300,Civil Engineer,SolidWorks,MATLAB,AutoCAD,73,90.0,54,0,False,False,False,True,True,False,False,False,True,False,False,False,False,False,True,False,False,False
China,Tsinghua University,2020,73.4,78.8,34400,Biologist,Experimental Design,Statistical Analysis,Laboratory Skills,69,19.3,66,0,False,False,False,False,False,False,False,False,False,False,True,False,False,False,False,True,False,False
Argentina,University of Buenos Aires,2025,79.5,85.3,31200,Management Consultant,Excel,Data Analysis,Financial Modeling,81,88.7,73,0,False,True,False,False,False,True,False,False,False,False,False,False,False,False,False,False,False,False
UAE,Khalifa University,2024,91.3,94.1,95900,Biomedical Researcher,Clinical Research,Medical Coding,Diagnostics,79,83.0,75,1,False,False,True,False,True,False,False,False,False,True,False,False,False,True,False,False,False,False
Brazil,University of São Paulo,2016,77.7,82.4,17800,Civil Engineer,Lean Six Sigma,Project Management,MATLAB,36,5.0,60,0,False,True,False,False,False,False,False,False,True,False,False,False,False,False,True,False,False,False
Canada,McGill University,2021,88.0,90.9,86300,Cybersecurity Analyst,Cloud Computing,Python,DevOps,73,45.4,64,1,False,False,False,True,True,False,True,False,False,False,False,False,False,False,False,False,True,False
UAE,Khalifa University,2021,88.3,95.3,95700,Chemist,Statistical Analysis,Scientific Writing,Laboratory Skills,73,40.0,51,1,False,False,True,False,False,True,False,False,False,False,True,False,False,False,False,True,False,False
Brazil,University of São Paulo,2018,87.9,91.8,23400,Civil Engineer,AutoCAD,Lean Six Sigma,SolidWorks,43,7.8,66,1,False,True,False,False,True,False,False,False,True,False,False,False,False,False,True,False,False,False
Brazil,University of São Paulo,2018,81.3,84.6,21300,Biologist,Statistical Analysis,Laboratory Skills,Experimental Design,62,6.8,67,0,False,True,False,False,False,False,False,False,False,False,True,False,False,False,False,True,False,False
Argentina,University of Buenos Aires,2019,86.8,90.7,22800,Medical Doctor,Diagnostics,Clinical Research,Patient Care,63,5.7,64,1,False,True,False,False,False,False,False,False,False,True,False,False,False,True,False,False,False,False
USA,Georgia Tech,2018,90.3,96.5,68900,Electrical Engineer,Lean Six Sigma,SolidWorks,AutoCAD,60,12.7,53,1,False,False,False,True,False,False,False,False,True,False,False,False,False,False,True,False,False,False
Canada,UBC,2018,79.9,85.5,59300,Management Consultant,Strategic Planning,Financial Modeling,Excel,57,11.9,65,0,False,False,False,True,False,False,False,False,False,False,False,False,False,False,False,False,False,False
Australia,University of Sydney,2017,76.9,81.2,96900,Financial Analyst,Strategic Planning,Excel,Market Research,67,11.6,69,0,False,False,False,False,False,True,False,False,False,False,False,False,False,False,False,False,False,False
Japan,Kyoto University,2019,73.2,76.0,46300,Human Resources Specialist,Data Analysis,Public Policy,Qualitative Research,75,10.2,66,0,False,False,False,False,False,False,False,False,False,False,False,True,True,False,False,False,False,False
Germany,TU Munich,2016,82.2,88.3,49400,Management Consultant,Strategic Planning,Market Research,Excel,41,9.3,64,0,True,False,False,False,False,False,False,False,False,False,False,False,False,False,False,False,False,False
Switzerland,EPFL,2015,75.7,83.2,96200,Investment Banker,Strategic Planning,Excel,Financial Modeling,59,8.2,66,0,True,False,False,False,True,False,False,False,False,False,False,False,False,False,False,False,False,False
China,Tsinghua University,2020,76.1,80.2,29600,Biologist,Statistical Analysis,Experimental Design,Scientific Writing,57,56.1,84,0,False,False,False,False,False,False,False,False,False,False,True,False,False,False,False,True,False,False
Mexico,UNAM,2023,83.1,85.9,34700,Financial Analyst,Market Research,Excel,Data Analysis,65,79.7,51,0,False,True,False,False,True,False,False,False,False,False,False,False,False,False,False,False,False,False
USA,MIT,2015,99.0,100.0,71900,Public Health Specialist,Clinical Research,Patient Care,Diagnostics,64,11.1,84,1,False,False,False,True,False,False,False,False,False,True,False,False,False,True,False,False,False,False
Mexico,UNAM,2020,94.0,100.0,19400,Cybersecurity Analyst,Java,React,SQL,82,53.2,61,1,False,True,False,False,False,False,True,False,False,False,False,False,False,False,False,False,True,False
China,Peking University,2015,81.7,84.7,28300,Sociologist,Communication,Public Policy,Data Analysis,52,5.0,85,0,False,False,False,False,True,False,False,False,False,False,False,True,True,False,False,False,False,False
France,Ecole Polytechnique,2025,87.4,90.7,66800,Cybersecurity Analyst,React,SQL,Python,87,90.0,78,1,True,False,False,False,False,False,True,False,False,False,False,False,False,False,False,False,True,False
UK,Oxford,2018,75.8,82.1,37300,Sociologist,Data Analysis,Communication,Qualitative Research,48,10.3,71,0,True,False,False,False,False,False,False,False,False,False,False,True,True,False,False,False,False,False
Canada,University of Toronto,2017,87.3,89.8,69000,Human Resources Specialist,Qualitative Research,Public Policy,Data Analysis,34,7.2,97,0,False,False,False,True,False,True,False,False,False,False,False,True,True,False,False,False,False,False
USA,UC Berkeley,2022,90.4,95.0,90400,Physicist,Experimental Design,Laboratory Skills,Scientific Writing,46,36.6,60,1,False,False,False,True,True,False,False,False,False,False,True,False,False,False,False,True,False,False
Canada,UBC,2022,87.8,94.5,60100,Sociologist,Qualitative Research,Data Analysis,Public Policy,66,51.1,55,1,False,False,False,True,True,False,False,False,False,False,False,True,True,False,False,False,False,False
Germany,Humboldt University,2015,84.7,90.5,56800,Environmental Scientist,Laboratory Skills,Scientific Writing,Statistical Analysis,39,13.3,76,0,True,False,False,False,True,False,False,False,False,False,True,False,False,False,False,True,False,False
Sweden,KTH Royal Institute of Technology,2016,87.3,93.7,68300,NLP Specialist,Big Data,R,Data Visualization,69,17.9,77,1,True,False,False,False,True,False,False,True,False,False,False,False,False,False,False,False,False,True
Saudi Arabia,King Abdulaziz University,2023,92.9,98.1,106300,AI Consultant,Big Data,Deep Learning,R,78,60.9,80,1,False,False,True,False,False,True,False,True,False,False,False,False,False,False,False,False,False,True
Brazil,University of São Paulo,2020,84.3,92.3,36300,Marketing Manager,Excel,Strategic Planning,Market Research,54,56.7,56,1,False,True,False,False,True,False,False,False,False,False,False,False,False,False,False,False,False,False
Israel,Hebrew University of Jerusalem,2024,82.5,86.6,91800,AI Researcher,Cloud Computing,Java,SQL,82,85.3,73,0,False,False,True,False,True,False,True,False,False,False,False,False,False,False,False,False,True,False
Mexico,UNAM,2023,88.0,92.3,21200,Data Analyst,NLP,Deep Learning,R,68,60.2,58,1,False,True,False,False,False,False,False,True,False,False,False,False,False,False,False,False,False,True
Saudi Arabia,King Abdulaziz University,2016,84.0,90.3,85300,Investment Banker,Data Analysis,Financial Modeling,Excel,37,16.0,89,0,False,False,True,False,False,True,False,False,False,False,False,False,False,False,False,False,False,False
UAE,Khalifa University,2025,87.7,93.7,88200,Public Health Specialist,Patient Care,Medical Coding,Clinical Research,76,83.2,65,1,False,False,True,False,True,False,False,False,False,True,False,False,False,True,False,False,False,False
Brazil,University of São Paulo,2020,83.6,90.9,30900,Chemist,Experimental Design,Scientific Writing,Statistical Analysis,52,50.0,58,1,False,True,False,False,False,True,False,False,False,False,True,False,False,False,False,True,False,False
South Africa,University of Cape Town,2016,87.1,93.9,30200,Chemist,Statistical Analysis,Scientific Writing,Experimental Design,60,5.0,63,1,False,False,True,False,False,True,False,False,False,False,True,False,False,False,False,True,False,False
Sweden,KTH Royal Institute of Technology,2016,83.2,86.1,73000,Biologist,Experimental Design,Laboratory Skills,Scientific Writing,56,6.4,96,0,True,False,False,False,False,True,False,False,False,False,True,False,False,False,False,True,False,False
Netherlands,University of Amsterdam,2025,93.0,100.0,81600,Medical Doctor,Clinical Research,Diagnostics,Medical Coding,70,90.0,92,1,True,False,False,False,False,False,False,False,False,True,False,False,False,True,False,False,False,False
Canada,University of Toronto,2025,78.7,80.3,70300,Robotics Engineer,AutoCAD,Lean Six Sigma,Project Management,69,90.0,84,0,False,False,False,True,False,False,False,False,True,False,False,False,False,False,True,False,False,False
Canada,McGill University,2015,80.3,81.3,88500,Marketing Manager,Market Research,Excel,Strategic Planning,45,8.5,65,0,False,False,False,True,False,True,False,False,False,False,False,False,False,False,False,False,False,False
India,IIT Delhi,2024,99.0,100.0,36700,Pharmacist,Diagnostics,Medical Coding,Clinical Research,65,77.4,71,1,False,False,False,False,True,False,False,False,False,True,False,False,False,True,False,False,False,False
Canada,McGill University,2019,91.9,97.8,74800,Cloud Architect,React,DevOps,SQL,80,12.3,76,1,False,False,False,True,True,False,True,False,False,False,False,False,False,False,False,False,True,False
Canada,UBC,2020,96.2,99.8,99500,Medical Doctor,Diagnostics,Clinical Research,Patient Care,49,29.0,76,1,False,False,False,True,False,True,False,False,False,True,False,False,False,True,False,False,False,False
Brazil,University of São Paulo,2016,82.8,88.8,29900,Pharmacist,Clinical Research,Diagnostics,Medical Coding,37,10.7,73,0,False,True,False,False,True,False,False,False,False,True,False,False,False,True,False,False,False,False
Argentina,University of Buenos Aires,2022,98.9,100.0,25600,Pharmacist,Clinical Research,Patient Care,Medical Coding,63,57.2,76,1,False,True,False,False,False,False,False,False,False,True,False,False,False,True,False,False,False,False
Switzerland,EPFL,2025,88.2,92.4,107500,Cloud Architect,Java,Cybersecurity,Python,78,90.0,76,1,True,False,False,False,False,False,True,False,False,False,False,False,False,False,False,False,True,False
Brazil,University of São Paulo,2024,89.7,93.4,45400,AI Consultant,Data Visualization,Big Data,Machine Learning,77,83.6,54,1,False,True,False,False,True,False,False,True,False,False,False,False,False,False,False,False,False,True
UAE,Khalifa University,2019,73.5,79.0,69800,Management Consultant,Strategic Planning,Financial Modeling,Market Research,73,13.0,72,0,False,False,True,False,False,False,False,False,False,False,False,False,False,False,False,False,False,False
Brazil,University of São Paulo,2022,73.1,79.6,21200,Robotics Engineer,SolidWorks,Project Management,AutoCAD,79,55.6,52,0,False,True,False,False,False,False,False,False,True,False,False,False,False,False,True,False,False,False
Netherlands,TU Delft,2018,76.3,81.1,53800,Robotics Engineer,MATLAB,SolidWorks,AutoCAD,71,13.4,74,0,True,False,False,False,True,False,False,False,True,False,False,False,False,False,True,False,False,False
USA,Stanford,2024,77.1,84.9,76900,Robotics Engineer,Lean Six Sigma,AutoCAD,Project Management,70,59.0,59,0,False,False,False,True,False,False,False,False,True,False,False,False,False,False,True,False,False,False
Singapore,NTU,2023,77.3,83.4,52000,Human Resources Specialist,Communication,Data Analysis,Public Policy,64,69.2,89,0,False,False,False,False,False,False,False,False,False,False,False,True,True,False,False,False,False,False
Brazil,University of São Paulo,2021,99.0,100.0,32400,Public Health Specialist,Clinical Research,Diagnostics,Medical Coding,62,47.2,71,1,False,True,False,False,True,False,False,False,False,True,False,False,False,True,False,False,False,False
South Korea,KAIST,2017,85.2,88.7,69000,Mechanical Engineer,AutoCAD,Lean Six Sigma,SolidWorks,42,22.5,62,0,False,False,False,False,False,True,False,False,True,False,False,False,False,False,True,False,False,False
Saudi Arabia,King Abdulaziz University,2023,73.2,77.7,59000,Human Resources Specialist,Communication,Data Analysis,Qualitative Research,64,74.7,40,0,False,False,True,False,True,False,False,False,False,False,False,True,True,False,False,False,False,False
USA,Georgia Tech,2023,85.5,91.1,105300,Data Scientist,Python,Java,React,75,61.4,65,1,False,False,False,True,True,False,True,False,False,False,False,False,False,False,False,False,True,False
India,IISc Bangalore,2015,80.6,83.2,25100,Investment Banker,Excel,Financial Modeling,Market Research,31,15.1,50,0,False,False,False,False,False,True,False,False,False,False,False,False,False,False,False,False,False,False
Canada,UBC,2019,96.8,100.0,100100,Data Scientist,SQL,Java,Cloud Computing,69,11.1,86,1,False,False,False,True,False,True,True,False,False,False,False,False,False,False,False,False,True,False
Brazil,University of São Paulo,2022,82.2,83.8,37700,Financial Analyst,Data Analysis,Strategic Planning,Financial Modeling,60,60.3,57,0,False,True,False,False,False,True,False,False,False,False,False,False,False,False,False,False,False,False
Argentina,University of Buenos Aires,2017,73.0,78.1,10100,Policy Analyst,Qualitative Research,Public Policy,Data Analysis,64,5.0,60,0,False,True,False,False,False,False,False,False,False,False,False,True,True,False,False,False,False,False
Saudi Arabia,King Abdulaziz University,2021,89.1,91.1,77400,Environmental Scientist,Scientific Writing,Laboratory Skills,Statistical Analysis,60,52.8,68,1,False,False,True,False,False,True,False,False,False,False,True,False,False,False,False,True,False,False
Canada,University of Toronto,2021,83.8,91.8,53900,Environmental Scientist,Laboratory Skills,Experimental Design,Statistical Analysis,63,39.7,62,1,False,False,False,True,True,False,False,False,False,False,True,False,False,False,False,True,False,False
Argentina,University of Buenos Aires,2022,87.5,93.8,38600,Civil Engineer,Lean Six Sigma,SolidWorks,MATLAB,67,53.4,66,1,False,True,False,False,False,True,False,False,True,False,False,False,False,False,True,False,False,False
Switzerland,EPFL,2016,84.0,92.0,80300,Environmental Scientist,Experimental Design,Scientific Writing,Laboratory Skills,63,5.0,73,1,True,False,False,False,True,False,False,False,False,False,True,False,False,False,False,True,False,False
USA,Stanford,2020,96.1,99.8,126100,Cybersecurity Analyst,Cloud Computing,DevOps,SQL,100,27.2,53,1,False,False,False,True,False,True,True,False,False,False,False,False,False,False,False,False,True,False
Japan,Kyoto University,2022,91.8,95.2,57400,Environmental Scientist,Experimental Design,Statistical Analysis,Laboratory Skills,61,70.8,69,1,False,False,False,False,True,False,False,False,False,False,True,False,False,False,False,True,False,False
China,Fudan University,2023,94.1,99.6,54900,AI Consultant,Big Data,NLP,Machine Learning,96,82.9,74,1,False,False,False,False,True,False,False,True,False,False,False,False,False,False,False,False,False,True
Japan,Kyoto University,2018,94.1,100.0,85600,Biomedical Researcher,Medical Coding,Patient Care,Clinical Research,56,10.0,87,1,False,False,False,False,False,True,False,False,False,True,False,False,False,True,False,False,False,False
Japan,University of Tokyo,2025,83.7,88.7,88400,Pharmacist,Diagnostics,Patient Care,Medical Coding,63,86.9,76,0,False,False,False,False,True,False,False,False,False,True,False,False,False,True,False,False,False,False
Switzerland,ETH Zurich,2018,92.4,93.6,153400,Data Analyst,NLP,R,Big Data,66,14.5,40,1,True,False,False,False,False,True,False,True,False,False,False,False,False,False,False,False,False,True
Argentina,University of Buenos Aires,2019,82.6,90.2,19100,Economist,Qualitative Research,Public Policy,Data Analysis,56,5.0,76,0,False,True,False,False,False,False,False,False,False,False,False,True,True,False,False,False,False,False
Mexico,UNAM,2019,85.9,89.5,33100,Management Consultant,Market Research,Data Analysis,Excel,58,7.3,57,0,False,True,False,False,True,False,False,False,False,False,False,False,False,False,False,False,False,False
France,PSL University,2021,85.3,88.5,78700,Software Engineer,SQL,Cybersecurity,DevOps,70,35.1,72,0,True,False,False,False,True,False,True,False,False,False,False,False,False,False,False,False,True,False
USA,Harvard,2023,80.3,82.3,106000,Marketing Manager,Market Research,Excel,Data Analysis,74,86.9,60,0,False,False,False,True,True,False,False,False,False,False,False,False,False,False,False,False,False,False
France,PSL University,2022,83.8,92.1,51500,Human Resources Specialist,Public Policy,Qualitative Research,Communication,58,46.7,79,1,True,False,False,False,True,False,False,False,False,False,False,True,True,False,False,False,False,False
China,Tsinghua University,2020,90.0,93.9,42300,Software Engineer,SQL,Python,React,89,45.3,58,1,False,False,False,False,False,False,True,False,False,False,False,False,False,False,False,False,True,False
China,Fudan University,2017,86.2,92.6,60900,Machine Learning Engineer,Machine Learning,Data Visualization,Deep Learning,71,7.8,69,1,False,False,False,False,False,True,False,True,False,False,False,False,False,False,False,False,False,True
UAE,Khalifa University,2024,94.5,100.0,79500,NLP Specialist,NLP,R,Big Data,86,87.6,76,1,False,False,True,False,False,False,False,True,False,False,False,False,False,False,False,False,False,True
Germany,TU Munich,2024,92.4,97.1,119900,Biomedical Researcher,Medical Coding,Diagnostics,Patient Care,73,76.3,64,1,True,False,False,False,False,True,False,False,False,True,False,False,False,True,False,False,False,False
UK,Imperial College London,2021,84.7,88.2,67600,Mechanical Engineer,Project Management,AutoCAD,SolidWorks,67,51.2,75,0,True,False,False,False,False,False,False,False,True,False,False,False,False,False,True,False,False,False
South Africa,University of Cape Town,2018,95.9,100.0,29500,Data Scientist,SQL,DevOps,Java,75,15.2,73,1,False,False,True,False,False,False,True,False,False,False,False,False,False,False,False,False,True,False
Argentina,University of Buenos Aires,2019,81.6,86.4,17600,Electrical Engineer,AutoCAD,Lean Six Sigma,SolidWorks,58,7.1,58,0,False,True,False,False,False,False,False,False,True,False,False,False,False,False,True,False,False,False
Argentina,University of Buenos Aires,2018,74.3,77.5,15700,Robotics Engineer,AutoCAD,Lean Six Sigma,Project Management,54,10.5,65,0,False,True,False,False,True,False,False,False,True,False,False,False,False,False,True,False,False,False
Brazil,University of São Paulo,2021,90.9,98.0,23200,Chemist,Laboratory Skills,Scientific Writing,Statistical Analysis,66,69.1,55,1,False,True,False,False,False,True,False,False,False,False,True,False,False,False,False,True,False,False
Mexico,UNAM,2022,86.4,91.9,39900,Cybersecurity Analyst,Cybersecurity,SQL,DevOps,71,60.1,75,1,False,True,False,False,True,False,True,False,False,False,False,False,False,False,False,False,True,False
Saudi Arabia,King Abdulaziz University,2016,83.6,88.8,35300,Economist,Data Analysis,Public Policy,Qualitative Research,46,7.2,82,0,False,False,True,False,False,False,False,False,False,False,False,True,True,False,False,False,False,False
France,Ecole Polytechnique,2018,95.8,100.0,70000,NLP Specialist,NLP,R,Deep Learning,59,15.7,100,1,True,False,False,False,True,False,False,True,False,False,False,False,False,False,False,False,False,True
Israel,Technion,2018,96.0,100.0,109400,Pharmacist,Clinical Research,Patient Care,Diagnostics,53,10.9,50,1,False,False,True,False,False,True,False,False,False,True,False,False,False,True,False,False,False,False
South Africa,University of Cape Town,2022,93.7,99.8,41300,Cybersecurity Analyst,DevOps,React,SQL,94,52.3,62,1,False,False,True,False,True,False,True,False,False,False,False,False,False,False,False,False,True,False
Canada,McGill University,2019,80.5,85.9,81800,Civil Engineer,MATLAB,Lean Six Sigma,Project Management,57,5.9,94,0,False,False,False,True,True,False,False,False,True,False,False,False,False,False,True,False,False,False
Germany,Humboldt University,2024,87.4,91.5,119400,Public Health Specialist,Patient Care,Clinical Research,Diagnostics,47,73.5,55,1,True,False,False,False,False,True,False,False,False,True,False,False,False,True,False,False,False,False
USA,MIT,2016,79.6,86.4,102800,Mechanical Engineer,Lean Six Sigma,AutoCAD,Project Management,65,13.9,66,0,False,False,False,True,False,True,False,False,True,False,False,False,False,False,True,False,False,False
South Africa,University of Cape Town,2017,82.4,87.1,31000,Data Analyst,Data Visualization,R,Deep Learning,65,13.5,100,0,False,False,True,False,False,False,False,True,False,False,False,False,False,False,False,False,False,True
Mexico,UNAM,2018,83.0,87.3,37100,Software Engineer,SQL,Python,Cybersecurity,77,10.4,59,0,False,True,False,False,False,True,True,False,False,False,False,False,False,False,False,False,True,False
Saudi Arabia,King Abdulaziz University,2021,76.8,79.9,91900,Financial Analyst,Strategic Planning,Market Research,Financial Modeling,68,39.8,78,0,False,False,True,False,False,True,False,False,False,False,False,False,False,False,False,False,False,False
UAE,Khalifa University,2017,98.8,100.0,57600,AI Consultant,Big Data,Machine Learning,Data Visualization,71,11.7,61,1,False,False,True,False,False,False,False,True,False,False,False,False,False,False,False,False,False,True
Germany,Humboldt University,2015,82.9,89.8,52100,Mechanical Engineer,MATLAB,Project Management,SolidWorks,57,9.1,67,0,True,False,False,False,False,False,False,False,True,False,False,False,False,False,True,False,False,False
UAE,Khalifa University,2015,84.7,87.9,63200,Civil Engineer,SolidWorks,Project Management,AutoCAD,50,8.3,67,0,False,False,True,False,False,False,False,False,True,False,False,False,False,False,True,False,False,False
South Africa,University of Cape Town,2022,79.2,87.8,31100,Civil Engineer,Project Management,AutoCAD,MATLAB,69,35.1,88,0,False,False,True,False,True,False,False,False,True,False,False,False,False,False,True,False,False,False
Sweden,KTH Royal Institute of Technology,2017,78.2,84.6,59100,Marketing Manager,Financial Modeling,Excel,Strategic Planning,45,7.6,92,0,True,False,False,False,False,False,False,False,False,False,False,False,False,False,False,False,False,False
Argentina,University of Buenos Aires,2025,73.7,78.5,32600,Marketing Manager,Market Research,Excel,Data Analysis,69,90.0,70,0,False,True,False,False,False,True,False,False,False,False,False,False,False,False,False,False,False,False
Australia,University of Sydney,2022,95.2,100.0,74000,Medical Doctor,Patient Care,Clinical Research,Medical Coding,56,71.5,72,1,False,False,False,False,False,False,False,False,False,True,False,False,False,True,False,False,False,False
South Africa,University of Cape Town,2021,90.9,93.7,32900,Public Health Specialist,Diagnostics,Patient Care,Medical Coding,56,50.0,67,1,False,False,True,False,False,False,False,False,False,True,False,False,False,True,False,False,False,False
Canada,McGill University,2015,81.1,87.8,50800,Environmental Scientist,Statistical Analysis,Experimental Design,Laboratory Skills,50,15.3,75,0,False,False,False,True,False,False,False,False,False,False,True,False,False,False,False,True,False,False
Saudi Arabia,King Abdulaziz University,2017,81.2,84.3,60200,Electrical Engineer,AutoCAD,Project Management,SolidWorks,59,9.8,62,0,False,False,True,False,True,False,False,False,True,False,False,False,False,False,True,False,False,False
Mexico,UNAM,2020,76.7,80.9,40700,Marketing Manager,Strategic Planning,Data Analysis,Financial Modeling,70,43.2,69,0,False,True,False,False,False,True,False,False,False,False,False,False,False,False,False,False,False,False
USA,Stanford,2019,93.9,95.9,120100,Cybersecurity Analyst,Cloud Computing,Python,SQL,74,18.1,60,1,False,False,False,True,False,True,True,False,False,False,False,False,False,False,False,False,True,False
Argentina,University of Buenos Aires,2019,87.3,92.1,17800,Medical Doctor,Medical Coding,Diagnostics,Patient Care,52,12.4,72,1,False,True,False,False,False,False,False,False,False,True,False,False,False,True,False,False,False,False
Brazil,University of São Paulo,2019,76.0,80.3,33700,Mechanical Engineer,Lean Six Sigma,Project Management,AutoCAD,55,12.3,58,0,False,True,False,False,True,False,False,False,True,False,False,False,False,False,True,False,False,False
Sweden,Karolinska Institute,2023,95.9,99.0,71500,AI Researcher,Java,React,Cybersecurity,81,64.7,100,1,True,False,False,False,False,False,True,False,False,False,False,False,False,False,False,False,True,False
Canada,McGill University,2024,89.6,92.1,70300,Biologist,Experimental Design,Statistical Analysis,Scientific Writing,58,73.1,57,1,False,False,False,True,True,False,False,False,False,False,True,False,False,False,False,True,False,False
China,Fudan University,2022,89.5,92.8,63600,Cloud Architect,SQL,DevOps,React,95,72.2,84,1,False,False,False,False,False,True,True,False,False,False,False,False,False,False,False,False,True,False
USA,Stanford,2025,91.7,95.7,122700,Data Analyst,NLP,Data Visualization,R,80,90.0,52,1,False,False,False,True,True,False,False,True,False,False,False,False,False,False,False,False,False,True
Germany,TU Munich,2019,88.8,97.6,91800,Investment Banker,Data Analysis,Strategic Planning,Financial Modeling,61,15.5,66,1,True,False,False,False,False,True,False,False,False,False,False,False,False,False,False,False,False,False
China,Tsinghua University,2024,83.1,89.2,34600,Marketing Manager,Strategic Planning,Data Analysis,Financial Modeling,68,77.6,84,0,False,False,False,False,False,False,False,False,False,False,False,False,False,False,False,False,False,False
South Africa,University of Cape Town,2017,86.1,89.1,23100,Cybersecurity Analyst,SQL,Python,Cloud Computing,74,5.0,59,0,False,False,True,False,False,False,True,False,False,False,False,False,False,False,False,False,True,False
USA,UC Berkeley,2022,78.7,80.7,54000,Sociologist,Public Policy,Data Analysis,Qualitative Research,64,72.5,72,0,False,False,False,True,False,False,False,False,False,False,False,True,True,False,False,False,False,False
South Africa,University of Cape Town,2023,97.9,100.0,51300,Biomedical Researcher,Medical Coding,Diagnostics,Patient Care,66,70.2,81,1,False,False,True,False,True,False,False,False,False,True,False,False,False,True,False,False,False,False
South Africa,University of Cape Town,2015,70.6,76.6,18900,Biologist,Experimental Design,Statistical Analysis,Scientific Writing,38,5.2,70,0,False,False,True,False,False,False,False,False,False,False,True,False,False,False,False,True,False,False
South Africa,University of Cape Town,2015,75.9,81.3,40000,Investment Banker,Market Research,Excel,Strategic Planning,59,5.0,89,0,False,False,True,False,False,True,False,False,False,False,False,False,False,False,False,False,False,False
Switzerland,ETH Zurich,2022,90.6,94.8,81500,Electrical Engineer,Project Management,AutoCAD,MATLAB,65,41.1,69,1,True,False,False,False,False,False,False,False,True,False,False,False,False,False,True,False,False,False
Argentina,University of Buenos Aires,2020,90.8,94.7,26000,Biomedical Researcher,Medical Coding,Clinical Research,Diagnostics,50,51.3,70,1,False,True,False,False,True,False,False,False,False,True,False,False,False,True,False,False,False,False
Israel,Technion,2021,88.6,92.7,96400,Cybersecurity Analyst,DevOps,SQL,Java,90,33.8,51,1,False,False,True,False,True,False,True,False,False,False,False,False,False,False,False,False,True,False
Brazil,University of São Paulo,2019,85.4,86.8,38000,Cybersecurity Analyst,Java,DevOps,React,96,5.0,72,0,False,True,False,False,True,False,True,False,False,False,False,False,False,False,False,False,True,False
Saudi Arabia,King Abdulaziz University,2018,67.2,71.7,53900,Biologist,Scientific Writing,Laboratory Skills,Experimental Design,60,11.8,83,0,False,False,True,False,True,False,False,False,False,False,True,False,False,False,False,True,False,False
Switzerland,EPFL,2016,86.6,90.2,123100,Investment Banker,Financial Modeling,Market Research,Data Analysis,37,5.0,48,0,True,False,False,False,False,True,False,False,False,False,False,False,False,False,False,False,False,False
Switzerland,EPFL,2025,83.7,89.2,138100,Cybersecurity Analyst,Java,Python,React,87,89.0,90,0,True,False,False,False,True,False,True,False,False,False,False,False,False,False,False,False,True,False
UK,Cambridge,2020,84.3,89.4,58400,Physicist,Scientific Writing,Experimental Design,Laboratory Skills,58,63.0,48,0,True,False,False,False,True,False,False,False,False,False,True,False,False,False,False,True,False,False
France,Ecole Polytechnique,2024,93.3,97.3,71000,Software Engineer,Python,SQL,Cybersecurity,100,61.5,62,1,True,False,False,False,False,False,True,False,False,False,False,False,False,False,False,False,True,False
Germany,Heidelberg University,2019,93.3,96.1,72900,Cloud Architect,Cybersecurity,Cloud Computing,SQL,82,9.1,62,1,True,False,False,False,True,False,True,False,False,False,False,False,False,False,False,False,True,False
Canada,University of Toronto,2024,78.7,81.5,72100,Investment Banker,Excel,Strategic Planning,Market Research,96,75.1,40,0,False,False,False,True,False,False,False,False,False,False,False,False,False,False,False,False,False,False
Argentina,University of Buenos Aires,2015,86.7,93.3,24400,NLP Specialist,Data Visualization,R,Deep Learning,73,12.0,64,1,False,True,False,False,False,True,False,True,False,False,False,False,False,False,False,False,False,True
Mexico,UNAM,2021,79.4,84.2,19500,Sociologist,Data Analysis,Public Policy,Qualitative Research,70,53.4,77,0,False,True,False,False,True,False,False,False,False,False,False,True,True,False,False,False,False,False
Germany,Heidelberg University,2017,84.4,90.0,44700,Policy Analyst,Public Policy,Data Analysis,Communication,57,15.9,60,0,True,False,False,False,False,False,False,False,False,False,False,True,True,False,False,False,False,False
UK,LSE,2016,74.1,79.4,45600,Electrical Engineer,MATLAB,Lean Six Sigma,SolidWorks,33,12.3,68,0,True,False,False,False,False,False,False,False,True,False,False,False,False,False,True,False,False,False
Saudi Arabia,King Abdulaziz University,2016,77.9,82.5,66700,Financial Analyst,Market Research,Excel,Data Analysis,63,16.9,59,0,False,False,True,False,True,False,False,False,False,False,False,False,False,False,False,False,False,False
Argentina,University of Buenos Aires,2021,82.7,88.5,23500,Mechanical Engineer,Project Management,MATLAB,AutoCAD,59,62.8,41,0,False,True,False,False,True,False,False,False,True,False,False,False,False,False,True,False,False,False
Canada,McGill University,2022,82.2,88.2,52500,Biologist,Experimental Design,Scientific Writing,Statistical Analysis,77,72.0,65,0,False,False,False,True,False,False,False,False,False,False,True,False,False,False,False,True,False,False
Brazil,University of São Paulo,2021,79.4,86.3,37800,Policy Analyst,Communication,Data Analysis,Public Policy,80,62.1,71,0,False,True,False,False,False,True,False,False,False,False,False,True,True,False,False,False,False,False
France,Ecole Polytechnique,2020,72.4,78.0,53300,Financial Analyst,Strategic Planning,Financial Modeling,Data Analysis,48,32.1,52,0,True,False,False,False,False,False,False,False,False,False,False,False,False,False,False,False,False,False
Israel,Hebrew University of Jerusalem,2017,79.9,85.4,42300,Sociologist,Data Analysis,Public Policy,Communication,47,15.3,66,0,False,False,True,False,False,False,False,False,False,False,False,True,True,False,False,False,False,False
Australia,University of Sydney,2016,92.4,100.0,72500,Data Scientist,DevOps,Cybersecurity,Java,75,8.2,47,1,False,False,False,False,True,False,True,False,False,False,False,False,False,False,False,False,True,False
France,Ecole Polytechnique,2023,84.2,88.4,95100,Investment Banker,Market Research,Strategic Planning,Data Analysis,49,61.5,91,0,True,False,False,False,False,True,False,False,False,False,False,False,False,False,False,False,False,False
Argentina,University of Buenos Aires,2022,78.6,84.9,32900,Physicist,Laboratory Skills,Statistical Analysis,Scientific Writing,52,74.0,73,0,False,True,False,False,False,True,False,False,False,False,True,False,False,False,False,True,False,False
Argentina,University of Buenos Aires,2021,72.7,79.0,24200,Biologist,Experimental Design,Scientific Writing,Laboratory Skills,61,58.5,83,0,False,True,False,False,True,False,False,False,False,False,True,False,False,False,False,True,False,False
Saudi Arabia,King Abdulaziz University,2025,88.2,94.8,90400,NLP Specialist,Machine Learning,Deep Learning,R,89,81.3,56,1,False,False,True,False,True,False,False,True,False,False,False,False,False,False,False,False,False,True
China,Fudan University,2018,87.4,94.7,28700,Cybersecurity Analyst,SQL,DevOps,Java,77,7.4,82,1,False,False,False,False,False,False,True,False,False,False,False,False,False,False,False,False,True,False
Canada,University of Toronto,2019,80.5,85.1,45800,Physicist,Experimental Design,Laboratory Skills,Statistical Analysis,65,5.0,57,0,False,False,False,True,False,False,False,False,False,False,True,False,False,False,False,True,False,False
Argentina,University of Buenos Aires,2023,81.7,89.1,15500,Human Resources Specialist,Communication,Public Policy,Data Analysis,60,64.9,83,0,False,True,False,False,False,True,False,False,False,False,False,True,True,False,False,False,False,False
South Africa,University of Cape Town,2018,82.6,88.9,38000,Policy Analyst,Public Policy,Communication,Qualitative Research,45,16.9,100,0,False,False,True,False,False,True,False,False,False,False,False,True,True,False,False,False,False,False
Singapore,NUS,2016,80.8,84.7,83300,Data Scientist,Java,React,Cloud Computing,78,7.9,89,0,False,False,False,False,True,False,True,False,False,False,False,False,False,False,False,False,True,False
Singapore,NTU,2021,77.7,82.8,88700,Mechanical Engineer,Project Management,Lean Six Sigma,SolidWorks,53,48.2,61,0,False,False,False,False,True,False,False,False,True,False,False,False,False,False,True,False,False,False
Japan,University of Tokyo,2016,90.6,92.7,49500,Electrical Engineer,AutoCAD,Project Management,Lean Six Sigma,32,8.8,47,1,False,False,False,False,False,False,False,False,True,False,False,False,False,False,True,False,False,False
UK,LSE,2023,95.0,100.0,83800,Cloud Architect,SQL,Cybersecurity,DevOps,88,68.1,40,1,True,False,False,False,True,False,True,False,False,False,False,False,False,False,False,False,True,False
Canada,UBC,2016,93.4,99.6,100300,Data Analyst,R,Machine Learning,NLP,64,7.8,47,1,False,False,False,True,False,True,False,True,False,False,False,False,False,False,False,False,False,True
Brazil,University of São Paulo,2024,87.5,89.3,36800,Data Scientist,SQL,Python,React,91,74.8,61,0,False,True,False,False,False,True,True,False,False,False,False,False,False,False,False,False,True,False
France,PSL University,2023,66.8,74.9,74500,Physicist,Statistical Analysis,Experimental Design,Scientific Writing,55,65.9,48,0,True,False,False,False,False,True,False,False,False,False,True,False,False,False,False,True,False,False
South Korea,KAIST,2023,80.7,84.1,47900,Chemist,Experimental Design,Laboratory Skills,Scientific Writing,62,86.8,68,0,False,False,False,False,False,False,False,False,False,False,True,False,False,False,False,True,False,False
Israel,Technion,2025,78.3,79.5,116200,Electrical Engineer,SolidWorks,Lean Six Sigma,Project Management,68,90.0,86,0,False,False,True,False,False,True,False,False,True,False,False,False,False,False,True,False,False,False
India,IIT Bombay,2018,74.4,78.2,9500,Management Consultant,Financial Modeling,Excel,Market Research,55,9.3,68,0,False,False,False,False,False,False,False,False,False,False,False,False,False,False,False,False,False,False
South Korea,Seoul National University,2022,76.7,83.6,54300,Physicist,Laboratory Skills,Experimental Design,Scientific Writing,68,56.8,94,0,False,False,False,False,True,False,False,False,False,False,True,False,False,False,False,True,False,False
Saudi Arabia,King Abdulaziz University,2023,95.9,95.9,89400,Public Health Specialist,Medical Coding,Clinical Research,Diagnostics,81,77.9,100,1,False,False,True,False,True,False,False,False,False,True,False,False,False,True,False,False,False,False
France,Ecole Polytechnique,2016,99.0,100.0,69900,AI Researcher,Python,Cloud Computing,Java,85,20.0,73,1,True,False,False,False,True,False,True,False,False,False,False,False,False,False,False,False,True,False
Brazil,University of São Paulo,2021,79.7,85.5,19400,Physicist,Laboratory Skills,Scientific Writing,Statistical Analysis,62,37.5,45,0,False,True,False,False,True,False,False,False,False,False,True,False,False,False,False,True,False,False
Mexico,UNAM,2015,95.3,100.0,21000,Software Engineer,Cloud Computing,SQL,Java,79,15.3,68,1,False,True,False,False,True,False,True,False,False,False,False,False,False,False,False,False,True,False
Switzerland,ETH Zurich,2016,89.0,93.5,93300,Software Engineer,Cloud Computing,SQL,React,67,10.3,76,1,True,False,False,False,True,False,True,False,False,False,False,False,False,False,False,False,True,False
Switzerland,ETH Zurich,2016,81.6,82.8,107600,Biologist,Statistical Analysis,Laboratory Skills,Experimental Design,47,10.2,88,0,True,False,False,False,False,True,False,False,False,False,True,False,False,False,False,True,False,False
UAE,Khalifa University,2019,85.6,91.1,68700,Sociologist,Public Policy,Qualitative Research,Data Analysis,58,14.7,60,1,False,False,True,False,False,True,False,False,False,False,False,True,True,False,False,False,False,False
Brazil,University of São Paulo,2015,81.2,84.9,17600,Policy Analyst,Qualitative Research,Public Policy,Communication,55,6.4,73,0,False,True,False,False,True,False,False,False,False,False,False,True,True,False,False,False,False,False
Canada,University of Toronto,2020,82.3,86.4,63900,Biologist,Experimental Design,Scientific Writing,Laboratory Skills,56,41.0,73,0,False,False,False,True,True,False,False,False,False,False,True,False,False,False,False,True,False,False
Switzerland,ETH Zurich,2017,98.5,100.0,91000,Machine Learning Engineer,Deep Learning,Big Data,Machine Learning,73,5.0,75,1,True,False,False,False,False,False,False,True,False,False,False,False,False,False,False,False,False,True
Brazil,University of São Paulo,2025,78.6,82.9,16400,Sociologist,Qualitative Research,Data Analysis,Public Policy,72,84.5,61,0,False,True,False,False,False,False,False,False,False,False,False,True,True,False,False,False,False,False
Saudi Arabia,King Abdulaziz University,2015,84.4,88.3,79800,Robotics Engineer,SolidWorks,Project Management,MATLAB,47,18.2,66,0,False,False,True,False,False,True,False,False,True,False,False,False,False,False,True,False,False,False
Switzerland,EPFL,2021,77.8,81.7,104900,Electrical Engineer,Lean Six Sigma,SolidWorks,MATLAB,56,37.2,53,0,True,False,False,False,True,False,False,False,True,False,False,False,False,False,True,False,False,False
India,IISc Bangalore,2021,83.0,87.2,12600,Policy Analyst,Communication,Data Analysis,Qualitative Research,59,62.7,89,0,False,False,False,False,False,False,False,False,False,False,False,True,True,False,False,False,False,False
Canada,UBC,2019,76.8,80.1,43300,Policy Analyst,Qualitative Research,Communication,Public Policy,64,9.0,64,0,False,False,False,True,False,False,False,False,False,False,False,True,True,False,False,False,False,False
Germany,Humboldt University,2018,76.2,81.8,52100,Robotics Engineer,AutoCAD,Lean Six Sigma,MATLAB,42,15.0,61,0,True,False,False,False,False,False,False,False,True,False,False,False,False,False,True,False,False,False
Germany,Heidelberg University,2015,83.3,88.3,57700,Medical Doctor,Patient Care,Medical Coding,Clinical Research,46,9.7,92,0,True,False,False,False,False,False,False,False,False,True,False,False,False,True,False,False,False,False
Brazil,University of São Paulo,2017,76.0,79.6,24400,Management Consultant,Strategic Planning,Financial Modeling,Market Research,59,16.5,74,0,False,True,False,False,False,False,False,False,False,False,False,False,False,False,False,False,False,False
Mexico,UNAM,2018,84.3,92.1,22600,Sociologist,Qualitative Research,Public Policy,Data Analysis,36,13.3,84,1,False,True,False,False,True,False,False,False,False,False,False,True,True,False,False,False,False,False
Sweden,KTH Royal Institute of Technology,2019,76.8,80.1,64500,Investment Banker,Data Analysis,Financial Modeling,Strategic Planning,50,7.6,73,0,True,False,False,False,True,False,False,False,False,False,False,False,False,False,False,False,False,False
Mexico,UNAM,2015,85.4,88.7,20000,Chemist,Experimental Design,Scientific Writing,Statistical Analysis,41,16.6,79,0,False,True,False,False,False,False,False,False,False,False,True,False,False,False,False,True,False,False
Brazil,University of São Paulo,2019,92.4,97.3,28600,NLP Specialist,Deep Learning,Data Visualization,Machine Learning,83,8.3,74,1,False,True,False,False,False,False,False,True,False,False,False,False,False,False,False,False,False,True
UAE,Khalifa University,2025,87.8,91.5,94500,AI Consultant,Deep Learning,Data Visualization,NLP,86,80.7,61,1,False,False,True,False,True,False,False,True,False,False,False,False,False,False,False,False,False,True
Mexico,UNAM,2018,82.7,87.6,13200,Financial Analyst,Data Analysis,Strategic Planning,Financial Modeling,38,5.8,75,0,False,True,False,False,False,False,False,False,False,False,False,False,False,False,False,False,False,False
Mexico,UNAM,2025,89.5,94.4,41600,Public Health Specialist,Patient Care,Clinical Research,Diagnostics,73,75.6,78,1,False,True,False,False,False,True,False,False,False,True,False,False,False,True,False,False,False,False
South Africa,University of Cape Town,2025,81.2,86.1,31100,Physicist,Scientific Writing,Experimental Design,Statistical Analysis,64,79.8,65,0,False,False,True,False,True,False,False,False,False,False,True,False,False,False,False,True,False,False
USA,Stanford,2018,84.4,92.8,105800,NLP Specialist,NLP,Big Data,Deep Learning,73,10.2,53,1,False,False,False,True,True,False,False,True,False,False,False,False,False,False,False,False,False,True
UAE,Khalifa University,2023,87.5,90.4,73100,Machine Learning Engineer,Data Visualization,Big Data,R,83,65.9,97,0,False,False,True,False,False,False,False,True,False,False,False,False,False,False,False,False,False,True
Brazil,University of São Paulo,2019,80.5,86.0,12600,Economist,Data Analysis,Qualitative Research,Communication,47,13.4,64,0,False,True,False,False,False,False,False,False,False,False,False,True,True,False,False,False,False,False
Argentina,University of Buenos Aires,2022,83.3,86.1,7000,Management Consultant,Market Research,Strategic Planning,Financial Modeling,53,66.9,64,0,False,True,False,False,False,False,False,False,False,False,False,False,False,False,False,False,False,False
Canada,McGill University,2018,87.3,91.0,65300,Environmental Scientist,Scientific Writing,Statistical Analysis,Laboratory Skills,63,6.2,100,1,False,False,False,True,True,False,False,False,False,False,True,False,False,False,False,True,False,False
UAE,Khalifa University,2017,95.1,100.0,58500,Biomedical Researcher,Patient Care,Diagnostics,Clinical Research,57,6.6,67,1,False,False,True,False,False,False,False,False,False,True,False,False,False,True,False,False,False,False
Mexico,UNAM,2023,81.1,86.8,7000,Economist,Data Analysis,Communication,Public Policy,67,40.3,51,0,False,True,False,False,False,False,False,False,False,False,False,True,True,False,False,False,False,False
Germany,Heidelberg University,2019,91.5,97.0,59400,Software Engineer,Python,Cybersecurity,DevOps,76,13.2,54,1,True,False,False,False,False,False,True,False,False,False,False,False,False,False,False,False,True,False
Singapore,NTU,2020,92.4,98.1,75700,Software Engineer,Java,Cybersecurity,Python,78,58.3,77,1,False,False,False,False,False,False,True,False,False,False,False,False,False,False,False,False,True,False
Australia,ANU,2018,84.2,90.7,68700,Economist,Public Policy,Qualitative Research,Communication,50,15.4,75,1,False,False,False,False,False,True,False,False,False,False,False,True,True,False,False,False,False,False
Canada,University of Toronto,2016,92.7,96.9,66500,AI Consultant,Machine Learning,Big Data,Deep Learning,77,14.7,72,1,False,False,False,True,True,False,False,True,False,False,False,False,False,False,False,False,False,True
Canada,UBC,2022,90.4,96.6,101800,Machine Learning Engineer,Big Data,Deep Learning,Machine Learning,92,59.0,81,1,False,False,False,True,True,False,False,True,False,False,False,False,False,False,False,False,False,True
UAE,Khalifa University,2017,77.9,80.3,51600,Civil Engineer,Project Management,AutoCAD,MATLAB,56,11.6,87,0,False,False,True,False,False,False,False,False,True,False,False,False,False,False,True,False,False,False
Germany,TU Munich,2022,88.6,91.2,78700,Data Analyst,Machine Learning,Data Visualization,Deep Learning,88,71.1,81,1,True,False,False,False,False,False,False,True,False,False,False,False,False,False,False,False,False,True
USA,Stanford,2019,80.2,84.3,71200,Economist,Data Analysis,Public Policy,Communication,50,9.7,68,0,False,False,False,True,True,False,False,False,False,False,False,True,True,False,False,False,False,False
Mexico,UNAM,2015,89.4,94.1,22500,Machine Learning Engineer,Big Data,Deep Learning,Data Visualization,62,14.7,71,1,False,True,False,False,False,False,False,True,False,False,False,False,False,False,False,False,False,True
USA,Stanford,2021,76.3,78.6,71400,Civil Engineer,AutoCAD,SolidWorks,Lean Six Sigma,75,55.5,45,0,False,False,False,True,False,False,False,False,True,False,False,False,False,False,True,False,False,False
Singapore,NTU,2024,85.9,91.1,97600,Robotics Engineer,Lean Six Sigma,Project Management,SolidWorks,83,82.2,48,1,False,False,False,False,True,False,False,False,True,False,False,False,False,False,True,False,False,False
Switzerland,EPFL,2019,92.5,96.3,122500,Data Analyst,Big Data,Deep Learning,Machine Learning,83,5.0,84,1,True,False,False,False,True,False,False,True,False,False,False,False,False,False,False,False,False,True
Mexico,UNAM,2016,78.1,82.8,26900,Financial Analyst,Market Research,Financial Modeling,Excel,56,10.8,58,0,False,True,False,False,False,True,False,False,False,False,False,False,False,False,False,False,False,False
USA,Georgia Tech,2022,84.3,88.9,82000,Medical Doctor,Diagnostics,Medical Coding,Clinical Research,74,60.0,82,0,False,False,False,True,False,False,False,False,False,True,False,False,False,True,False,False,False,False
Saudi Arabia,King Abdulaziz University,2015,77.1,81.7,52700,Mechanical Engineer,Lean Six Sigma,AutoCAD,SolidWorks,71,17.2,44,0,False,False,True,False,False,False,False,False,True,False,False,False,False,False,True,False,False,False
Australia,ANU,2019,90.0,96.7,74400,Data Analyst,R,Big Data,Deep Learning,70,5.8,59,1,False,False,False,False,False,False,False,True,False,False,False,False,False,False,False,False,False,True
Canada,McGill University,2018,84.1,86.7,53300,Robotics Engineer,AutoCAD,Project Management,MATLAB,49,5.0,85,0,False,False,False,True,False,False,False,False,True,False,False,False,False,False,True,False,False,False
Canada,UBC,2016,91.4,95.8,102700,Public Health Specialist,Medical Coding,Patient Care,Clinical Research,56,17.4,76,1,False,False,False,True,False,True,False,False,False,True,False,False,False,True,False,False,False,False
China,Tsinghua University,2015,71.9,74.7,22600,Physicist,Laboratory Skills,Scientific Writing,Experimental Design,50,6.7,72,0,False,False,False,False,False,False,False,False,False,False,True,False,False,False,False,True,False,False
India,IISc Bangalore,2016,87.7,90.4,31200,Pharmacist,Clinical Research,Medical Coding,Diagnostics,67,14.4,95,0,False,False,False,False,False,True,False,False,False,True,False,False,False,True,False,False,False,False
Canada,UBC,2015,90.9,98.5,99900,Data Analyst,NLP,Big Data,Machine Learning,69,11.1,69,1,False,False,False,True,False,True,False,True,False,False,False,False,False,False,False,False,False,True
Japan,Kyoto University,2023,99.0,100.0,78900,AI Researcher,React,Cloud Computing,SQL,89,69.4,72,1,False,False,False,False,False,True,True,False,False,False,False,False,False,False,False,False,True,False
UK,Cambridge,2024,86.1,88.5,75100,Policy Analyst,Data Analysis,Qualitative Research,Communication,69,85.6,67,0,True,False,False,False,False,True,False,False,False,False,False,True,True,False,False,False,False,False
Germany,Heidelberg University,2015,88.0,91.1,95400,Medical Doctor,Medical Coding,Patient Care,Diagnostics,52,13.4,41,1,True,False,False,False,False,True,False,False,False,True,False,False,False,True,False,False,False,False
Israel,Hebrew University of Jerusalem,2024,87.3,91.9,80100,Data Scientist,Python,SQL,Cloud Computing,74,71.5,84,1,False,False,True,False,False,False,True,False,False,False,False,False,False,False,False,False,True,False
Mexico,UNAM,2023,88.1,92.9,27300,NLP Specialist,R,Big Data,Deep Learning,90,74.4,68,1,False,True,False,False,False,False,False,True,False,False,False,False,False,False,False,False,False,True
Argentina,University of Buenos Aires,2017,84.9,90.7,22200,Management Consultant,Excel,Strategic Planning,Data Analysis,54,13.3,74,1,False,True,False,False,False,False,False,False,False,False,False,False,False,False,False,False,False,False
Canada,McGill University,2024,84.5,87.5,63300,Physicist,Experimental Design,Scientific Writing,Laboratory Skills,57,73.0,84,0,False,False,False,True,False,False,False,False,False,False,True,False,False,False,False,True,False,False
Brazil,University of São Paulo,2021,82.0,87.7,17400,Electrical Engineer,Lean Six Sigma,SolidWorks,MATLAB,73,51.8,49,0,False,True,False,False,False,False,False,False,True,False,False,False,False,False,True,False,False,False
USA,Stanford,2019,84.1,88.0,69500,Cybersecurity Analyst,SQL,Python,React,76,5.0,92,0,False,False,False,True,False,False,True,False,False,False,False,False,False,False,False,False,True,False
Australia,University of Melbourne,2015,99.0,100.0,92400,Biomedical Researcher,Medical Coding,Diagnostics,Patient Care,58,6.5,75,1,False,False,False,False,False,True,False,False,False,True,False,False,False,True,False,False,False,False
Israel,Hebrew University of Jerusalem,2018,94.6,99.4,61200,Medical Doctor,Diagnostics,Medical Coding,Clinical Research,51,5.0,40,1,False,False,True,False,False,False,False,False,False,True,False,False,False,True,False,False,False,False
Mexico,UNAM,2016,85.6,89.8,9300,Sociologist,Qualitative Research,Communication,Data Analysis,50,13.3,97,0,False,True,False,False,False,False,False,False,False,False,False,True,True,False,False,False,False,False
Switzerland,EPFL,2017,86.4,87.5,120400,Data Analyst,Machine Learning,Deep Learning,Data Visualization,97,21.3,72,0,True,False,False,False,True,False,False,True,False,False,False,False,False,False,False,False,False,True
Singapore,NTU,2019,94.8,99.6,64200,Cybersecurity Analyst,SQL,Cloud Computing,Python,76,14.5,75,1,False,False,False,False,False,False,True,False,False,False,False,False,False,False,False,False,True,False
Canada,McGill University,2017,81.4,87.7,85300,Investment Banker,Excel,Market Research,Strategic Planning,59,11.3,84,0,False,False,False,True,False,True,False,False,False,False,False,False,False,False,False,False,False,False
Netherlands,TU Delft,2020,83.9,83.9,67600,Sociologist,Communication,Data Analysis,Public Policy,55,47.6,64,0,True,False,False,False,False,True,False,False,False,False,False,True,True,False,False,False,False,False
Sweden,KTH Royal Institute of Technology,2022,87.8,94.8,101600,AI Researcher,DevOps,Cloud Computing,SQL,89,68.3,44,1,True,False,False,False,False,True,True,False,False,False,False,False,False,False,False,False,True,False
Australia,ANU,2015,91.6,96.0,98200,Public Health Specialist,Patient Care,Medical Coding,Clinical Research,43,8.3,82,1,False,False,False,False,False,True,False,False,False,True,False,False,False,True,False,False,False,False
Switzerland,ETH Zurich,2017,99.0,100.0,104200,AI Consultant,Data Visualization,Big Data,Machine Learning,73,14.5,48,1,True,False,False,False,True,False,False,True,False,False,False,False,False,False,False,False,False,True
Canada,UBC,2019,92.4,100.0,97700,Data Scientist,Java,SQL,React,77,12.3,61,1,False,False,False,True,False,True,True,False,False,False,False,False,False,False,False,False,True,False
India,IISc Bangalore,2020,99.0,100.0,32300,Biomedical Researcher,Clinical Research,Patient Care,Diagnostics,59,46.8,78,1,False,False,False,False,True,False,False,False,False,True,False,False,False,True,False,False,False,False
USA,MIT,2022,98.6,100.0,137800,Medical Doctor,Diagnostics,Medical Coding,Clinical Research,62,66.4,64,1,False,False,False,True,False,True,False,False,False,True,False,False,False,True,False,False,False,False
Saudi Arabia,King Abdulaziz University,2025,91.7,96.5,101800,Data Scientist,React,Java,DevOps,73,90.0,40,1,False,False,True,False,False,True,True,False,False,False,False,False,False,False,False,False,True,False
Netherlands,University of Amsterdam,2021,97.5,100.0,76600,Software Engineer,SQL,Python,React,82,53.0,61,1,True,False,False,False,False,False,True,False,False,False,False,False,False,False,False,False,True,False
Israel,Hebrew University of Jerusalem,2022,90.5,95.3,92300,Cloud Architect,Cybersecurity,DevOps,SQL,85,46.9,70,1,False,False,True,False,True,False,True,False,False,False,False,False,False,False,False,False,True,False
USA,Stanford,2015,80.6,85.2,53100,Biologist,Laboratory Skills,Scientific Writing,Experimental Design,61,8.2,73,0,False,False,False,True,False,False,False,False,False,False,True,False,False,False,False,True,False,False
Brazil,University of São Paulo,2015,92.6,98.0,45000,Public Health Specialist,Patient Care,Medical Coding,Diagnostics,49,16.2,66,1,False,True,False,False,False,True,False,False,False,True,False,False,False,True,False,False,False,False
Argentina,University of Buenos Aires,2019,80.7,84.0,22900,Policy Analyst,Public Policy,Communication,Qualitative Research,64,8.5,79,0,False,True,False,False,True,False,False,False,False,False,False,True,True,False,False,False,False,False
Saudi Arabia,King Abdulaziz University,2020,91.3,95.4,61100,Public Health Specialist,Patient Care,Clinical Research,Medical Coding,49,34.5,61,1,False,False,True,False,True,False,False,False,False,True,False,False,False,True,False,False,False,False
UAE,Khalifa University,2024,76.2,81.8,82700,Economist,Communication,Public Policy,Qualitative Research,81,82.8,82,0,False,False,True,False,False,True,False,False,False,False,False,True,True,False,False,False,False,False
Netherlands,University of Amsterdam,2015,87.4,96.2,57700,Chemist,Statistical Analysis,Experimental Design,Laboratory Skills,45,6.4,81,1,True,False,False,False,True,False,False,False,False,False,True,False,False,False,False,True,False,False
Germany,Humboldt University,2017,96.9,100.0,102700,Public Health Specialist,Clinical Research,Diagnostics,Patient Care,54,12.1,55,1,True,False,False,False,False,True,False,False,False,True,False,False,False,True,False,False,False,False
Japan,Kyoto University,2019,88.3,92.7,62700,Data Scientist,Python,React,Cloud Computing,74,6.8,59,1,False,False,False,False,False,False,True,False,False,False,False,False,False,False,False,False,True,False
Israel,Technion,2015,74.4,77.9,50000,Human Resources Specialist,Communication,Public Policy,Qualitative Research,69,13.7,83,0,False,False,True,False,True,False,False,False,False,False,False,True,True,False,False,False,False,False
Mexico,UNAM,2016,92.2,93.6,29000,Human Resources Specialist,Public Policy,Communication,Data Analysis,39,6.0,62,1,False,True,False,False,False,True,False,False,False,False,False,True,True,False,False,False,False,False
USA,Stanford,2018,87.8,93.2,73600,Medical Doctor,Medical Coding,Patient Care,Diagnostics,56,6.4,40,1,False,False,False,True,False,False,False,False,False,True,False,False,False,True,False,False,False,False
Canada,University of Toronto,2016,80.3,84.8,83600,Financial Analyst,Excel,Strategic Planning,Financial Modeling,40,7.5,53,0,False,False,False,True,False,True,False,False,False,False,False,False,False,False,False,False,False,False
France,Ecole Polytechnique,2021,85.9,89.2,73300,Cybersecurity Analyst,Cybersecurity,SQL,Java,68,48.5,57,0,True,False,False,False,True,False,True,False,False,False,False,False,False,False,False,False,True,False
UAE,Khalifa University,2022,85.0,89.9,91900,Chemist,Experimental Design,Scientific Writing,Laboratory Skills,56,63.8,80,0,False,False,True,False,False,True,False,False,False,False,True,False,False,False,False,True,False,False
South Africa,University of Cape Town,2016,99.0,100.0,44200,Software Engineer,Java,Cloud Computing,Cybersecurity,81,10.7,80,1,False,False,True,False,False,True,True,False,False,False,False,False,False,False,False,False,True,False
Israel,Technion,2018,89.0,94.7,83900,NLP Specialist,Data Visualization,Big Data,Deep Learning,79,12.5,86,1,False,False,True,False,True,False,False,True,False,False,False,False,False,False,False,False,False,True
USA,Stanford,2024,88.1,93.6,142100,Machine Learning Engineer,NLP,Machine Learning,Big Data,80,90.0,77,1,False,False,False,True,False,True,False,True,False,False,False,False,False,False,False,False,False,True
South Korea,Seoul National University,2015,80.4,84.5,53900,Biologist,Scientific Writing,Experimental Design,Laboratory Skills,50,10.6,63,0,False,False,False,False,False,True,False,False,False,False,True,False,False,False,False,True,False,False
Australia,University of Melbourne,2022,86.7,94.5,50400,Human Resources Specialist,Communication,Data Analysis,Public Policy,66,46.6,78,1,False,False,False,False,False,False,False,False,False,False,False,True,True,False,False,False,False,False
Israel,Hebrew University of Jerusalem,2023,99.0,100.0,138200,Machine Learning Engineer,NLP,Big Data,Data Visualization,100,70.5,79,1,False,False,True,False,False,True,False,True,False,False,False,False,False,False,False,False,False,True
South Africa,University of Cape Town,2020,84.5,92.1,35400,Chemist,Experimental Design,Scientific Writing,Laboratory Skills,54,31.4,71,1,False,False,True,False,False,True,False,False,False,False,True,False,False,False,False,True,False,False
Australia,University of Melbourne,2023,94.5,98.6,92900,Data Scientist,Cloud Computing,Cybersecurity,React,100,57.1,88,1,False,False,False,False,True,False,True,False,False,False,False,False,False,False,False,False,True,False
Germany,TU Munich,2018,71.0,76.5,44700,Environmental Scientist,Scientific Writing,Laboratory Skills,Statistical Analysis,53,5.0,44,0,True,False,False,False,False,False,False,False,False,False,True,False,False,False,False,True,False,False
UAE,Khalifa University,2015,87.9,94.0,63500,Policy Analyst,Data Analysis,Public Policy,Qualitative Research,50,12.4,69,1,False,False,True,False,False,True,False,False,False,False,False,True,True,False,False,False,False,False
Mexico,UNAM,2017,75.9,80.5,25100,Financial Analyst,Strategic Planning,Excel,Data Analysis,52,14.3,81,0,False,True,False,False,False,True,False,False,False,False,False,False,False,False,False,False,False,False
Saudi Arabia,King Abdulaziz University,2024,81.6,83.8,76200,Economist,Communication,Data Analysis,Public Policy,72,85.3,40,0,False,False,True,False,False,True,False,False,False,False,False,True,True,False,False,False,False,False
UAE,Khalifa University,2021,86.5,91.8,68400,NLP Specialist,NLP,Machine Learning,Deep Learning,73,49.6,66,1,False,False,True,False,False,False,False,True,False,False,False,False,False,False,False,False,False,True
China,Fudan University,2024,76.4,80.1,40500,Management Consultant,Excel,Strategic Planning,Data Analysis,57,83.8,78,0,False,False,False,False,False,False,False,False,False,False,False,False,False,False,False,False,False,False
Canada,UBC,2021,98.9,100.0,86900,Machine Learning Engineer,NLP,Machine Learning,Deep Learning,97,43.6,40,1,False,False,False,True,True,False,False,True,False,False,False,False,False,False,False,False,False,True
Israel,Hebrew University of Jerusalem,2025,81.2,86.3,58600,Sociologist,Qualitative Research,Public Policy,Data Analysis,63,89.7,62,0,False,False,True,False,False,False,False,False,False,False,False,True,True,False,False,False,False,False
Canada,University of Toronto,2023,85.5,90.8,83600,Management Consultant,Strategic Planning,Market Research,Excel,72,67.7,64,1,False,False,False,True,True,False,False,False,False,False,False,False,False,False,False,False,False,False
South Africa,University of Cape Town,2017,78.1,78.1,16400,Physicist,Experimental Design,Laboratory Skills,Scientific Writing,48,9.6,78,0,False,False,True,False,False,False,False,False,False,False,True,False,False,False,False,True,False,False
Israel,Hebrew University of Jerusalem,2015,93.0,93.6,72900,Data Scientist,Python,DevOps,Cybersecurity,69,5.0,51,1,False,False,True,False,True,False,True,False,False,False,False,False,False,False,False,False,True,False
USA,Stanford,2015,99.0,100.0,113500,Machine Learning Engineer,Machine Learning,NLP,Data Visualization,70,9.9,59,1,False,False,False,True,False,True,False,True,False,False,False,False,False,False,False,False,False,True
South Africa,University of Cape Town,2024,83.4,85.6,27800,Policy Analyst,Public Policy,Communication,Qualitative Research,73,76.1,82,0,False,False,True,False,True,False,False,False,False,False,False,True,True,False,False,False,False,False
Mexico,UNAM,2018,84.6,88.5,40900,Biomedical Researcher,Diagnostics,Medical Coding,Patient Care,47,5.0,54,0,False,True,False,False,False,True,False,False,False,True,False,False,False,True,False,False,False,False
Canada,University of Toronto,2019,96.0,100.0,121700,NLP Specialist,Machine Learning,Data Visualization,Big Data,86,6.3,64,1,False,False,False,True,False,True,False,True,False,False,False,False,False,False,False,False,False,True
South Africa,University of Cape Town,2022,92.2,96.0,35400,Cybersecurity Analyst,Java,React,DevOps,68,90.0,67,1,False,False,True,False,False,False,True,False,False,False,False,False,False,False,False,False,True,False
Switzerland,ETH Zurich,2023,91.8,96.3,123800,Cybersecurity Analyst,SQL,Python,DevOps,87,82.9,68,1,True,False,False,False,True,False,True,False,False,False,False,False,False,False,False,False,True,False
Brazil,University of São Paulo,2024,82.2,86.3,28300,Human Resources Specialist,Public Policy,Qualitative Research,Data Analysis,82,90.0,71,0,False,True,False,False,False,True,False,False,False,False,False,True,True,False,False,False,False,False
South Africa,University of Cape Town,2018,73.9,78.9,20100,Civil Engineer,SolidWorks,Project Management,AutoCAD,59,8.1,62,0,False,False,True,False,False,False,False,False,True,False,False,False,False,False,True,False,False,False
Japan,University of Tokyo,2021,89.9,90.1,56800,NLP Specialist,Machine Learning,Data Visualization,NLP,70,43.7,88,0,False,False,False,False,False,False,False,True,False,False,False,False,False,False,False,False,False,True
USA,Stanford,2016,93.9,99.4,104700,Cybersecurity Analyst,Cybersecurity,Java,Python,84,16.3,69,1,False,False,False,True,False,True,True,False,False,False,False,False,False,False,False,False,True,False
USA,UC Berkeley,2023,76.7,81.2,63800,Environmental Scientist,Scientific Writing,Laboratory Skills,Statistical Analysis,61,75.5,76,0,False,False,False,True,False,False,False,False,False,False,True,False,False,False,False,True,False,False
South Africa,University of Cape Town,2018,86.3,95.0,29400,Electrical Engineer,SolidWorks,AutoCAD,MATLAB,57,15.5,64,1,False,False,True,False,False,False,False,False,True,False,False,False,False,False,True,False,False,False
Japan,University of Tokyo,2024,88.3,95.3,94300,Robotics Engineer,MATLAB,AutoCAD,SolidWorks,68,73.3,49,1,False,False,False,False,False,True,False,False,True,False,False,False,False,False,True,False,False,False
Australia,University of Melbourne,2019,87.7,92.0,63900,Marketing Manager,Excel,Financial Modeling,Data Analysis,65,14.2,65,1,False,False,False,False,False,False,False,False,False,False,False,False,False,False,False,False,False,False
Sweden,Karolinska Institute,2022,65.5,69.75,68800,Marketing Manager,Market Research,Financial Modeling,Data Analysis,54,51.8,75,0,True,False,False,False,False,False,False,False,False,False,False,False,False,False,False,False,False,False
Argentina,University of Buenos Aires,2015,92.0,98.2,18000,Cybersecurity Analyst,SQL,Java,Python,60,5.0,75,1,False,True,False,False,False,False,True,False,False,False,False,False,False,False,False,False,True,False
Saudi Arabia,King Abdulaziz University,2019,75.1,82.1,78600,Electrical Engineer,Lean Six Sigma,SolidWorks,AutoCAD,71,17.8,72,0,False,False,True,False,False,True,False,False,True,False,False,False,False,False,True,False,False,False
Argentina,University of Buenos Aires,2021,86.8,90.6,18700,Physicist,Statistical Analysis,Scientific Writing,Laboratory Skills,73,52.8,83,0,False,True,False,False,False,False,False,False,False,False,True,False,False,False,False,True,False,False
Saudi Arabia,King Abdulaziz University,2020,97.7,100.0,72700,Software Engineer,Java,Cybersecurity,DevOps,65,54.5,55,1,False,False,True,False,True,False,True,False,False,False,False,False,False,False,False,False,True,False
Argentina,University of Buenos Aires,2016,80.8,88.2,21300,Human Resources Specialist,Data Analysis,Qualitative Research,Public Policy,63,12.2,77,0,False,True,False,False,True,False,False,False,False,False,False,True,True,False,False,False,False,False
Brazil,University of São Paulo,2017,72.9,78.2,33200,Environmental Scientist,Laboratory Skills,Statistical Analysis,Experimental Design,42,10.9,52,0,False,True,False,False,False,True,False,False,False,False,True,False,False,False,False,True,False,False
Saudi Arabia,King Abdulaziz University,2017,91.0,98.2,60600,Biologist,Statistical Analysis,Laboratory Skills,Experimental Design,53,10.9,66,1,False,False,True,False,False,True,False,False,False,False,True,False,False,False,False,True,False,False
UK,LSE,2025,79.6,86.6,92700,Environmental Scientist,Scientific Writing,Laboratory Skills,Statistical Analysis,67,85.8,70,0,True,False,False,False,False,True,False,False,False,False,True,False,False,False,False,True,False,False
Canada,McGill University,2016,84.6,88.6,81800,Civil Engineer,Lean Six Sigma,Project Management,AutoCAD,56,16.1,59,0,False,False,False,True,False,True,False,False,True,False,False,False,False,False,True,False,False,False
Australia,University of Sydney,2024,83.6,87.7,76000,Chemist,Laboratory Skills,Scientific Writing,Statistical Analysis,72,85.6,86,0,False,False,False,False,True,False,False,False,False,False,True,False,False,False,False,True,False,False
Argentina,University of Buenos Aires,2015,78.3,82.7,17900,Biologist,Statistical Analysis,Laboratory Skills,Scientific Writing,40,12.8,52,0,False,True,False,False,False,True,False,False,False,False,True,False,False,False,False,True,False,False
USA,Georgia Tech,2024,87.7,92.8,87900,Economist,Communication,Data Analysis,Qualitative Research,76,63.6,100,1,False,False,False,True,True,False,False,False,False,False,False,True,True,False,False,False,False,False
Australia,University of Sydney,2023,92.4,93.7,122500,Public Health Specialist,Clinical Research,Medical Coding,Diagnostics,70,58.9,71,1,False,False,False,False,False,True,False,False,False,True,False,False,False,True,False,False,False,False
South Korea,KAIST,2025,74.6,78.0,38100,Economist,Data Analysis,Public Policy,Qualitative Research,72,77.2,58,0,False,False,False,False,False,False,False,False,False,False,False,True,True,False,False,False,False,False
Switzerland,EPFL,2022,94.3,100.0,120000,Marketing Manager,Strategic Planning,Market Research,Financial Modeling,54,56.3,70,1,True,False,False,False,True,False,False,False,False,False,False,False,False,False,False,False,False,False
South Korea,Seoul National University,2025,97.5,100.0,90500,Cloud Architect,React,DevOps,SQL,99,86.9,89,1,False,False,False,False,False,True,True,False,False,False,False,False,False,False,False,False,True,False
Israel,Hebrew University of Jerusalem,2024,78.1,87.5,112800,Robotics Engineer,Lean Six Sigma,SolidWorks,MATLAB,49,72.6,60,0,False,False,True,False,False,True,False,False,True,False,False,False,False,False,True,False,False,False
Germany,Heidelberg University,2018,99.0,100.0,114700,Public Health Specialist,Diagnostics,Medical Coding,Clinical Research,52,22.1,75,1,True,False,False,False,False,True,False,False,False,True,False,False,False,True,False,False,False,False
UAE,Khalifa University,2025,83.9,88.8,115500,Electrical Engineer,Project Management,MATLAB,AutoCAD,67,87.9,79,0,False,False,True,False,False,True,False,False,True,False,False,False,False,False,True,False,False,False
Canada,McGill University,2024,81.1,89.1,66600,Policy Analyst,Communication,Data Analysis,Qualitative Research,38,85.1,80,0,False,False,False,True,True,False,False,False,False,False,False,True,True,False,False,False,False,False
USA,Stanford,2017,90.9,96.3,96900,Public Health Specialist,Medical Coding,Patient Care,Diagnostics,63,17.5,65,1,False,False,False,True,True,False,False,False,False,True,False,False,False,True,False,False,False,False
Switzerland,EPFL,2021,99.0,99.8,124500,Public Health Specialist,Patient Care,Clinical Research,Diagnostics,55,64.7,86,1,True,False,False,False,True,False,False,False,False,True,False,False,False,True,False,False,False,False
Sweden,KTH Royal Institute of Technology,2025,80.8,84.0,106700,Civil Engineer,Lean Six Sigma,MATLAB,Project Management,64,90.0,60,0,True,False,False,False,False,True,False,False,True,False,False,False,False,False,True,False,False,False
Switzerland,ETH Zurich,2017,77.5,84.2,101200,Management Consultant,Excel,Financial Modeling,Market Research,48,9.5,44,0,True,False,False,False,True,False,False,False,False,False,False,False,False,False,False,False,False,False
Switzerland,EPFL,2017,83.0,85.4,120800,Financial Analyst,Excel,Data Analysis,Financial Modeling,75,5.0,57,0,True,False,False,False,False,True,False,False,False,False,False,False,False,False,False,False,False,False
Argentina,University of Buenos Aires,2020,81.2,84.0,28100,Civil Engineer,Lean Six Sigma,MATLAB,AutoCAD,50,30.1,65,0,False,True,False,False,False,True,False,False,True,False,False,False,False,False,True,False,False,False
UAE,Khalifa University,2015,91.6,99.0,85700,NLP Specialist,NLP,Data Visualization,R,75,15.6,40,1,False,False,True,False,True,False,False,True,False,False,False,False,False,False,False,False,False,True
South Africa,University of Cape Town,2022,99.0,100.0,54800,Data Analyst,NLP,R,Big Data,100,74.8,62,1,False,False,True,False,False,True,False,True,False,False,False,False,False,False,False,False,False,True
USA,Harvard,2016,87.9,91.7,110800,Pharmacist,Clinical Research,Diagnostics,Patient Care,39,12.1,48,1,False,False,False,True,False,True,False,False,False,True,False,False,False,True,False,False,False,False
UK,Cambridge,2020,86.1,87.8,80600,Physicist,Statistical Analysis,Experimental Design,Laboratory Skills,75,45.1,81,0,True,False,False,False,False,True,False,False,False,False,True,False,False,False,False,True,False,False
India,IIT Delhi,2020,94.4,100.0,24900,AI Researcher,Cloud Computing,DevOps,Python,79,60.0,70,1,False,False,False,False,True,False,True,False,False,False,False,False,False,False,False,False,True,False
India,IIT Bombay,2017,81.5,87.6,20600,Human Resources Specialist,Communication,Data Analysis,Public Policy,37,11.9,58,0,False,False,False,False,False,False,False,False,False,False,False,True,True,False,False,False,False,False
Argentina,University of Buenos Aires,2021,88.7,93.3,11400,Physicist,Experimental Design,Statistical Analysis,Laboratory Skills,51,46.4,50,1,False,True,False,False,False,False,False,False,False,False,True,False,False,False,False,True,False,False
South Africa,University of Cape Town,2025,79.5,85.6,52100,Physicist,Laboratory Skills,Statistical Analysis,Experimental Design,83,85.0,77,0,False,False,True,False,False,True,False,False,False,False,True,False,False,False,False,True,False,False
India,IIT Delhi,2023,99.0,100.0,27500,Medical Doctor,Clinical Research,Medical Coding,Patient Care,64,62.3,68,1,False,False,False,False,True,False,False,False,False,True,False,False,False,True,False,False,False,False
Saudi Arabia,King Abdulaziz University,2020,99.0,100.0,60500,NLP Specialist,Deep Learning,NLP,R,81,39.8,68,1,False,False,True,False,False,False,False,True,False,False,False,False,False,False,False,False,False,True
Germany,Heidelberg University,2021,82.4,89.2,84300,Environmental Scientist,Experimental Design,Laboratory Skills,Statistical Analysis,68,54.2,40,0,True,False,False,False,False,True,False,False,False,False,True,False,False,False,False,True,False,False
Argentina,University of Buenos Aires,2017,83.0,89.3,25200,AI Consultant,Deep Learning,Data Visualization,R,88,5.4,66,0,False,True,False,False,True,False,False,True,False,False,False,False,False,False,False,False,False,True
Australia,ANU,2024,87.4,92.6,65600,Sociologist,Data Analysis,Qualitative Research,Communication,85,84.1,73,1,False,False,False,False,True,False,False,False,False,False,False,True,True,False,False,False,False,False
Switzerland,ETH Zurich,2016,95.3,96.9,106600,Public Health Specialist,Clinical Research,Medical Coding,Patient Care,52,9.6,80,1,True,False,False,False,True,False,False,False,False,True,False,False,False,True,False,False,False,False
USA,MIT,2017,84.8,89.8,69100,Data Scientist,SQL,Cloud Computing,React,63,5.0,80,0,False,False,False,True,False,False,True,False,False,False,False,False,False,False,False,False,True,False
Saudi Arabia,King Abdulaziz University,2025,82.3,89.9,63900,Mechanical Engineer,AutoCAD,MATLAB,Project Management,63,75.7,68,0,False,False,True,False,False,False,False,False,True,False,False,False,False,False,True,False,False,False
UK,Imperial College London,2015,77.0,81.9,61500,Marketing Manager,Market Research,Strategic Planning,Excel,43,5.0,63,0,True,False,False,False,True,False,False,False,False,False,False,False,False,False,False,False,False,False
Saudi Arabia,King Abdulaziz University,2019,92.4,96.1,69800,NLP Specialist,Big Data,NLP,Data Visualization,89,18.0,80,1,False,False,True,False,True,False,False,True,False,False,False,False,False,False,False,False,False,True
Israel,Technion,2018,88.8,96.9,56500,Biologist,Experimental Design,Statistical Analysis,Scientific Writing,56,16.6,61,1,False,False,True,False,True,False,False,False,False,False,True,False,False,False,False,True,False,False
Brazil,University of São Paulo,2023,86.2,94.7,22400,AI Consultant,NLP,Deep Learning,R,71,70.0,70,1,False,True,False,False,False,False,False,True,False,False,False,False,False,False,False,False,False,True
UK,Cambridge,2023,77.8,82.9,44800,Economist,Public Policy,Communication,Data Analysis,60,55.8,73,0,True,False,False,False,False,False,False,False,False,False,False,True,True,False,False,False,False,False
USA,Stanford,2025,87.3,90.7,135500,Mechanical Engineer,AutoCAD,MATLAB,SolidWorks,57,87.2,93,1,False,False,False,True,False,True,False,False,True,False,False,False,False,False,True,False,False,False
Canada,UBC,2023,93.5,100.0,74300,Cybersecurity Analyst,Java,DevOps,Cloud Computing,90,71.2,79,1,False,False,False,True,False,False,True,False,False,False,False,False,False,False,False,False,True,False
Germany,Humboldt University,2020,75.9,82.4,97000,Marketing Manager,Financial Modeling,Strategic Planning,Data Analysis,72,28.8,82,0,True,False,False,False,False,True,False,False,False,False,False,False,False,False,False,False,False,False
UAE,Khalifa University,2017,80.0,83.4,55500,Biologist,Scientific Writing,Statistical Analysis,Experimental Design,55,7.2,60,0,False,False,True,False,False,False,False,False,False,False,True,False,False,False,False,True,False,False
Singapore,NTU,2019,75.0,77.1,82100,Economist,Data Analysis,Public Policy,Qualitative Research,58,9.9,75,0,False,False,False,False,False,True,False,False,False,False,False,True,True,False,False,False,False,False
UAE,Khalifa University,2016,90.5,96.7,69600,Medical Doctor,Diagnostics,Patient Care,Clinical Research,42,13.8,62,1,False,False,True,False,False,False,False,False,False,True,False,False,False,True,False,False,False,False
Brazil,University of São Paulo,2016,82.5,89.5,36800,Marketing Manager,Data Analysis,Strategic Planning,Financial Modeling,38,5.0,66,0,False,True,False,False,False,True,False,False,False,False,False,False,False,False,False,False,False,False
Germany,Heidelberg University,2018,83.8,91.2,71800,Economist,Qualitative Research,Public Policy,Data Analysis,60,7.2,40,1,True,False,False,False,False,True,False,False,False,False,False,True,True,False,False,False,False,False
Germany,Humboldt University,2018,98.1,100.0,101000,Pharmacist,Diagnostics,Clinical Research,Medical Coding,56,12.1,54,1,True,False,False,False,False,True,False,False,False,True,False,False,False,True,False,False,False,False
Singapore,NUS,2018,99.0,100.0,121900,Data Analyst,Big Data,NLP,Deep Learning,64,9.7,40,1,False,False,False,False,False,True,False,True,False,False,False,False,False,False,False,False,False,True
France,Ecole Polytechnique,2024,85.3,93.6,96400,Electrical Engineer,Lean Six Sigma,Project Management,SolidWorks,66,84.1,57,1,True,False,False,False,False,True,False,False,True,False,False,False,False,False,True,False,False,False
South Korea,Seoul National University,2025,73.6,78.2,49300,Economist,Data Analysis,Communication,Qualitative Research,66,90.0,60,0,False,False,False,False,True,False,False,False,False,False,False,True,True,False,False,False,False,False
Netherlands,University of Amsterdam,2024,88.3,92.7,69300,Cloud Architect,Cloud Computing,SQL,React,88,80.4,81,1,True,False,False,False,False,False,True,False,False,False,False,False,False,False,False,False,True,False
Argentina,University of Buenos Aires,2024,78.3,82.9,20000,Financial Analyst,Market Research,Data Analysis,Financial Modeling,60,76.4,100,0,False,True,False,False,False,False,False,False,False,False,False,False,False,False,False,False,False,False
Saudi Arabia,King Abdulaziz University,2015,78.6,82.8,40800,Robotics Engineer,MATLAB,Project Management,Lean Six Sigma,47,8.3,74,0,False,False,True,False,False,False,False,False,True,False,False,False,False,False,True,False,False,False
Israel,Technion,2020,85.2,91.5,57400,Financial Analyst,Strategic Planning,Market Research,Financial Modeling,47,17.3,55,1,False,False,True,False,False,False,False,False,False,False,False,False,False,False,False,False,False,False
USA,Stanford,2015,94.2,100.0,77800,Investment Banker,Market Research,Strategic Planning,Financial Modeling,31,6.6,69,1,False,False,False,True,True,False,False,False,False,False,False,False,False,False,False,False,False,False
Canada,UBC,2025,84.7,89.4,99400,Public Health Specialist,Diagnostics,Medical Coding,Patient Care,62,79.0,73,0,False,False,False,True,True,False,False,False,False,True,False,False,False,True,False,False,False,False
Sweden,Karolinska Institute,2020,97.2,100.0,105900,Medical Doctor,Patient Care,Clinical Research,Diagnostics,55,47.1,74,1,True,False,False,False,False,True,False,False,False,True,False,False,False,True,False,False,False,False
USA,MIT,2018,88.2,92.2,98300,Machine Learning Engineer,Data Visualization,Machine Learning,R,76,22.2,74,1,False,False,False,True,True,False,False,True,False,False,False,False,False,False,False,False,False,True
Brazil,University of São Paulo,2024,75.8,79.9,24600,Civil Engineer,AutoCAD,Lean Six Sigma,SolidWorks,89,76.0,83,0,False,True,False,False,False,False,False,False,True,False,False,False,False,False,True,False,False,False
South Africa,University of Cape Town,2018,91.3,97.9,29400,Machine Learning Engineer,Data Visualization,R,Deep Learning,70,6.8,94,1,False,False,True,False,False,False,False,True,False,False,False,False,False,False,False,False,False,True
Saudi Arabia,King Abdulaziz University,2022,87.0,93.5,98300,Marketing Manager,Financial Modeling,Strategic Planning,Excel,68,80.2,70,1,False,False,True,False,False,True,False,False,False,False,False,False,False,False,False,False,False,False
USA,Stanford,2025,84.0,87.3,113800,Software Engineer,Java,React,SQL,77,90.0,40,0,False,False,False,True,True,False,True,False,False,False,False,False,False,False,False,False,True,False
Germany,TU Munich,2022,68.0,71.4,76200,Policy Analyst,Data Analysis,Qualitative Research,Public Policy,59,73.8,75,0,True,False,False,False,False,True,False,False,False,False,False,True,True,False,False,False,False,False
USA,MIT,2021,85.3,90.4,71400,Investment Banker,Financial Modeling,Strategic Planning,Market Research,62,38.0,55,0,False,False,False,True,False,False,False,False,False,False,False,False,False,False,False,False,False,False
USA,UC Berkeley,2020,80.2,85.4,50100,Economist,Data Analysis,Public Policy,Communication,75,43.9,40,0,False,False,False,True,False,False,False,False,False,False,False,True,True,False,False,False,False,False
Canada,UBC,2021,72.7,75.8,65500,Investment Banker,Excel,Strategic Planning,Market Research,53,43.4,49,0,False,False,False,True,False,False,False,False,False,False,False,False,False,False,False,False,False,False
Netherlands,University of Amsterdam,2017,85.9,91.7,90600,Software Engineer,SQL,Cloud Computing,Java,96,5.0,65,1,True,False,False,False,False,True,True,False,False,False,False,False,False,False,False,False,True,False
Canada,University of Toronto,2021,81.5,87.8,63300,Sociologist,Qualitative Research,Data Analysis,Public Policy,69,50.8,83,0,False,False,False,True,False,True,False,False,False,False,False,True,True,False,False,False,False,False
Germany,Humboldt University,2017,89.8,93.8,84000,Management Consultant,Financial Modeling,Strategic Planning,Excel,39,8.0,55,1,True,False,False,False,True,False,False,False,False,False,False,False,False,False,False,False,False,False
Singapore,NTU,2025,74.1,78.9,69000,Chemist,Laboratory Skills,Experimental Design,Statistical Analysis,78,89.0,55,0,False,False,False,False,False,False,False,False,False,False,True,False,False,False,False,True,False,False
Israel,Technion,2022,70.6,74.9,72800,Civil Engineer,AutoCAD,Project Management,SolidWorks,63,60.2,72,0,False,False,True,False,False,False,False,False,True,False,False,False,False,False,True,False,False,False
Mexico,UNAM,2021,92.8,97.1,44000,Machine Learning Engineer,R,Deep Learning,Big Data,77,43.9,81,1,False,True,False,False,False,True,False,True,False,False,False,False,False,False,False,False,False,True
China,Fudan University,2017,94.2,99.3,31800,Software Engineer,DevOps,Python,SQL,68,13.1,59,1,False,False,False,False,False,False,True,False,False,False,False,False,False,False,False,False,True,False
Australia,University of Melbourne,2023,82.3,86.1,89400,Civil Engineer,SolidWorks,MATLAB,AutoCAD,71,75.5,87,0,False,False,False,False,True,False,False,False,True,False,False,False,False,False,True,False,False,False
UAE,Khalifa University,2016,85.5,88.2,70300,Human Resources Specialist,Data Analysis,Qualitative Research,Public Policy,76,5.0,84,0,False,False,True,False,False,True,False,False,False,False,False,True,True,False,False,False,False,False
Germany,TU Munich,2025,85.4,90.1,100300,Public Health Specialist,Clinical Research,Patient Care,Medical Coding,69,90.0,59,0,True,False,False,False,True,False,False,False,False,True,False,False,False,True,False,False,False,False
Sweden,KTH Royal Institute of Technology,2019,68.3,76.8,40800,Policy Analyst,Public Policy,Data Analysis,Communication,47,11.6,68,0,True,False,False,False,False,False,False,False,False,False,False,True,True,False,False,False,False,False
Canada,McGill University,2025,95.3,100.0,97700,Public Health Specialist,Diagnostics,Patient Care,Medical Coding,72,90.0,74,1,False,False,False,True,True,False,False,False,False,True,False,False,False,True,False,False,False,False
UAE,Khalifa University,2025,88.9,96.1,103300,Pharmacist,Medical Coding,Patient Care,Diagnostics,81,90.0,60,1,False,False,True,False,True,False,False,False,False,True,False,False,False,True,False,False,False,False
Germany,Heidelberg University,2016,82.4,84.7,56300,Environmental Scientist,Statistical Analysis,Experimental Design,Scientific Writing,67,9.9,74,0,True,False,False,False,True,False,False,False,False,False,True,False,False,False,False,True,False,False
USA,MIT,2016,86.4,90.2,105900,Software Engineer,SQL,Cybersecurity,Python,74,13.4,72,0,False,False,False,True,False,True,True,False,False,False,False,False,False,False,False,False,True,False
UK,LSE,2016,81.3,87.3,81500,Mechanical Engineer,SolidWorks,Lean Six Sigma,Project Management,66,13.5,82,0,True,False,False,False,False,True,False,False,True,False,False,False,False,False,True,False,False,False
Brazil,University of São Paulo,2023,85.5,88.4,48300,AI Researcher,Python,Cybersecurity,SQL,90,69.9,76,0,False,True,False,False,False,True,True,False,False,False,False,False,False,False,False,False,True,False
Brazil,University of São Paulo,2016,96.6,100.0,46500,Cybersecurity Analyst,Cloud Computing,React,Python,72,6.0,69,1,False,True,False,False,False,True,True,False,False,False,False,False,False,False,False,False,True,False
USA,Georgia Tech,2022,87.8,94.4,73800,Marketing Manager,Financial Modeling,Strategic Planning,Market Research,69,72.4,40,1,False,False,False,True,False,False,False,False,False,False,False,False,False,False,False,False,False,False
France,PSL University,2019,73.4,78.4,47000,Environmental Scientist,Scientific Writing,Experimental Design,Statistical Analysis,54,13.3,73,0,True,False,False,False,False,False,False,False,False,False,True,False,False,False,False,True,False,False
India,IIT Delhi,2018,87.0,93.4,28400,Cybersecurity Analyst,Python,SQL,Cybersecurity,77,5.0,56,1,False,False,False,False,False,False,True,False,False,False,False,False,False,False,False,False,True,False
France,Ecole Polytechnique,2021,86.8,92.7,70100,Investment Banker,Market Research,Excel,Strategic Planning,50,48.6,100,1,True,False,False,False,True,False,False,False,False,False,False,False,False,False,False,False,False,False
UK,Oxford,2025,79.6,85.6,81900,Robotics Engineer,Project Management,SolidWorks,AutoCAD,77,85.4,77,0,True,False,False,False,True,False,False,False,True,False,False,False,False,False,True,False,False,False
South Korea,KAIST,2017,84.8,90.2,43400,Chemist,Laboratory Skills,Statistical Analysis,Experimental Design,58,6.2,57,0,False,False,False,False,True,False,False,False,False,False,True,False,False,False,False,True,False,False
Sweden,Karolinska Institute,2015,89.6,95.2,57500,Cybersecurity Analyst,Cloud Computing,DevOps,React,66,14.5,60,1,True,False,False,False,False,False,True,False,False,False,False,False,False,False,False,False,True,False
Canada,McGill University,2015,96.9,100.0,92800,Pharmacist,Clinical Research,Diagnostics,Medical Coding,44,19.8,74,1,False,False,False,True,False,True,False,False,False,True,False,False,False,True,False,False,False,False
Israel,Hebrew University of Jerusalem,2015,91.8,96.1,59100,Machine Learning Engineer,Machine Learning,R,Deep Learning,74,9.8,71,1,False,False,True,False,False,False,False,True,False,False,False,False,False,False,False,False,False,True
South Africa,University of Cape Town,2025,86.2,88.9,36100,Mechanical Engineer,AutoCAD,MATLAB,Lean Six Sigma,58,90.0,94,0,False,False,True,False,True,False,False,False,True,False,False,False,False,False,True,False,False,False
Australia,ANU,2024,96.5,100.0,122200,Cybersecurity Analyst,Cloud Computing,React,Cybersecurity,96,76.9,53,1,False,False,False,False,False,True,True,False,False,False,False,False,False,False,False,False,True,False
Argentina,University of Buenos Aires,2025,81.7,89.0,21500,Robotics Engineer,AutoCAD,Project Management,SolidWorks,58,90.0,55,0,False,True,False,False,False,True,False,False,True,False,False,False,False,False,True,False,False,False
Canada,McGill University,2019,96.5,100.0,105800,Medical Doctor,Clinical Research,Patient Care,Medical Coding,59,7.9,80,1,False,False,False,True,False,True,False,False,False,True,False,False,False,True,False,False,False,False
Germany,Heidelberg University,2022,91.5,99.6,87400,Data Scientist,DevOps,Cybersecurity,Cloud Computing,90,53.1,68,1,True,False,False,False,True,False,True,False,False,False,False,False,False,False,False,False,True,False
Germany,Heidelberg University,2018,81.7,91.7,69900,Mechanical Engineer,Lean Six Sigma,MATLAB,SolidWorks,59,5.0,61,1,True,False,False,False,True,False,False,False,True,False,False,False,False,False,True,False,False,False
Israel,Technion,2019,78.4,79.4,37700,Policy Analyst,Qualitative Research,Data Analysis,Public Policy,49,5.0,75,0,False,False,True,False,False,False,False,False,False,False,False,True,True,False,False,False,False,False
Netherlands,TU Delft,2023,84.5,89.3,102600,Marketing Manager,Strategic Planning,Financial Modeling,Data Analysis,52,75.1,98,0,True,False,False,False,False,True,False,False,False,False,False,False,False,False,False,False,False,False
USA,MIT,2025,80.9,83.0,114400,Chemist,Scientific Writing,Laboratory Skills,Experimental Design,60,90.0,86,0,False,False,False,True,False,True,False,False,False,False,True,False,False,False,False,True,False,False
Singapore,NTU,2016,94.0,100.0,65900,Cloud Architect,DevOps,Python,Cybersecurity,77,6.7,72,1,False,False,False,False,False,False,True,False,False,False,False,False,False,False,False,False,True,False
South Africa,University of Cape Town,2021,90.1,95.7,28600,Biomedical Researcher,Medical Coding,Patient Care,Clinical Research,78,36.9,77,1,False,False,True,False,False,False,False,False,False,True,False,False,False,True,False,False,False,False
Canada,McGill University,2018,96.8,100.0,109600,Pharmacist,Diagnostics,Medical Coding,Patient Care,61,16.5,53,1,False,False,False,True,False,True,False,False,False,True,False,False,False,True,False,False,False,False
USA,MIT,2023,90.0,90.6,83600,AI Consultant,Machine Learning,Data Visualization,Big Data,98,82.2,63,0,False,False,False,True,False,False,False,True,False,False,False,False,False,False,False,False,False,True
Argentina,University of Buenos Aires,2018,79.6,84.7,12400,Biologist,Experimental Design,Scientific Writing,Laboratory Skills,57,12.8,67,0,False,True,False,False,False,False,False,False,False,False,True,False,False,False,False,True,False,False
Israel,Technion,2016,85.2,89.0,74100,Sociologist,Qualitative Research,Communication,Data Analysis,65,5.0,68,0,False,False,True,False,False,True,False,False,False,False,False,True,True,False,False,False,False,False
Switzerland,EPFL,2017,89.4,95.0,144900,Pharmacist,Diagnostics,Medical Coding,Patient Care,59,5.7,68,1,True,False,False,False,False,True,False,False,False,True,False,False,False,True,False,False,False,False
Canada,University of Toronto,2018,90.2,99.8,105500,Machine Learning Engineer,NLP,Machine Learning,R,68,15.0,64,1,False,False,False,True,False,True,False,True,False,False,False,False,False,False,False,False,False,True
Israel,Technion,2015,81.8,88.1,65700,Marketing Manager,Data Analysis,Strategic Planning,Financial Modeling,59,17.8,100,0,False,False,True,False,True,False,False,False,False,False,False,False,False,False,False,False,False,False
Singapore,NUS,2021,77.9,83.8,67500,Human Resources Specialist,Communication,Public Policy,Qualitative Research,59,59.3,50,0,False,False,False,False,True,False,False,False,False,False,False,True,True,False,False,False,False,False
France,PSL University,2025,87.3,88.9,113800,Financial Analyst,Excel,Data Analysis,Strategic Planning,62,90.0,87,0,True,False,False,False,False,True,False,False,False,False,False,False,False,False,False,False,False,False
Australia,University of Sydney,2022,93.6,94.7,72800,Machine Learning Engineer,Big Data,R,Deep Learning,83,71.1,61,1,False,False,False,False,False,False,False,True,False,False,False,False,False,False,False,False,False,True
Brazil,University of São Paulo,2016,93.7,97.5,33700,AI Consultant,Data Visualization,Deep Learning,Big Data,78,5.6,58,1,False,True,False,False,False,True,False,True,False,False,False,False,False,False,False,False,False,True
Saudi Arabia,King Abdulaziz University,2023,92.1,96.8,71500,Public Health Specialist,Patient Care,Clinical Research,Medical Coding,54,71.9,85,1,False,False,True,False,True,False,False,False,False,True,False,False,False,True,False,False,False,False
Israel,Technion,2021,94.3,99.9,112400,Cybersecurity Analyst,Java,Cloud Computing,DevOps,69,70.6,62,1,False,False,True,False,False,True,True,False,False,False,False,False,False,False,False,False,True,False
Switzerland,EPFL,2016,96.8,100.0,139200,Medical Doctor,Diagnostics,Clinical Research,Medical Coding,58,11.2,48,1,True,False,False,False,False,True,False,False,False,True,False,False,False,True,False,False,False,False
China,Tsinghua University,2018,86.9,91.0,35900,Biomedical Researcher,Medical Coding,Diagnostics,Clinical Research,42,15.6,94,1,False,False,False,False,False,False,False,False,False,True,False,False,False,True,False,False,False,False
Brazil,University of São Paulo,2021,86.4,90.7,31300,Financial Analyst,Financial Modeling,Excel,Market Research,55,42.2,79,1,False,True,False,False,False,False,False,False,False,False,False,False,False,False,False,False,False,False
Canada,McGill University,2016,92.6,100.0,97400,Biomedical Researcher,Diagnostics,Patient Care,Clinical Research,56,5.8,59,1,False,False,False,True,False,True,False,False,False,True,False,False,False,True,False,False,False,False
Japan,Kyoto University,2019,86.5,92.6,63000,Electrical Engineer,AutoCAD,Lean Six Sigma,Project Management,76,18.2,76,1,False,False,False,False,True,False,False,False,True,False,False,False,False,False,True,False,False,False
USA,Harvard,2024,84.7,88.9,103500,Cybersecurity Analyst,DevOps,SQL,Python,95,90.0,76,0,False,False,False,True,True,False,True,False,False,False,False,False,False,False,False,False,True,False
Argentina,University of Buenos Aires,2019,81.8,88.0,33100,Mechanical Engineer,Lean Six Sigma,AutoCAD,MATLAB,66,5.0,63,0,False,True,False,False,False,True,False,False,True,False,False,False,False,False,True,False,False,False
Mexico,UNAM,2016,91.4,94.0,26800,Machine Learning Engineer,Data Visualization,R,NLP,47,8.2,68,1,False,True,False,False,False,False,False,True,False,False,False,False,False,False,False,False,False,True
France,PSL University,2021,82.0,88.0,47900,Economist,Communication,Data Analysis,Qualitative Research,68,26.4,50,0,True,False,False,False,True,False,False,False,False,False,False,True,True,False,False,False,False,False
Israel,Hebrew University of Jerusalem,2021,94.1,100.0,90800,Public Health Specialist,Medical Coding,Diagnostics,Clinical Research,66,46.2,65,1,False,False,True,False,True,False,False,False,False,True,False,False,False,True,False,False,False,False
Australia,University of Sydney,2025,85.1,88.2,75400,Chemist,Laboratory Skills,Experimental Design,Scientific Writing,78,90.0,69,0,False,False,False,False,True,False,False,False,False,False,True,False,False,False,False,True,False,False
Saudi Arabia,King Abdulaziz University,2022,76.2,79.9,73800,Physicist,Scientific Writing,Laboratory Skills,Statistical Analysis,60,36.3,67,0,False,False,True,False,False,True,False,False,False,False,True,False,False,False,False,True,False,False
China,Tsinghua University,2021,94.1,98.1,53900,Data Scientist,React,SQL,Python,82,44.4,72,1,False,False,False,False,True,False,True,False,False,False,False,False,False,False,False,False,True,False
Israel,Technion,2018,96.1,100.0,95600,AI Consultant,Data Visualization,Deep Learning,Machine Learning,71,13.7,44,1,False,False,True,False,True,False,False,True,False,False,False,False,False,False,False,False,False,True
Japan,University of Tokyo,2015,84.2,90.6,54100,Management Consultant,Financial Modeling,Market Research,Excel,56,11.5,67,0,False,False,False,False,True,False,False,False,False,False,False,False,False,False,False,False,False,False
France,Ecole Polytechnique,2019,85.2,88.5,58400,Cloud Architect,DevOps,SQL,Cloud Computing,78,10.9,42,0,True,False,False,False,False,False,True,False,False,False,False,False,False,False,False,False,True,False
Israel,Hebrew University of Jerusalem,2015,85.1,90.0,73400,Financial Analyst,Excel,Data Analysis,Strategic Planning,73,6.6,64,0,False,False,True,False,True,False,False,False,False,False,False,False,False,False,False,False,False,False
Canada,McGill University,2020,80.9,85.2,62400,Physicist,Experimental Design,Statistical Analysis,Scientific Writing,45,34.5,68,0,False,False,False,True,True,False,False,False,False,False,True,False,False,False,False,True,False,False
Israel,Hebrew University of Jerusalem,2018,92.3,99.9,80500,Civil Engineer,Lean Six Sigma,AutoCAD,Project Management,48,6.5,67,1,False,False,True,False,True,False,False,False,True,False,False,False,False,False,True,False,False,False
France,Ecole Polytechnique,2017,80.4,82.8,71800,Management Consultant,Strategic Planning,Data Analysis,Market Research,48,13.8,80,0,True,False,False,False,True,False,False,False,False,False,False,False,False,False,False,False,False,False
USA,UC Berkeley,2024,96.4,96.9,148300,Machine Learning Engineer,Big Data,R,Deep Learning,89,88.6,57,1,False,False,False,True,False,True,False,True,False,False,False,False,False,False,False,False,False,True
Canada,University of Toronto,2017,80.7,88.8,55300,Cybersecurity Analyst,Java,Cloud Computing,SQL,66,11.2,79,0,False,False,False,True,False,False,True,False,False,False,False,False,False,False,False,False,True,False
Mexico,UNAM,2017,80.5,84.4,32700,Investment Banker,Excel,Financial Modeling,Strategic Planning,55,16.4,67,0,False,True,False,False,True,False,False,False,False,False,False,False,False,False,False,False,False,False
USA,Stanford,2016,73.5,76.1,55400,Human Resources Specialist,Public Policy,Qualitative Research,Communication,60,8.4,60,0,False,False,False,True,True,False,False,False,False,False,False,True,True,False,False,False,False,False
USA,Georgia Tech,2022,90.4,94.9,77600,Cybersecurity Analyst,Cybersecurity,SQL,DevOps,81,73.5,93,1,False,False,False,True,False,False,True,False,False,False,False,False,False,False,False,False,True,False
Argentina,University of Buenos Aires,2016,81.6,85.1,5400,Environmental Scientist,Statistical Analysis,Scientific Writing,Experimental Design,49,11.5,66,0,False,True,False,False,False,False,False,False,False,False,True,False,False,False,False,True,False,False
Canada,McGill University,2021,83.4,89.0,48600,Policy Analyst,Communication,Public Policy,Qualitative Research,55,43.7,48,0,False,False,False,True,False,False,False,False,False,False,False,True,True,False,False,False,False,False
Sweden,KTH Royal Institute of Technology,2018,99.0,100.0,53400,Cybersecurity Analyst,Cybersecurity,Cloud Computing,Java,64,11.6,68,1,True,False,False,False,False,False,True,False,False,False,False,False,False,False,False,False,True,False
India,IIT Delhi,2024,88.3,94.4,21900,Human Resources Specialist,Data Analysis,Communication,Public Policy,62,75.8,62,1,False,False,False,False,True,False,False,False,False,False,False,True,True,False,False,False,False,False
South Africa,University of Cape Town,2023,89.7,91.1,49700,Machine Learning Engineer,Deep Learning,R,NLP,85,54.6,100,1,False,False,True,False,True,False,False,True,False,False,False,False,False,False,False,False,False,True
Saudi Arabia,King Abdulaziz University,2019,90.4,96.0,70600,AI Consultant,Machine Learning,NLP,Data Visualization,75,8.5,76,1,False,False,True,False,True,False,False,True,False,False,False,False,False,False,False,False,False,True
Singapore,NTU,2022,85.1,93.0,75900,Economist,Communication,Data Analysis,Public Policy,53,63.2,72,1,False,False,False,False,True,False,False,False,False,False,False,True,True,False,False,False,False,False
USA,Stanford,2022,86.9,91.4,76200,Mechanical Engineer,MATLAB,SolidWorks,Lean Six Sigma,59,65.3,43,1,False,False,False,True,False,False,False,False,True,False,False,False,False,False,True,False,False,False
Mexico,UNAM,2025,79.3,82.5,23200,Civil Engineer,MATLAB,Project Management,SolidWorks,80,79.4,67,0,False,True,False,False,False,False,False,False,True,False,False,False,False,False,True,False,False,False
USA,Georgia Tech,2025,89.8,94.7,137500,Management Consultant,Strategic Planning,Financial Modeling,Market Research,79,90.0,71,1,False,False,False,True,False,True,False,False,False,False,False,False,False,False,False,False,False,False
USA,MIT,2021,75.8,81.0,94400,Biologist,Statistical Analysis,Laboratory Skills,Experimental Design,56,59.2,81,0,False,False,False,True,False,True,False,False,False,False,True,False,False,False,False,True,False,False
UK,LSE,2018,77.2,83.2,72200,Biologist,Scientific Writing,Experimental Design,Laboratory Skills,45,6.2,55,0,True,False,False,False,False,True,False,False,False,False,True,False,False,False,False,True,False,False
Saudi Arabia,King Abdulaziz University,2015,95.9,100.0,52900,NLP Specialist,Machine Learning,NLP,Big Data,65,5.0,78,1,False,False,True,False,False,False,False,True,False,False,False,False,False,False,False,False,False,True
Mexico,UNAM,2021,93.6,97.9,33900,AI Researcher,Cloud Computing,Java,SQL,90,48.4,69,1,False,True,False,False,False,True,True,False,False,False,False,False,False,False,False,False,True,False
Singapore,NTU,2021,99.0,100.0,103800,AI Consultant,Machine Learning,Big Data,Deep Learning,81,50.0,62,1,False,False,False,False,True,False,False,True,False,False,False,False,False,False,False,False,False,True
Canada,UBC,2022,80.2,83.7,96400,Electrical Engineer,Lean Six Sigma,AutoCAD,SolidWorks,70,49.3,89,0,False,False,False,True,False,True,False,False,True,False,False,False,False,False,True,False,False,False
Sweden,KTH Royal Institute of Technology,2022,90.1,95.1,71400,Pharmacist,Medical Coding,Diagnostics,Patient Care,58,62.7,86,1,True,False,False,False,False,False,False,False,False,True,False,False,False,True,False,False,False,False
Saudi Arabia,King Abdulaziz University,2022,83.6,90.0,78900,Machine Learning Engineer,Big Data,Deep Learning,Data Visualization,87,48.8,58,0,False,False,True,False,True,False,False,True,False,False,False,False,False,False,False,False,False,True
South Korea,Seoul National University,2018,77.6,82.0,51900,Marketing Manager,Financial Modeling,Market Research,Excel,53,6.7,58,0,False,False,False,False,True,False,False,False,False,False,False,False,False,False,False,False,False,False
India,IIT Delhi,2023,80.8,85.2,21800,Civil Engineer,Project Management,SolidWorks,AutoCAD,77,75.1,46,0,False,False,False,False,False,False,False,False,True,False,False,False,False,False,True,False,False,False
Switzerland,ETH Zurich,2025,93.0,97.2,109100,Software Engineer,React,Cybersecurity,DevOps,75,90.0,69,1,True,False,False,False,False,False,True,False,False,False,False,False,False,False,False,False,True,False
Brazil,University of São Paulo,2023,82.7,87.6,24900,Biomedical Researcher,Clinical Research,Medical Coding,Diagnostics,63,65.8,68,0,False,True,False,False,False,False,False,False,False,True,False,False,False,True,False,False,False,False
UK,Oxford,2017,87.8,93.9,50500,Software Engineer,Java,SQL,Python,70,5.0,62,1,True,False,False,False,False,False,True,False,False,False,False,False,False,False,False,False,True,False
Canada,McGill University,2016,82.6,88.2,63900,Marketing Manager,Financial Modeling,Market Research,Excel,35,13.8,53,0,False,False,False,True,True,False,False,False,False,False,False,False,False,False,False,False,False,False
Brazil,University of São Paulo,2019,92.8,95.3,49400,Software Engineer,Java,Cloud Computing,DevOps,66,11.7,64,1,False,True,False,False,False,True,True,False,False,False,False,False,False,False,False,False,True,False
China,Fudan University,2019,98.1,100.0,38200,Medical Doctor,Medical Coding,Diagnostics,Clinical Research,58,17.1,74,1,False,False,False,False,False,False,False,False,False,True,False,False,False,True,False,False,False,False
UAE,Khalifa University,2023,83.8,86.5,77100,Management Consultant,Strategic Planning,Market Research,Data Analysis,80,61.8,100,0,False,False,True,False,True,False,False,False,False,False,False,False,False,False,False,False,False,False
Argentina,University of Buenos Aires,2016,79.0,84.1,28900,Physicist,Laboratory Skills,Experimental Design,Scientific Writing,59,13.9,76,0,False,True,False,False,False,True,False,False,False,False,True,False,False,False,False,True,False,False
Mexico,UNAM,2019,89.4,93.7,30400,NLP Specialist,R,Big Data,Data Visualization,74,14.3,75,1,False,True,False,False,False,False,False,True,False,False,False,False,False,False,False,False,False,True
Canada,University of Toronto,2021,97.0,97.9,108600,Cybersecurity Analyst,DevOps,React,SQL,85,52.2,95,1,False,False,False,True,False,True,True,False,False,False,False,False,False,False,False,False,True,False
China,Tsinghua University,2021,87.8,92.9,20300,Policy Analyst,Communication,Qualitative Research,Public Policy,66,66.8,78,1,False,False,False,False,False,False,False,False,False,False,False,True,True,False,False,False,False,False
France,PSL University,2020,92.5,96.5,76700,Pharmacist,Clinical Research,Patient Care,Medical Coding,59,32.8,69,1,True,False,False,False,True,False,False,False,False,True,False,False,False,True,False,False,False,False
USA,Harvard,2018,85.1,89.9,79700,Biologist,Experimental Design,Statistical Analysis,Laboratory Skills,52,11.1,48,0,False,False,False,True,False,True,False,False,False,False,True,False,False,False,False,True,False,False
Saudi Arabia,King Abdulaziz University,2024,82.5,87.2,82800,Human Resources Specialist,Data Analysis,Public Policy,Qualitative Research,58,80.2,90,0,False,False,True,False,False,True,False,False,False,False,False,True,True,False,False,False,False,False
USA,Georgia Tech,2023,95.5,100.0,114000,Medical Doctor,Clinical Research,Patient Care,Medical Coding,62,55.5,66,1,False,False,False,True,True,False,False,False,False,True,False,False,False,True,False,False,False,False
China,Peking University,2017,88.2,93.9,52500,Marketing Manager,Excel,Data Analysis,Financial Modeling,70,16.0,63,1,False,False,False,False,False,True,False,False,False,False,False,False,False,False,False,False,False,False
Brazil,University of São Paulo,2016,96.9,100.0,14800,Cybersecurity Analyst,Java,DevOps,Cloud Computing,58,17.5,75,1,False,True,False,False,False,False,True,False,False,False,False,False,False,False,False,False,True,False
Saudi Arabia,King Abdulaziz University,2016,98.1,100.0,56000,Data Analyst,Big Data,Machine Learning,R,78,12.4,79,1,False,False,True,False,False,False,False,True,False,False,False,False,False,False,False,False,False,True
Canada,McGill University,2020,91.0,94.2,82700,Pharmacist,Clinical Research,Patient Care,Medical Coding,56,36.3,60,1,False,False,False,True,True,False,False,False,False,True,False,False,False,True,False,False,False,False
Singapore,NUS,2017,81.4,87.4,76100,Economist,Data Analysis,Qualitative Research,Communication,37,9.4,71,0,False,False,False,False,False,True,False,False,False,False,False,True,True,False,False,False,False,False
USA,Georgia Tech,2025,82.1,84.0,110800,Environmental Scientist,Statistical Analysis,Experimental Design,Laboratory Skills,73,90.0,77,0,False,False,False,True,False,True,False,False,False,False,True,False,False,False,False,True,False,False
Netherlands,University of Amsterdam,2017,81.0,87.0,56500,Mechanical Engineer,Lean Six Sigma,SolidWorks,Project Management,55,13.4,46,0,True,False,False,False,False,False,False,False,True,False,False,False,False,False,True,False,False,False
Brazil,University of São Paulo,2020,90.9,91.0,25900,Sociologist,Communication,Public Policy,Data Analysis,58,51.7,68,1,False,True,False,False,False,True,False,False,False,False,False,True,True,False,False,False,False,False
Japan,Kyoto University,2021,90.6,94.9,57700,Data Analyst,Big Data,Deep Learning,Machine Learning,82,43.2,86,1,False,False,False,False,False,False,False,True,False,False,False,False,False,False,False,False,False,True
France,Ecole Polytechnique,2024,79.3,81.6,52900,Policy Analyst,Public Policy,Communication,Data Analysis,62,78.2,77,0,True,False,False,False,False,False,False,False,False,False,False,True,True,False,False,False,False,False
Brazil,University of São Paulo,2015,87.4,93.4,26200,Data Analyst,Data Visualization,Deep Learning,Big Data,79,6.9,50,1,False,True,False,False,True,False,False,True,False,False,False,False,False,False,False,False,False,True
South Korea,Seoul National University,2023,86.9,91.4,96100,Electrical Engineer,Lean Six Sigma,MATLAB,SolidWorks,74,68.8,83,1,False,False,False,False,False,True,False,False,True,False,False,False,False,False,True,False,False,False
USA,MIT,2025,91.7,96.5,116300,Pharmacist,Patient Care,Clinical Research,Diagnostics,55,90.0,55,1,False,False,False,True,True,False,False,False,False,True,False,False,False,True,False,False,False,False
UK,Cambridge,2021,90.2,93.3,72000,Cybersecurity Analyst,Cybersecurity,Cloud Computing,Python,81,56.9,84,1,True,False,False,False,True,False,True,False,False,False,False,False,False,False,False,False,True,False
USA,Harvard,2015,81.5,86.6,78900,Policy Analyst,Public Policy,Data Analysis,Qualitative Research,54,5.0,78,0,False,False,False,True,False,True,False,False,False,False,False,True,True,False,False,False,False,False
Saudi Arabia,King Abdulaziz University,2025,90.2,94.4,45400,Environmental Scientist,Laboratory Skills,Statistical Analysis,Experimental Design,68,82.3,60,1,False,False,True,False,False,False,False,False,False,False,True,False,False,False,False,True,False,False
USA,Harvard,2022,84.7,86.6,75600,Chemist,Laboratory Skills,Scientific Writing,Experimental Design,79,71.9,65,0,False,False,False,True,False,False,False,False,False,False,True,False,False,False,False,True,False,False
USA,UC Berkeley,2021,79.9,88.9,63900,Physicist,Scientific Writing,Experimental Design,Laboratory Skills,54,51.5,63,0,False,False,False,True,False,False,False,False,False,False,True,False,False,False,False,True,False,False
Mexico,UNAM,2019,99.0,100.0,30000,Biomedical Researcher,Medical Coding,Diagnostics,Patient Care,60,5.0,64,1,False,True,False,False,False,True,False,False,False,True,False,False,False,True,False,False,False,False
Switzerland,EPFL,2023,87.1,93.3,132700,Biomedical Researcher,Patient Care,Diagnostics,Medical Coding,63,81.6,90,1,True,False,False,False,True,False,False,False,False,True,False,False,False,True,False,False,False,False
South Africa,University of Cape Town,2016,81.6,87.0,24000,Chemist,Experimental Design,Scientific Writing,Laboratory Skills,58,10.1,72,0,False,False,True,False,True,False,False,False,False,False,True,False,False,False,False,True,False,False
Brazil,University of São Paulo,2018,93.6,100.0,39200,Software Engineer,SQL,React,Python,82,13.5,80,1,False,True,False,False,False,True,True,False,False,False,False,False,False,False,False,False,True,False
Japan,University of Tokyo,2023,91.6,94.4,62600,Data Analyst,NLP,Big Data,Data Visualization,98,42.2,68,1,False,False,False,False,False,False,False,True,False,False,False,False,False,False,False,False,False,True
UK,LSE,2020,74.4,80.2,75800,Civil Engineer,SolidWorks,MATLAB,Lean Six Sigma,53,36.3,84,0,True,False,False,False,True,False,False,False,True,False,False,False,False,False,True,False,False,False
India,IIT Delhi,2021,82.8,85.9,38800,Cybersecurity Analyst,SQL,Cloud Computing,Cybersecurity,91,54.5,96,0,False,False,False,False,False,True,True,False,False,False,False,False,False,False,False,False,True,False
Canada,McGill University,2023,88.3,98.3,82400,Public Health Specialist,Patient Care,Medical Coding,Diagnostics,66,60.4,60,1,False,False,False,True,False,False,False,False,False,True,False,False,False,True,False,False,False,False
Saudi Arabia,King Abdulaziz University,2018,98.0,100.0,47300,Data Analyst,Data Visualization,R,NLP,65,8.9,71,1,False,False,True,False,False,False,False,True,False,False,False,False,False,False,False,False,False,True
UAE,Khalifa University,2022,82.5,87.1,81400,Software Engineer,SQL,DevOps,Cloud Computing,80,56.1,73,0,False,False,True,False,True,False,True,False,False,False,False,False,False,False,False,False,True,False
Mexico,UNAM,2020,91.5,96.8,46900,Data Analyst,Machine Learning,R,Data Visualization,87,45.5,60,1,False,True,False,False,False,True,False,True,False,False,False,False,False,False,False,False,False,True
Switzerland,ETH Zurich,2015,85.7,88.5,100800,Biologist,Laboratory Skills,Scientific Writing,Statistical Analysis,62,17.2,59,0,True,False,False,False,False,True,False,False,False,False,True,False,False,False,False,True,False,False
USA,UC Berkeley,2019,86.2,90.1,85200,Economist,Public Policy,Communication,Data Analysis,62,10.8,47,0,False,False,False,True,False,True,False,False,False,False,False,True,True,False,False,False,False,False
USA,MIT,2023,75.7,82.6,85000,Chemist,Experimental Design,Laboratory Skills,Scientific Writing,59,68.4,90,0,False,False,False,True,True,False,False,False,False,False,True,False,False,False,False,True,False,False
Japan,Kyoto University,2015,77.6,80.6,73300,Investment Banker,Strategic Planning,Market Research,Excel,44,12.0,75,0,False,False,False,False,False,True,False,False,False,False,False,False,False,False,False,False,False,False
Argentina,University of Buenos Aires,2019,84.2,89.7,15900,Machine Learning Engineer,NLP,Machine Learning,Deep Learning,76,20.8,70,0,False,True,False,False,False,False,False,True,False,False,False,False,False,False,False,False,False,True
USA,Stanford,2024,85.4,87.3,125700,Data Analyst,R,Machine Learning,Big Data,76,90.0,96,0,False,False,False,True,True,False,False,True,False,False,False,False,False,False,False,False,False,True
Argentina,University of Buenos Aires,2016,87.7,90.4,14500,AI Consultant,R,Deep Learning,Big Data,53,13.6,73,0,False,True,False,False,False,False,False,True,False,False,False,False,False,False,False,False,False,True
South Africa,University of Cape Town,2020,86.0,94.3,51100,Medical Doctor,Clinical Research,Patient Care,Medical Coding,54,45.3,48,1,False,False,True,False,False,True,False,False,False,True,False,False,False,True,False,False,False,False
Brazil,University of São Paulo,2017,84.5,90.1,35000,Electrical Engineer,SolidWorks,AutoCAD,Project Management,55,12.5,53,0,False,True,False,False,False,True,False,False,True,False,False,False,False,False,True,False,False,False
USA,MIT,2021,90.6,96.0,79800,Data Scientist,Cloud Computing,React,Cybersecurity,82,37.3,50,1,False,False,False,True,False,False,True,False,False,False,False,False,False,False,False,False,True,False
Singapore,NUS,2024,84.1,90.7,46900,Sociologist,Public Policy,Data Analysis,Qualitative Research,76,83.1,40,1,False,False,False,False,False,False,False,False,False,False,False,True,True,False,False,False,False,False
UK,Cambridge,2023,92.1,97.4,78500,Software Engineer,Cybersecurity,React,Cloud Computing,83,73.7,70,1,True,False,False,False,True,False,True,False,False,False,False,False,False,False,False,False,True,False
Canada,UBC,2018,89.8,96.8,98700,Cloud Architect,React,Cloud Computing,Cybersecurity,71,5.0,58,1,False,False,False,True,False,True,True,False,False,False,False,False,False,False,False,False,True,False
Switzerland,EPFL,2018,86.2,91.1,83900,Chemist,Scientific Writing,Experimental Design,Statistical Analysis,54,5.0,81,1,True,False,False,False,True,False,False,False,False,False,True,False,False,False,False,True,False,False
Canada,McGill University,2015,89.5,97.5,52800,Cloud Architect,DevOps,SQL,Cybersecurity,75,5.0,43,1,False,False,False,True,False,False,True,False,False,False,False,False,False,False,False,False,True,False
USA,UC Berkeley,2023,76.9,83.2,127900,Marketing Manager,Financial Modeling,Market Research,Excel,66,71.7,59,0,False,False,False,True,False,True,False,False,False,False,False,False,False,False,False,False,False,False
Mexico,UNAM,2018,94.2,98.7,25800,Chemist,Experimental Design,Scientific Writing,Statistical Analysis,59,10.5,66,1,False,True,False,False,False,False,False,False,False,False,True,False,False,False,False,True,False,False
Sweden,KTH Royal Institute of Technology,2019,77.6,80.3,71100,Chemist,Scientific Writing,Experimental Design,Statistical Analysis,62,7.4,40,0,True,False,False,False,False,True,False,False,False,False,True,False,False,False,False,True,False,False
USA,UC Berkeley,2021,81.1,88.8,96600,Investment Banker,Strategic Planning,Excel,Market Research,65,35.2,40,0,False,False,False,True,True,False,False,False,False,False,False,False,False,False,False,False,False,False
Germany,Humboldt University,2015,78.1,85.0,51900,Environmental Scientist,Laboratory Skills,Statistical Analysis,Experimental Design,49,15.7,50,0,True,False,False,False,True,False,False,False,False,False,True,False,False,False,False,True,False,False
Japan,University of Tokyo,2019,84.9,85.8,64400,Electrical Engineer,AutoCAD,SolidWorks,MATLAB,71,10.5,75,0,False,False,False,False,True,False,False,False,True,False,False,False,False,False,True,False,False,False
Switzerland,ETH Zurich,2025,89.4,92.0,151800,Civil Engineer,Lean Six Sigma,Project Management,AutoCAD,78,90.0,55,1,True,False,False,False,False,True,False,False,True,False,False,False,False,False,True,False,False,False
Japan,University of Tokyo,2015,91.2,97.5,56100,Software Engineer,Cybersecurity,Python,DevOps,54,20.6,51,1,False,False,False,False,False,False,True,False,False,False,False,False,False,False,False,False,True,False
India,IIT Bombay,2023,78.0,81.8,36900,Chemist,Experimental Design,Scientific Writing,Statistical Analysis,73,80.3,50,0,False,False,False,False,False,True,False,False,False,False,True,False,False,False,False,True,False,False
USA,MIT,2021,85.2,88.3,81000,Investment Banker,Data Analysis,Strategic Planning,Financial Modeling,77,35.4,60,0,False,False,False,True,False,False,False,False,False,False,False,False,False,False,False,False,False,False
Singapore,NTU,2024,87.0,92.5,113200,AI Consultant,Big Data,NLP,Data Visualization,90,78.1,82,1,False,False,False,False,True,False,False,True,False,False,False,False,False,False,False,False,False,True
Saudi Arabia,King Abdulaziz University,2024,91.2,98.5,66100,Pharmacist,Diagnostics,Patient Care,Clinical Research,75,87.9,52,1,False,False,True,False,False,False,False,False,False,True,False,False,False,True,False,False,False,False
USA,Stanford,2017,76.9,79.3,64600,Human Resources Specialist,Public Policy,Communication,Data Analysis,53,5.5,81,0,False,False,False,True,True,False,False,False,False,False,False,True,True,False,False,False,False,False
Japan,University of Tokyo,2022,80.5,83.8,65600,Machine Learning Engineer,Data Visualization,Machine Learning,Deep Learning,69,55.4,76,0,False,False,False,False,False,False,False,True,False,False,False,False,False,False,False,False,False,True
Brazil,University of São Paulo,2017,78.3,85.9,23000,Chemist,Statistical Analysis,Scientific Writing,Laboratory Skills,30,16.2,61,0,False,True,False,False,True,False,False,False,False,False,True,False,False,False,False,True,False,False
Netherlands,TU Delft,2024,77.4,85.4,48400,Policy Analyst,Qualitative Research,Public Policy,Data Analysis,55,80.1,77,0,True,False,False,False,False,False,False,False,False,False,False,True,True,False,False,False,False,False
Israel,Technion,2024,88.4,93.1,126300,Machine Learning Engineer,Machine Learning,Data Visualization,NLP,79,71.8,64,1,False,False,True,False,False,True,False,True,False,False,False,False,False,False,False,False,False,True
Israel,Technion,2020,91.3,98.4,122600,AI Consultant,Big Data,NLP,Machine Learning,70,27.5,98,1,False,False,True,False,False,True,False,True,False,False,False,False,False,False,False,False,False,True
Israel,Hebrew University of Jerusalem,2016,73.4,75.0,40000,Policy Analyst,Data Analysis,Communication,Public Policy,62,8.3,66,0,False,False,True,False,False,False,False,False,False,False,False,True,True,False,False,False,False,False
India,IIT Delhi,2024,88.1,92.7,31900,Chemist,Statistical Analysis,Laboratory Skills,Experimental Design,91,81.3,85,1,False,False,False,False,False,True,False,False,False,False,True,False,False,False,False,True,False,False
Israel,Technion,2020,92.8,96.6,123400,Data Analyst,R,Machine Learning,Big Data,83,45.1,61,1,False,False,True,False,False,True,False,True,False,False,False,False,False,False,False,False,False,True
Sweden,Karolinska Institute,2015,96.2,100.0,53600,Cloud Architect,Java,Cybersecurity,SQL,78,19.3,60,1,True,False,False,False,False,False,True,False,False,False,False,False,False,False,False,False,True,False
Australia,University of Melbourne,2018,89.7,92.9,85700,Physicist,Statistical Analysis,Scientific Writing,Laboratory Skills,51,18.7,55,1,False,False,False,False,False,True,False,False,False,False,True,False,False,False,False,True,False,False
China,Peking University,2019,88.9,96.3,37800,Investment Banker,Strategic Planning,Market Research,Excel,62,9.8,63,1,False,False,False,False,True,False,False,False,False,False,False,False,False,False,False,False,False,False
Canada,McGill University,2018,99.0,100.0,103600,Medical Doctor,Clinical Research,Medical Coding,Diagnostics,77,5.5,69,1,False,False,False,True,False,True,False,False,False,True,False,False,False,True,False,False,False,False
UK,Cambridge,2017,84.6,89.3,58800,NLP Specialist,Deep Learning,NLP,Big Data,78,12.6,100,0,True,False,False,False,False,False,False,True,False,False,False,False,False,False,False,False,False,True
Mexico,UNAM,2018,98.8,100.0,36900,Software Engineer,Cloud Computing,React,Java,92,22.0,77,1,False,True,False,False,False,True,True,False,False,False,False,False,False,False,False,False,True,False
Switzerland,ETH Zurich,2015,88.5,94.1,102300,Data Analyst,Data Visualization,R,NLP,74,13.5,76,1,True,False,False,False,True,False,False,True,False,False,False,False,False,False,False,False,False,True
USA,Harvard,2024,79.8,85.6,109100,Environmental Scientist,Statistical Analysis,Experimental Design,Scientific Writing,86,90.0,78,0,False,False,False,True,False,True,False,False,False,False,True,False,False,False,False,True,False,False
South Korea,Seoul National University,2018,91.1,95.1,83300,Biomedical Researcher,Patient Care,Clinical Research,Medical Coding,48,9.4,63,1,False,False,False,False,False,True,False,False,False,True,False,False,False,True,False,False,False,False
UAE,Khalifa University,2025,80.6,84.0,101500,Environmental Scientist,Laboratory Skills,Statistical Analysis,Scientific Writing,89,85.5,72,0,False,False,True,False,False,True,False,False,False,False,True,False,False,False,False,True,False,False
UAE,Khalifa University,2023,77.3,84.8,82800,Sociologist,Qualitative Research,Public Policy,Communication,72,85.6,59,0,False,False,True,False,False,True,False,False,False,False,False,True,True,False,False,False,False,False
Sweden,Karolinska Institute,2021,90.2,95.7,66200,Medical Doctor,Diagnostics,Clinical Research,Medical Coding,47,51.1,48,1,True,False,False,False,False,False,False,False,False,True,False,False,False,True,False,False,False,False
UK,LSE,2023,80.6,81.9,85400,Cloud Architect,Python,Cloud Computing,DevOps,94,64.5,55,0,True,False,False,False,True,False,True,False,False,False,False,False,False,False,False,False,True,False
South Korea,KAIST,2015,82.9,89.6,48800,Chemist,Experimental Design,Laboratory Skills,Statistical Analysis,48,23.4,60,0,False,False,False,False,True,False,False,False,False,False,True,False,False,False,False,True,False,False
Canada,McGill University,2019,90.9,92.6,87600,AI Researcher,Cybersecurity,Cloud Computing,React,82,11.6,54,1,False,False,False,True,True,False,True,False,False,False,False,False,False,False,False,False,True,False
Canada,McGill University,2025,81.1,86.8,81800,Civil Engineer,MATLAB,Project Management,Lean Six Sigma,45,90.0,62,0,False,False,False,True,True,False,False,False,True,False,False,False,False,False,True,False,False,False
Israel,Hebrew University of Jerusalem,2025,94.7,99.7,79800,NLP Specialist,Big Data,Data Visualization,Deep Learning,100,90.0,69,1,False,False,True,False,False,False,False,True,False,False,False,False,False,False,False,False,False,True
Germany,TU Munich,2021,83.7,87.8,76000,Civil Engineer,AutoCAD,Lean Six Sigma,Project Management,53,56.1,67,0,True,False,False,False,True,False,False,False,True,False,False,False,False,False,True,False,False,False
India,IIT Delhi,2020,88.4,93.2,33800,Civil Engineer,Lean Six Sigma,MATLAB,Project Management,60,34.0,76,1,False,False,False,False,False,True,False,False,True,False,False,False,False,False,True,False,False,False
USA,Georgia Tech,2024,87.5,91.3,133800,Marketing Manager,Market Research,Financial Modeling,Excel,63,87.9,73,1,False,False,False,True,False,True,False,False,False,False,False,False,False,False,False,False,False,False
Sweden,KTH Royal Institute of Technology,2016,99.0,100.0,89700,AI Consultant,NLP,Big Data,Data Visualization,79,5.0,98,1,True,False,False,False,False,True,False,True,False,False,False,False,False,False,False,False,False,True
Germany,Humboldt University,2018,87.0,91.8,52900,Environmental Scientist,Statistical Analysis,Scientific Writing,Experimental Design,52,10.9,79,1,True,False,False,False,True,False,False,False,False,False,True,False,False,False,False,True,False,False
France,PSL University,2018,87.2,93.5,65900,Biomedical Researcher,Patient Care,Clinical Research,Diagnostics,38,7.1,100,1,True,False,False,False,True,False,False,False,False,True,False,False,False,True,False,False,False,False
USA,MIT,2020,85.7,89.6,49400,Sociologist,Data Analysis,Qualitative Research,Public Policy,65,46.5,86,0,False,False,False,True,False,False,False,False,False,False,False,True,True,False,False,False,False,False
Japan,Kyoto University,2024,92.9,96.8,91400,Marketing Manager,Excel,Data Analysis,Strategic Planning,70,82.5,53,1,False,False,False,False,False,True,False,False,False,False,False,False,False,False,False,False,False,False
Argentina,University of Buenos Aires,2025,83.8,87.9,26700,Chemist,Scientific Writing,Laboratory Skills,Statistical Analysis,94,81.6,87,0,False,True,False,False,False,True,False,False,False,False,True,False,False,False,False,True,False,False
Mexico,UNAM,2021,81.2,84.5,32600,Marketing Manager,Market Research,Data Analysis,Financial Modeling,54,44.8,43,0,False,True,False,False,True,False,False,False,False,False,False,False,False,False,False,False,False,False
France,PSL University,2020,72.6,80.3,47600,Mechanical Engineer,MATLAB,Lean Six Sigma,AutoCAD,66,47.9,78,0,True,False,False,False,False,False,False,False,True,False,False,False,False,False,True,False,False,False
South Africa,University of Cape Town,2020,99.0,100.0,49800,Data Scientist,Java,DevOps,Cybersecurity,81,47.5,50,1,False,False,True,False,False,True,True,False,False,False,False,False,False,False,False,False,True,False
Japan,Kyoto University,2022,91.4,96.7,92400,Machine Learning Engineer,Deep Learning,Machine Learning,NLP,96,69.1,70,1,False,False,False,False,True,False,False,True,False,False,False,False,False,False,False,False,False,True
Mexico,UNAM,2024,82.5,86.4,28600,NLP Specialist,Machine Learning,R,Deep Learning,93,84.4,88,0,False,True,False,False,False,False,False,True,False,False,False,False,False,False,False,False,False,True
Canada,University of Toronto,2025,86.1,93.2,130100,Data Analyst,Big Data,NLP,Deep Learning,100,90.0,67,1,False,False,False,True,False,True,False,True,False,False,False,False,False,False,False,False,False,True
Netherlands,TU Delft,2020,98.4,100.0,65800,Environmental Scientist,Scientific Writing,Laboratory Skills,Experimental Design,46,34.1,79,1,True,False,False,False,True,False,False,False,False,False,True,False,False,False,False,True,False,False
Israel,Technion,2022,83.8,89.6,84500,Physicist,Statistical Analysis,Laboratory Skills,Scientific Writing,79,73.1,82,0,False,False,True,False,False,True,False,False,False,False,True,False,False,False,False,True,False,False
UAE,Khalifa University,2020,87.6,94.0,71600,Physicist,Statistical Analysis,Laboratory Skills,Scientific Writing,62,22.7,58,1,False,False,True,False,False,True,False,False,False,False,True,False,False,False,False,True,False,False
Singapore,NTU,2019,79.9,84.9,67700,Public Health Specialist,Medical Coding,Clinical Research,Diagnostics,50,23.1,67,0,False,False,False,False,False,False,False,False,False,True,False,False,False,True,False,False,False,False
Singapore,NUS,2022,83.4,87.3,106900,Medical Doctor,Medical Coding,Patient Care,Diagnostics,64,50.9,63,0,False,False,False,False,True,False,False,False,False,True,False,False,False,True,False,False,False,False
Canada,University of Toronto,2025,81.8,90.5,109500,Civil Engineer,AutoCAD,SolidWorks,Project Management,73,90.0,78,0,False,False,False,True,False,True,False,False,True,False,False,False,False,False,True,False,False,False
Netherlands,University of Amsterdam,2024,80.8,85.2,82000,Electrical Engineer,SolidWorks,Lean Six Sigma,MATLAB,69,90.0,86,0,True,False,False,False,True,False,False,False,True,False,False,False,False,False,True,False,False,False
Brazil,University of São Paulo,2016,95.1,99.7,28500,AI Researcher,Cloud Computing,Python,React,72,7.6,67,1,False,True,False,False,True,False,True,False,False,False,False,False,False,False,False,False,True,False
Netherlands,TU Delft,2020,90.5,95.7,73000,Machine Learning Engineer,NLP,Big Data,Machine Learning,65,36.9,66,1,True,False,False,False,False,False,False,True,False,False,False,False,False,False,False,False,False,True
USA,UC Berkeley,2017,83.1,87.2,98500,Electrical Engineer,AutoCAD,MATLAB,Lean Six Sigma,54,10.6,55,0,False,False,False,True,False,True,False,False,True,False,False,False,False,False,True,False,False,False
Argentina,University of Buenos Aires,2015,80.4,87.8,13800,Investment Banker,Market Research,Excel,Financial Modeling,52,6.7,75,0,False,True,False,False,False,False,False,False,False,False,False,False,False,False,False,False,False,False
Netherlands,TU Delft,2015,85.8,91.9,69000,Robotics Engineer,Project Management,AutoCAD,SolidWorks,57,17.2,86,1,True,False,False,False,True,False,False,False,True,False,False,False,False,False,True,False,False,False
South Africa,University of Cape Town,2023,88.3,91.2,51900,Mechanical Engineer,SolidWorks,Project Management,MATLAB,50,71.6,71,1,False,False,True,False,False,True,False,False,True,False,False,False,False,False,True,False,False,False
Saudi Arabia,King Abdulaziz University,2017,94.1,95.4,54200,Data Analyst,NLP,R,Big Data,68,7.6,45,1,False,False,True,False,False,False,False,True,False,False,False,False,False,False,False,False,False,True
Germany,TU Munich,2022,73.2,77.0,56300,Economist,Qualitative Research,Communication,Public Policy,73,66.5,53,0,True,False,False,False,False,False,False,False,False,False,False,True,True,False,False,False,False,False
Canada,McGill University,2018,82.7,92.4,57700,Economist,Communication,Public Policy,Data Analysis,60,9.3,57,1,False,False,False,True,True,False,False,False,False,False,False,True,True,False,False,False,False,False
Mexico,UNAM,2015,88.9,96.6,30600,Machine Learning Engineer,Data Visualization,NLP,Machine Learning,70,12.8,92,1,False,True,False,False,False,True,False,True,False,False,False,False,False,False,False,False,False,True
Israel,Technion,2021,89.4,94.5,92200,Civil Engineer,Lean Six Sigma,SolidWorks,AutoCAD,66,41.7,58,1,False,False,True,False,False,True,False,False,True,False,False,False,False,False,True,False,False,False
Netherlands,TU Delft,2022,99.0,100.0,67400,Software Engineer,Python,Java,DevOps,96,58.1,60,1,True,False,False,False,False,False,True,False,False,False,False,False,False,False,False,False,True,False
Singapore,NUS,2023,80.6,81.5,86100,Human Resources Specialist,Qualitative Research,Communication,Public Policy,58,64.4,67,0,False,False,False,False,False,True,False,False,False,False,False,True,True,False,False,False,False,False
Argentina,University of Buenos Aires,2019,84.8,89.8,24200,Biologist,Experimental Design,Statistical Analysis,Laboratory Skills,52,5.0,61,0,False,True,False,False,False,True,False,False,False,False,True,False,False,False,False,True,False,False
Mexico,UNAM,2018,82.3,89.1,15000,Mechanical Engineer,Project Management,Lean Six Sigma,AutoCAD,65,13.8,67,0,False,True,False,False,False,False,False,False,True,False,False,False,False,False,True,False,False,False
Canada,McGill University,2023,86.3,88.2,74400,Data Analyst,NLP,Big Data,Deep Learning,95,68.3,51,0,False,False,False,True,False,False,False,True,False,False,False,False,False,False,False,False,False,True
Sweden,Karolinska Institute,2021,86.9,92.0,74700,Data Scientist,Java,Cybersecurity,Cloud Computing,92,46.5,40,1,True,False,False,False,True,False,True,False,False,False,False,False,False,False,False,False,True,False
Singapore,NUS,2025,80.5,85.0,95600,Mechanical Engineer,SolidWorks,Project Management,AutoCAD,63,90.0,70,0,False,False,False,False,True,False,False,False,True,False,False,False,False,False,True,False,False,False
UAE,Khalifa University,2022,83.3,87.5,61000,Policy Analyst,Communication,Public Policy,Data Analysis,59,73.8,78,0,False,False,True,False,True,False,False,False,False,False,False,True,True,False,False,False,False,False
Argentina,University of Buenos Aires,2023,86.1,92.2,20700,Chemist,Scientific Writing,Laboratory Skills,Statistical Analysis,75,54.2,73,1,False,True,False,False,False,False,False,False,False,False,True,False,False,False,False,True,False,False
USA,Stanford,2021,89.6,96.5,89400,Robotics Engineer,AutoCAD,MATLAB,SolidWorks,55,53.7,72,1,False,False,False,True,True,False,False,False,True,False,False,False,False,False,True,False,False,False
Switzerland,EPFL,2021,87.9,93.6,154400,NLP Specialist,Machine Learning,R,Big Data,79,52.8,59,1,True,False,False,False,False,True,False,True,False,False,False,False,False,False,False,False,False,True
Canada,McGill University,2016,97.1,100.0,72300,Public Health Specialist,Patient Care,Medical Coding,Clinical Research,42,9.7,58,1,False,False,False,True,True,False,False,False,False,True,False,False,False,True,False,False,False,False
Canada,UBC,2016,91.8,93.8,67800,AI Researcher,Cybersecurity,React,Cloud Computing,61,20.3,76,1,False,False,False,True,True,False,True,False,False,False,False,False,False,False,False,False,True,False
Mexico,UNAM,2016,85.1,91.2,19400,Sociologist,Data Analysis,Communication,Public Policy,61,9.4,84,1,False,True,False,False,False,True,False,False,False,False,False,True,True,False,False,False,False,False
Argentina,University of Buenos Aires,2017,76.0,81.3,7100,Chemist,Laboratory Skills,Statistical Analysis,Experimental Design,57,5.4,73,0,False,True,False,False,True,False,False,False,False,False,True,False,False,False,False,True,False,False
Canada,University of Toronto,2025,79.9,86.9,83300,Robotics Engineer,AutoCAD,Lean Six Sigma,MATLAB,79,80.0,54,0,False,False,False,True,True,False,False,False,True,False,False,False,False,False,True,False,False,False
USA,MIT,2016,89.9,93.6,71600,NLP Specialist,Deep Learning,Big Data,NLP,82,11.7,76,1,False,False,False,True,False,False,False,True,False,False,False,False,False,False,False,False,False,True
Israel,Hebrew University of Jerusalem,2025,98.8,98.8,126700,Pharmacist,Diagnostics,Patient Care,Clinical Research,78,90.0,63,1,False,False,True,False,False,True,False,False,False,True,False,False,False,True,False,False,False,False
UK,Cambridge,2022,80.9,86.1,84200,Financial Analyst,Strategic Planning,Financial Modeling,Excel,67,90.0,90,0,True,False,False,False,True,False,False,False,False,False,False,False,False,False,False,False,False,False
Netherlands,University of Amsterdam,2015,78.4,83.7,70400,Environmental Scientist,Experimental Design,Statistical Analysis,Scientific Writing,41,14.1,72,0,True,False,False,False,False,True,False,False,False,False,True,False,False,False,False,True,False,False
India,IISc Bangalore,2025,80.4,83.7,13200,Policy Analyst,Communication,Public Policy,Data Analysis,71,81.4,70,0,False,False,False,False,False,False,False,False,False,False,False,True,True,False,False,False,False,False
Mexico,UNAM,2023,89.7,94.0,28800,AI Researcher,React,SQL,Cybersecurity,88,77.0,53,1,False,True,False,False,False,False,True,False,False,False,False,False,False,False,False,False,True,False
Germany,TU Munich,2017,96.6,100.0,60800,AI Researcher,Python,Cybersecurity,SQL,74,13.2,76,1,True,False,False,False,False,False,True,False,False,False,False,False,False,False,False,False,True,False
Canada,McGill University,2019,81.1,83.0,89300,NLP Specialist,Big Data,Data Visualization,R,88,5.0,76,0,False,False,False,True,True,False,False,True,False,False,False,False,False,False,False,False,False,True
USA,MIT,2023,75.0,80.7,78400,Management Consultant,Data Analysis,Market Research,Strategic Planning,68,90.0,60,0,False,False,False,True,False,False,False,False,False,False,False,False,False,False,False,False,False,False
Israel,Hebrew University of Jerusalem,2024,93.0,96.7,112200,AI Consultant,Data Visualization,Big Data,NLP,95,85.7,70,1,False,False,True,False,True,False,False,True,False,False,False,False,False,False,False,False,False,True
Canada,University of Toronto,2021,88.3,91.6,92000,AI Consultant,NLP,Machine Learning,R,89,47.8,68,1,False,False,False,True,True,False,False,True,False,False,False,False,False,False,False,False,False,True
USA,UC Berkeley,2020,91.3,93.5,84300,Data Analyst,NLP,Deep Learning,Data Visualization,92,41.2,66,1,False,False,False,True,False,False,False,True,False,False,False,False,False,False,False,False,False,True
Canada,McGill University,2024,84.2,90.7,114400,Investment Banker,Strategic Planning,Data Analysis,Market Research,73,87.2,90,1,False,False,False,True,False,True,False,False,False,False,False,False,False,False,False,False,False,False
Canada,University of Toronto,2021,82.2,85.0,80300,Policy Analyst,Qualitative Research,Data Analysis,Public Policy,78,47.6,62,0,False,False,False,True,False,True,False,False,False,False,False,True,True,False,False,False,False,False
Australia,University of Sydney,2017,94.7,100.0,92100,Data Scientist,Cloud Computing,SQL,Python,58,12.3,62,1,False,False,False,False,False,True,True,False,False,False,False,False,False,False,False,False,True,False
Saudi Arabia,King Abdulaziz University,2018,78.4,82.5,61300,Policy Analyst,Data Analysis,Qualitative Research,Public Policy,47,16.4,64,0,False,False,True,False,True,False,False,False,False,False,False,True,True,False,False,False,False,False
Australia,University of Sydney,2023,96.5,98.8,121800,Public Health Specialist,Medical Coding,Diagnostics,Patient Care,72,87.8,78,1,False,False,False,False,False,True,False,False,False,True,False,False,False,True,False,False,False,False
South Korea,KAIST,2020,94.4,100.0,57100,AI Consultant,R,NLP,Deep Learning,92,44.4,83,1,False,False,False,False,False,False,False,True,False,False,False,False,False,False,False,False,False,True
China,Peking University,2021,96.9,99.9,58600,Data Scientist,Cybersecurity,SQL,React,78,19.2,76,1,False,False,False,False,False,True,True,False,False,False,False,False,False,False,False,False,True,False
Saudi Arabia,King Abdulaziz University,2022,96.8,100.0,76000,Pharmacist,Medical Coding,Clinical Research,Patient Care,75,49.2,85,1,False,False,True,False,True,False,False,False,False,True,False,False,False,True,False,False,False,False
China,Fudan University,2025,86.8,93.4,66700,Physicist,Statistical Analysis,Laboratory Skills,Scientific Writing,71,84.8,81,1,False,False,False,False,False,True,False,False,False,False,True,False,False,False,False,True,False,False
South Africa,University of Cape Town,2022,87.9,89.4,26300,Medical Doctor,Patient Care,Medical Coding,Diagnostics,56,66.4,77,0,False,False,True,False,False,False,False,False,False,True,False,False,False,True,False,False,False,False
Germany,TU Munich,2024,80.9,82.1,58200,Chemist,Experimental Design,Laboratory Skills,Scientific Writing,64,73.2,60,0,True,False,False,False,False,False,False,False,False,False,True,False,False,False,False,True,False,False
Canada,University of Toronto,2019,86.9,90.7,88500,AI Consultant,Big Data,R,Deep Learning,57,8.5,53,1,False,False,False,True,True,False,False,True,False,False,False,False,False,False,False,False,False,True
Mexico,UNAM,2024,76.5,81.7,26000,Chemist,Statistical Analysis,Laboratory Skills,Scientific Writing,66,90.0,77,0,False,True,False,False,True,False,False,False,False,False,True,False,False,False,False,True,False,False
USA,Harvard,2021,84.9,90.0,93400,Biomedical Researcher,Medical Coding,Patient Care,Clinical Research,52,20.3,90,0,False,False,False,True,True,False,False,False,False,True,False,False,False,True,False,False,False,False
Saudi Arabia,King Abdulaziz University,2020,82.6,86.4,56200,Civil Engineer,AutoCAD,Project Management,Lean Six Sigma,64,33.0,73,0,False,False,True,False,False,False,False,False,True,False,False,False,False,False,True,False,False,False
Mexico,UNAM,2024,98.8,100.0,29000,Public Health Specialist,Diagnostics,Clinical Research,Patient Care,80,80.4,62,1,False,True,False,False,True,False,False,False,False,True,False,False,False,True,False,False,False,False
Brazil,University of São Paulo,2024,93.7,100.0,32200,Public Health Specialist,Patient Care,Clinical Research,Diagnostics,71,71.1,70,1,False,True,False,False,False,False,False,False,False,True,False,False,False,True,False,False,False,False
South Africa,University of Cape Town,2020,88.0,94.8,36200,Policy Analyst,Data Analysis,Qualitative Research,Public Policy,67,47.0,87,1,False,False,True,False,True,False,False,False,False,False,False,True,True,False,False,False,False,False
USA,Georgia Tech,2015,86.2,91.4,112100,Data Analyst,Deep Learning,R,NLP,61,5.0,59,1,False,False,False,True,False,True,False,True,False,False,False,False,False,False,False,False,False,True
Brazil,University of São Paulo,2018,80.7,86.4,32400,Biologist,Statistical Analysis,Experimental Design,Scientific Writing,43,5.0,57,0,False,True,False,False,False,False,False,False,False,False,True,False,False,False,False,True,False,False
France,Ecole Polytechnique,2016,81.7,87.9,43300,Human Resources Specialist,Public Policy,Qualitative Research,Data Analysis,59,7.0,90,0,True,False,False,False,False,False,False,False,False,False,False,True,True,False,False,False,False,False
Israel,Hebrew University of Jerusalem,2015,90.0,95.9,72100,Chemist,Laboratory Skills,Scientific Writing,Statistical Analysis,32,6.3,43,1,False,False,True,False,False,True,False,False,False,False,True,False,False,False,False,True,False,False
South Africa,University of Cape Town,2017,92.9,93.4,50600,Cybersecurity Analyst,SQL,React,Python,77,7.3,47,1,False,False,True,False,False,True,True,False,False,False,False,False,False,False,False,False,True,False
Mexico,UNAM,2018,91.8,96.2,37700,AI Consultant,Machine Learning,R,Deep Learning,72,5.0,50,1,False,True,False,False,True,False,False,True,False,False,False,False,False,False,False,False,False,True
USA,Stanford,2020,80.6,85.7,103300,Biologist,Laboratory Skills,Experimental Design,Scientific Writing,39,26.8,79,0,False,False,False,True,False,True,False,False,False,False,True,False,False,False,False,True,False,False
Mexico,UNAM,2020,88.8,96.5,23900,Financial Analyst,Strategic Planning,Market Research,Financial Modeling,57,44.7,65,1,False,True,False,False,False,False,False,False,False,False,False,False,False,False,False,False,False,False
Saudi Arabia,King Abdulaziz University,2015,85.7,91.1,55600,Mechanical Engineer,Project Management,MATLAB,Lean Six Sigma,52,17.2,78,1,False,False,True,False,False,False,False,False,True,False,False,False,False,False,True,False,False,False
Germany,TU Munich,2018,79.0,85.0,69100,Cybersecurity Analyst,Java,Cloud Computing,DevOps,70,18.8,93,0,True,False,False,False,False,False,True,False,False,False,False,False,False,False,False,False,True,False
Brazil,University of São Paulo,2022,90.7,99.2,43700,Marketing Manager,Excel,Financial Modeling,Strategic Planning,64,84.7,69,1,False,True,False,False,False,True,False,False,False,False,False,False,False,False,False,False,False,False
Netherlands,University of Amsterdam,2015,85.6,89.9,59400,Electrical Engineer,Project Management,MATLAB,SolidWorks,50,17.0,70,0,True,False,False,False,True,False,False,False,True,False,False,False,False,False,True,False,False,False
UK,Oxford,2024,81.8,85.4,54700,Civil Engineer,Lean Six Sigma,MATLAB,Project Management,76,87.0,92,0,True,False,False,False,False,False,False,False,True,False,False,False,False,False,True,False,False,False
UK,Cambridge,2017,86.7,90.4,54100,Human Resources Specialist,Public Policy,Data Analysis,Qualitative Research,62,19.8,59,0,True,False,False,False,True,False,False,False,False,False,False,True,True,False,False,False,False,False
USA,MIT,2017,78.5,81.8,71000,Sociologist,Qualitative Research,Communication,Public Policy,56,13.6,83,0,False,False,False,True,True,False,False,False,False,False,False,True,True,False,False,False,False,False
Canada,University of Toronto,2021,83.4,87.1,61500,Physicist,Scientific Writing,Experimental Design,Statistical Analysis,47,40.7,58,0,False,False,False,True,True,False,False,False,False,False,True,False,False,False,False,True,False,False
Argentina,University of Buenos Aires,2019,87.0,89.1,21000,Biologist,Experimental Design,Laboratory Skills,Scientific Writing,61,5.0,79,0,False,True,False,False,True,False,False,False,False,False,True,False,False,False,False,True,False,False
Canada,McGill University,2018,87.7,94.3,99100,Biomedical Researcher,Diagnostics,Clinical Research,Patient Care,50,8.4,40,1,False,False,False,True,False,True,False,False,False,True,False,False,False,True,False,False,False,False
Australia,University of Melbourne,2020,84.1,89.1,67900,Electrical Engineer,Lean Six Sigma,AutoCAD,MATLAB,44,52.1,60,0,False,False,False,False,False,False,False,False,True,False,False,False,False,False,True,False,False,False
Mexico,UNAM,2023,99.0,100.0,41200,NLP Specialist,NLP,Deep Learning,Big Data,93,75.6,75,1,False,True,False,False,False,True,False,True,False,False,False,False,False,False,False,False,False,True
Sweden,KTH Royal Institute of Technology,2016,93.1,98.7,72200,Medical Doctor,Patient Care,Clinical Research,Medical Coding,51,17.6,50,1,True,False,False,False,True,False,False,False,False,True,False,False,False,True,False,False,False,False
USA,MIT,2023,87.1,93.5,133300,Management Consultant,Financial Modeling,Strategic Planning,Excel,77,69.1,41,1,False,False,False,True,False,True,False,False,False,False,False,False,False,False,False,False,False,False
Israel,Technion,2022,88.0,91.6,116500,AI Researcher,SQL,Python,DevOps,71,55.2,61,1,False,False,True,False,False,True,True,False,False,False,False,False,False,False,False,False,True,False
USA,Georgia Tech,2016,93.5,100.0,61800,AI Consultant,Big Data,NLP,R,78,9.0,69,1,False,False,False,True,False,False,False,True,False,False,False,False,False,False,False,False,False,True
Switzerland,EPFL,2016,83.5,88.4,101200,Chemist,Experimental Design,Laboratory Skills,Scientific Writing,43,18.4,47,0,True,False,False,False,False,True,False,False,False,False,True,False,False,False,False,True,False,False
Netherlands,University of Amsterdam,2018,92.5,100.0,103600,Data Analyst,Deep Learning,Big Data,Data Visualization,79,8.2,66,1,True,False,False,False,False,True,False,True,False,False,False,False,False,False,False,False,False,True
UK,Imperial College London,2017,75.5,79.0,64400,Robotics Engineer,AutoCAD,SolidWorks,Lean Six Sigma,36,5.4,71,0,True,False,False,False,True,False,False,False,True,False,False,False,False,False,True,False,False,False
Singapore,NTU,2021,73.1,77.8,86400,Economist,Qualitative Research,Public Policy,Communication,67,48.4,60,0,False,False,False,False,False,True,False,False,False,False,False,True,True,False,False,False,False,False
France,Ecole Polytechnique,2015,78.5,82.3,57200,Management Consultant,Excel,Data Analysis,Market Research,51,21.5,58,0,True,False,False,False,True,False,False,False,False,False,False,False,False,False,False,False,False,False
Canada,McGill University,2017,79.7,83.4,45500,Biologist,Laboratory Skills,Statistical Analysis,Scientific Writing,64,5.0,62,0,False,False,False,True,False,False,False,False,False,False,True,False,False,False,False,True,False,False
Canada,University of Toronto,2022,81.5,84.9,109900,Marketing Manager,Excel,Strategic Planning,Data Analysis,68,69.1,73,0,False,False,False,True,False,True,False,False,False,False,False,False,False,False,False,False,False,False
Germany,Humboldt University,2021,95.3,99.5,112100,NLP Specialist,Deep Learning,R,NLP,89,64.8,40,1,True,False,False,False,False,True,False,True,False,False,False,False,False,False,False,False,False,True
Mexico,UNAM,2020,71.3,81.2,21600,Robotics Engineer,Lean Six Sigma,Project Management,AutoCAD,55,47.5,69,0,False,True,False,False,False,False,False,False,True,False,False,False,False,False,True,False,False,False
Canada,McGill University,2017,88.4,96.6,91200,Software Engineer,SQL,Cybersecurity,Java,83,19.7,70,1,False,False,False,True,False,True,True,False,False,False,False,False,False,False,False,False,True,False
Australia,ANU,2024,78.7,83.1,72500,Electrical Engineer,MATLAB,AutoCAD,SolidWorks,57,80.8,58,0,False,False,False,False,False,False,False,False,True,False,False,False,False,False,True,False,False,False
Brazil,University of São Paulo,2020,90.9,96.4,30100,Biomedical Researcher,Medical Coding,Diagnostics,Patient Care,76,39.6,81,1,False,True,False,False,False,False,False,False,False,True,False,False,False,True,False,False,False,False
Brazil,University of São Paulo,2017,89.5,96.8,38000,Economist,Data Analysis,Public Policy,Qualitative Research,50,11.1,50,1,False,True,False,False,False,True,False,False,False,False,False,True,True,False,False,False,False,False
Canada,McGill University,2025,91.4,96.4,84200,AI Consultant,R,Big Data,Machine Learning,100,77.9,94,1,False,False,False,True,False,False,False,True,False,False,False,False,False,False,False,False,False,True
USA,Stanford,2018,92.6,97.3,119900,Software Engineer,React,Cybersecurity,Python,80,17.6,71,1,False,False,False,True,False,True,True,False,False,False,False,False,False,False,False,False,True,False
Australia,ANU,2017,80.1,88.7,45400,Economist,Public Policy,Communication,Data Analysis,50,9.9,91,0,False,False,False,False,False,False,False,False,False,False,False,True,True,False,False,False,False,False
UK,Cambridge,2019,95.7,98.9,65100,Data Analyst,Big Data,Machine Learning,R,75,17.4,59,1,True,False,False,False,False,False,False,True,False,False,False,False,False,False,False,False,False,True
Argentina,University of Buenos Aires,2021,84.3,87.3,29500,Investment Banker,Excel,Financial Modeling,Data Analysis,57,51.1,70,0,False,True,False,False,False,True,False,False,False,False,False,False,False,False,False,False,False,False
South Africa,University of Cape Town,2015,99.0,100.0,50400,Biomedical Researcher,Diagnostics,Patient Care,Medical Coding,51,13.4,92,1,False,False,True,False,False,True,False,False,False,True,False,False,False,True,False,False,False,False
USA,UC Berkeley,2023,91.5,97.8,90700,Biomedical Researcher,Diagnostics,Patient Care,Medical Coding,72,60.7,72,1,False,False,False,True,False,False,False,False,False,True,False,False,False,True,False,False,False,False
Australia,University of Sydney,2025,82.0,87.2,129700,Management Consultant,Data Analysis,Excel,Strategic Planning,67,66.9,70,0,False,False,False,False,False,True,False,False,False,False,False,False,False,False,False,False,False,False
Canada,UBC,2019,77.4,80.1,59400,Civil Engineer,Project Management,AutoCAD,MATLAB,49,13.8,99,0,False,False,False,True,False,False,False,False,True,False,False,False,False,False,True,False,False,False
Brazil,University of São Paulo,2017,73.3,80.0,29400,Mechanical Engineer,AutoCAD,MATLAB,SolidWorks,47,7.1,63,0,False,True,False,False,False,False,False,False,True,False,False,False,False,False,True,False,False,False
Canada,University of Toronto,2023,97.8,100.0,126700,NLP Specialist,Deep Learning,Machine Learning,R,85,74.6,78,1,False,False,False,True,False,True,False,True,False,False,False,False,False,False,False,False,False,True
UAE,Khalifa University,2024,74.8,79.9,78300,Biologist,Experimental Design,Laboratory Skills,Statistical Analysis,57,79.5,66,0,False,False,True,False,True,False,False,False,False,False,True,False,False,False,False,True,False,False
UAE,Khalifa University,2018,79.0,81.0,69200,Policy Analyst,Public Policy,Communication,Data Analysis,35,9.3,63,0,False,False,True,False,False,True,False,False,False,False,False,True,True,False,False,False,False,False
Netherlands,University of Amsterdam,2017,97.9,100.0,66600,Software Engineer,React,Python,SQL,88,18.1,40,1,True,False,False,False,True,False,True,False,False,False,False,False,False,False,False,False,True,False
India,IISc Bangalore,2020,88.0,88.0,24400,Biomedical Researcher,Patient Care,Medical Coding,Diagnostics,45,47.7,100,0,False,False,False,False,False,False,False,False,False,True,False,False,False,True,False,False,False,False
USA,Harvard,2020,94.6,99.6,126900,Data Scientist,SQL,Java,Cloud Computing,96,61.5,61,1,False,False,False,True,False,True,True,False,False,False,False,False,False,False,False,False,True,False
Saudi Arabia,King Abdulaziz University,2017,80.8,88.4,58400,Medical Doctor,Diagnostics,Medical Coding,Clinical Research,53,10.9,43,0,False,False,True,False,True,False,False,False,False,True,False,False,False,True,False,False,False,False
Canada,McGill University,2021,81.5,86.9,72200,Economist,Qualitative Research,Data Analysis,Communication,58,39.6,58,0,False,False,False,True,False,True,False,False,False,False,False,True,True,False,False,False,False,False
Germany,Humboldt University,2023,81.2,87.4,62300,Chemist,Experimental Design,Scientific Writing,Laboratory Skills,57,40.5,62,0,True,False,False,False,False,False,False,False,False,False,True,False,False,False,False,True,False,False
Mexico,UNAM,2025,94.7,100.0,41800,Data Analyst,Machine Learning,Big Data,Data Visualization,96,90.0,78,1,False,True,False,False,False,True,False,True,False,False,False,False,False,False,False,False,False,True
Mexico,UNAM,2023,81.7,90.3,20900,Investment Banker,Excel,Financial Modeling,Data Analysis,84,64.2,73,0,False,True,False,False,False,False,False,False,False,False,False,False,False,False,False,False,False,False
Germany,Humboldt University,2017,87.1,95.2,68200,Physicist,Statistical Analysis,Laboratory Skills,Scientific Writing,54,6.7,75,1,True,False,False,False,False,True,False,False,False,False,True,False,False,False,False,True,False,False
Saudi Arabia,King Abdulaziz University,2024,80.4,85.8,64000,Investment Banker,Financial Modeling,Data Analysis,Strategic Planning,66,90.0,81,0,False,False,True,False,False,False,False,False,False,False,False,False,False,False,False,False,False,False
Mexico,UNAM,2025,86.2,90.7,28300,Cloud Architect,Python,DevOps,Cloud Computing,97,90.0,60,1,False,True,False,False,True,False,True,False,False,False,False,False,False,False,False,False,True,False
UK,Oxford,2019,81.3,88.1,76600,Environmental Scientist,Statistical Analysis,Laboratory Skills,Scientific Writing,61,8.4,73,0,True,False,False,False,False,True,False,False,False,False,True,False,False,False,False,True,False,False
Israel,Hebrew University of Jerusalem,2023,77.2,83.0,78700,Marketing Manager,Financial Modeling,Excel,Data Analysis,65,74.3,60,0,False,False,True,False,False,False,False,False,False,False,False,False,False,False,False,False,False,False
Saudi Arabia,King Abdulaziz University,2022,86.8,89.9,54500,Economist,Qualitative Research,Communication,Public Policy,50,47.1,52,0,False,False,True,False,True,False,False,False,False,False,False,True,True,False,False,False,False,False
Mexico,UNAM,2021,76.0,80.4,32900,Physicist,Experimental Design,Laboratory Skills,Statistical Analysis,68,54.2,64,0,False,True,False,False,False,True,False,False,False,False,True,False,False,False,False,True,False,False
France,Ecole Polytechnique,2024,90.5,95.1,70900,AI Consultant,Big Data,NLP,Deep Learning,85,90.0,82,1,True,False,False,False,False,False,False,True,False,False,False,False,False,False,False,False,False,True
India,IISc Bangalore,2021,78.8,83.6,33300,Economist,Public Policy,Qualitative Research,Communication,48,41.9,98,0,False,False,False,False,True,False,False,False,False,False,False,True,True,False,False,False,False,False
UAE,Khalifa University,2022,90.8,93.4,58500,Human Resources Specialist,Qualitative Research,Communication,Data Analysis,53,56.6,69,1,False,False,True,False,True,False,False,False,False,False,False,True,True,False,False,False,False,False
South Africa,University of Cape Town,2024,93.5,97.7,49500,Medical Doctor,Diagnostics,Patient Care,Clinical Research,66,76.8,56,1,False,False,True,False,True,False,False,False,False,True,False,False,False,True,False,False,False,False
Israel,Hebrew University of Jerusalem,2022,88.1,89.5,78400,Sociologist,Communication,Data Analysis,Qualitative Research,80,56.6,58,0,False,False,True,False,False,True,False,False,False,False,False,True,True,False,False,False,False,False
Mexico,UNAM,2024,90.4,97.7,41600,Robotics Engineer,Lean Six Sigma,MATLAB,AutoCAD,73,90.0,44,1,False,True,False,False,False,True,False,False,True,False,False,False,False,False,True,False,False,False
Brazil,University of São Paulo,2025,86.7,94.1,37800,Medical Doctor,Medical Coding,Clinical Research,Patient Care,66,90.0,78,1,False,True,False,False,True,False,False,False,False,True,False,False,False,True,False,False,False,False
Mexico,UNAM,2020,88.3,95.9,26800,NLP Specialist,Machine Learning,Big Data,Deep Learning,72,41.2,58,1,False,True,False,False,True,False,False,True,False,False,False,False,False,False,False,False,False,True
Canada,University of Toronto,2015,79.8,83.2,42800,Environmental Scientist,Statistical Analysis,Experimental Design,Laboratory Skills,40,11.4,57,0,False,False,False,True,False,False,False,False,False,False,True,False,False,False,False,True,False,False
Canada,McGill University,2024,86.6,91.4,91300,Public Health Specialist,Clinical Research,Diagnostics,Medical Coding,77,90.0,59,1,False,False,False,True,True,False,False,False,False,True,False,False,False,True,False,False,False,False
South Africa,University of Cape Town,2018,88.0,95.1,56900,Cloud Architect,Python,Cybersecurity,React,68,5.6,58,1,False,False,True,False,False,True,True,False,False,False,False,False,False,False,False,False,True,False
Saudi Arabia,King Abdulaziz University,2019,84.1,90.5,66500,Marketing Manager,Market Research,Strategic Planning,Excel,48,5.1,56,0,False,False,True,False,True,False,False,False,False,False,False,False,False,False,False,False,False,False
Singapore,NUS,2021,91.9,95.0,129200,NLP Specialist,Deep Learning,Machine Learning,NLP,84,72.6,62,1,False,False,False,False,False,True,False,True,False,False,False,False,False,False,False,False,False,True
China,Tsinghua University,2015,82.8,86.7,28100,Robotics Engineer,MATLAB,SolidWorks,Lean Six Sigma,56,6.4,97,0,False,False,False,False,False,False,False,False,True,False,False,False,False,False,True,False,False,False
Canada,UBC,2020,86.9,90.7,66800,Cloud Architect,DevOps,Cloud Computing,Python,74,53.7,50,1,False,False,False,True,False,False,True,False,False,False,False,False,False,False,False,False,True,False
Australia,University of Melbourne,2025,88.4,93.4,100600,Medical Doctor,Medical Coding,Patient Care,Diagnostics,67,75.1,64,1,False,False,False,False,True,False,False,False,False,True,False,False,False,True,False,False,False,False
Israel,Technion,2023,89.9,96.2,119900,Software Engineer,DevOps,Java,SQL,95,69.2,73,1,False,False,True,False,False,True,True,False,False,False,False,False,False,False,False,False,True,False
USA,Stanford,2016,89.1,96.2,81300,AI Consultant,Machine Learning,Deep Learning,R,67,6.3,100,1,False,False,False,True,True,False,False,True,False,False,False,False,False,False,False,False,False,True
Japan,University of Tokyo,2015,95.3,100.0,86100,Public Health Specialist,Diagnostics,Patient Care,Medical Coding,30,6.1,62,1,False,False,False,False,False,True,False,False,False,True,False,False,False,True,False,False,False,False
Argentina,University of Buenos Aires,2019,78.8,78.8,20100,Civil Engineer,AutoCAD,SolidWorks,Lean Six Sigma,61,12.7,94,0,False,True,False,False,True,False,False,False,True,False,False,False,False,False,True,False,False,False
Canada,McGill University,2021,88.6,88.6,107700,Pharmacist,Diagnostics,Clinical Research,Patient Care,59,59.0,60,0,False,False,False,True,False,True,False,False,False,True,False,False,False,True,False,False,False,False
Germany,TU Munich,2015,88.7,94.0,69200,Public Health Specialist,Medical Coding,Clinical Research,Diagnostics,36,11.4,40,1,True,False,False,False,False,False,False,False,False,True,False,False,False,True,False,False,False,False
Brazil,University of São Paulo,2022,94.9,100.0,41900,AI Consultant,Data Visualization,R,Big Data,73,61.6,78,1,False,True,False,False,True,False,False,True,False,False,False,False,False,False,False,False,False,True
Australia,University of Melbourne,2020,78.7,78.9,107800,Financial Analyst,Strategic Planning,Financial Modeling,Data Analysis,63,38.5,61,0,False,False,False,False,False,True,False,False,False,False,False,False,False,False,False,False,False,False
China,Peking University,2019,79.8,82.1,37900,Mechanical Engineer,MATLAB,Lean Six Sigma,AutoCAD,38,5.0,100,0,False,False,False,False,False,False,False,False,True,False,False,False,False,False,True,False,False,False
Sweden,KTH Royal Institute of Technology,2018,80.9,85.6,44500,Policy Analyst,Data Analysis,Public Policy,Communication,53,15.8,62,0,True,False,False,False,False,False,False,False,False,False,False,True,True,False,False,False,False,False
Canada,University of Toronto,2025,81.3,90.1,113500,Robotics Engineer,SolidWorks,Lean Six Sigma,AutoCAD,77,90.0,61,0,False,False,False,True,False,True,False,False,True,False,False,False,False,False,True,False,False,False
Australia,ANU,2018,81.4,86.7,78900,Sociologist,Communication,Data Analysis,Qualitative Research,72,5.0,73,0,False,False,False,False,False,True,False,False,False,False,False,True,True,False,False,False,False,False
South Africa,University of Cape Town,2025,92.6,96.7,39100,Biomedical Researcher,Medical Coding,Clinical Research,Patient Care,90,77.1,91,1,False,False,True,False,False,False,False,False,False,True,False,False,False,True,False,False,False,False
China,Peking University,2020,99.0,100.0,45900,Pharmacist,Diagnostics,Patient Care,Clinical Research,51,54.9,41,1,False,False,False,False,False,False,False,False,False,True,False,False,False,True,False,False,False,False
USA,Harvard,2025,87.6,92.9,84400,Medical Doctor,Clinical Research,Patient Care,Medical Coding,85,88.1,60,1,False,False,False,True,False,False,False,False,False,True,False,False,False,True,False,False,False,False
South Korea,KAIST,2022,93.6,99.5,73000,AI Consultant,Deep Learning,R,NLP,82,40.4,56,1,False,False,False,False,True,False,False,True,False,False,False,False,False,False,False,False,False,True
France,Ecole Polytechnique,2019,83.9,88.3,70200,Sociologist,Public Policy,Qualitative Research,Data Analysis,69,5.0,66,0,True,False,False,False,False,True,False,False,False,False,False,True,True,False,False,False,False,False
South Africa,University of Cape Town,2019,87.8,93.0,32900,AI Consultant,Big Data,Deep Learning,Machine Learning,76,5.0,72,1,False,False,True,False,False,False,False,True,False,False,False,False,False,False,False,False,False,True
Netherlands,TU Delft,2016,80.8,88.6,43200,Mechanical Engineer,Lean Six Sigma,Project Management,SolidWorks,49,5.0,68,0,True,False,False,False,False,False,False,False,True,False,False,False,False,False,True,False,False,False
USA,Stanford,2024,96.0,100.0,139400,Pharmacist,Patient Care,Diagnostics,Clinical Research,85,90.0,67,1,False,False,False,True,False,True,False,False,False,True,False,False,False,True,False,False,False,False
Saudi Arabia,King Abdulaziz University,2017,79.3,84.4,55500,Chemist,Experimental Design,Scientific Writing,Statistical Analysis,50,13.8,91,0,False,False,True,False,True,False,False,False,False,False,True,False,False,False,False,True,False,False
Canada,UBC,2020,85.9,92.7,78500,Mechanical Engineer,AutoCAD,MATLAB,Lean Six Sigma,65,28.6,95,1,False,False,False,True,True,False,False,False,True,False,False,False,False,False,True,False,False,False
Argentina,University of Buenos Aires,2025,90.1,94.3,39100,NLP Specialist,Deep Learning,R,NLP,96,90.0,66,1,False,True,False,False,True,False,False,True,False,False,False,False,False,False,False,False,False,True
UAE,Khalifa University,2016,94.5,100.0,90100,Biomedical Researcher,Medical Coding,Patient Care,Diagnostics,59,11.7,65,1,False,False,True,False,False,True,False,False,False,True,False,False,False,True,False,False,False,False
Japan,Kyoto University,2022,91.6,95.6,76000,Data Scientist,DevOps,React,SQL,82,42.5,67,1,False,False,False,False,True,False,True,False,False,False,False,False,False,False,False,False,True,False
Israel,Technion,2018,82.9,91.0,77800,Electrical Engineer,SolidWorks,Project Management,MATLAB,53,12.4,81,1,False,False,True,False,True,False,False,False,True,False,False,False,False,False,True,False,False,False
Argentina,University of Buenos Aires,2015,92.0,94.9,34100,Machine Learning Engineer,Big Data,NLP,Machine Learning,78,19.3,65,1,False,True,False,False,True,False,False,True,False,False,False,False,False,False,False,False,False,True
USA,Georgia Tech,2020,99.0,100.0,131700,Biomedical Researcher,Diagnostics,Clinical Research,Medical Coding,61,33.0,68,1,False,False,False,True,False,True,False,False,False,True,False,False,False,True,False,False,False,False
India,IIT Bombay,2023,97.5,100.0,42400,AI Researcher,Cybersecurity,DevOps,SQL,82,75.6,82,1,False,False,False,False,False,True,True,False,False,False,False,False,False,False,False,False,True,False
India,IISc Bangalore,2019,77.1,81.7,28600,Marketing Manager,Market Research,Excel,Data Analysis,67,5.0,40,0,False,False,False,False,True,False,False,False,False,False,False,False,False,False,False,False,False,False
South Africa,University of Cape Town,2020,92.6,98.8,39400,Biomedical Researcher,Diagnostics,Patient Care,Medical Coding,49,47.4,74,1,False,False,True,False,False,False,False,False,False,True,False,False,False,True,False,False,False,False
UAE,Khalifa University,2016,87.1,92.4,45000,Mechanical Engineer,SolidWorks,Lean Six Sigma,MATLAB,48,8.1,40,1,False,False,True,False,False,False,False,False,True,False,False,False,False,False,True,False,False,False
France,PSL University,2022,94.3,98.9,104400,Public Health Specialist,Clinical Research,Patient Care,Diagnostics,76,46.2,61,1,True,False,False,False,False,True,False,False,False,True,False,False,False,True,False,False,False,False
South Africa,University of Cape Town,2016,79.9,85.0,22700,Environmental Scientist,Scientific Writing,Laboratory Skills,Statistical Analysis,56,8.3,56,0,False,False,True,False,True,False,False,False,False,False,True,False,False,False,False,True,False,False
Switzerland,EPFL,2016,99.0,100.0,139000,Software Engineer,Java,React,SQL,64,17.4,48,1,True,False,False,False,False,True,True,False,False,False,False,False,False,False,False,False,True,False
Switzerland,EPFL,2023,77.8,80.5,97600,Environmental Scientist,Laboratory Skills,Experimental Design,Scientific Writing,63,61.4,70,0,True,False,False,False,True,False,False,False,False,False,True,False,False,False,False,True,False,False
UAE,Khalifa University,2015,88.1,92.4,73200,Medical Doctor,Clinical Research,Medical Coding,Diagnostics,47,14.0,67,1,False,False,True,False,True,False,False,False,False,True,False,False,False,True,False,False,False,False
Mexico,UNAM,2017,94.2,100.0,32600,Data Analyst,Big Data,Data Visualization,NLP,87,5.0,62,1,False,True,False,False,True,False,False,True,False,False,False,False,False,False,False,False,False,True
France,PSL University,2025,81.7,81.7,93100,Environmental Scientist,Scientific Writing,Experimental Design,Laboratory Skills,67,90.0,40,0,True,False,False,False,False,True,False,False,False,False,True,False,False,False,False,True,False,False
Canada,University of Toronto,2021,76.4,82.1,54100,Policy Analyst,Public Policy,Communication,Data Analysis,59,37.1,53,0,False,False,False,True,False,False,False,False,False,False,False,True,True,False,False,False,False,False
Saudi Arabia,King Abdulaziz University,2023,85.4,90.1,52800,Civil Engineer,Project Management,SolidWorks,Lean Six Sigma,60,60.7,87,0,False,False,True,False,False,False,False,False,True,False,False,False,False,False,True,False,False,False
Japan,University of Tokyo,2021,85.9,91.9,46400,Sociologist,Public Policy,Communication,Data Analysis,64,37.8,66,1,False,False,False,False,False,False,False,False,False,False,False,True,True,False,False,False,False,False
UAE,Khalifa University,2020,80.9,88.0,67000,Data Analyst,Machine Learning,Deep Learning,R,73,52.0,83,0,False,False,True,False,False,False,False,True,False,False,False,False,False,False,False,False,False,True
Brazil,University of São Paulo,2023,93.1,96.8,34500,NLP Specialist,Data Visualization,Deep Learning,NLP,100,70.4,74,1,False,True,False,False,False,False,False,True,False,False,False,False,False,False,False,False,False,True
Netherlands,TU Delft,2020,75.3,81.3,40100,Economist,Data Analysis,Communication,Public Policy,62,32.1,48,0,True,False,False,False,False,False,False,False,False,False,False,True,True,False,False,False,False,False
India,IISc Bangalore,2015,86.0,89.8,7700,Human Resources Specialist,Communication,Data Analysis,Qualitative Research,46,17.3,53,0,False,False,False,False,False,False,False,False,False,False,False,True,True,False,False,False,False,False
Canada,UBC,2025,77.4,85.6,86700,Management Consultant,Strategic Planning,Financial Modeling,Excel,89,90.0,81,0,False,False,False,True,True,False,False,False,False,False,False,False,False,False,False,False,False,False
Mexico,UNAM,2024,92.7,98.3,36700,Investment Banker,Strategic Planning,Excel,Market Research,76,78.9,65,1,False,True,False,False,False,True,False,False,False,False,False,False,False,False,False,False,False,False
Canada,McGill University,2025,82.7,90.6,80600,Financial Analyst,Market Research,Financial Modeling,Excel,72,81.5,61,0,False,False,False,True,False,False,False,False,False,False,False,False,False,False,False,False,False,False
Saudi Arabia,King Abdulaziz University,2022,78.1,80.9,70300,Robotics Engineer,AutoCAD,Project Management,MATLAB,76,54.6,72,0,False,False,True,False,True,False,False,False,True,False,False,False,False,False,True,False,False,False
Mexico,UNAM,2019,78.3,86.2,27000,Electrical Engineer,Project Management,AutoCAD,Lean Six Sigma,46,11.3,73,0,False,True,False,False,True,False,False,False,True,False,False,False,False,False,True,False,False,False
China,Fudan University,2016,76.5,83.3,51800,Marketing Manager,Financial Modeling,Market Research,Excel,59,6.6,80,0,False,False,False,False,False,True,False,False,False,False,False,False,False,False,False,False,False,False
Singapore,NUS,2025,84.8,88.1,111600,Medical Doctor,Medical Coding,Patient Care,Diagnostics,81,90.0,61,0,False,False,False,False,True,False,False,False,False,True,False,False,False,True,False,False,False,False
China,Tsinghua University,2023,77.4,81.5,25300,Economist,Public Policy,Data Analysis,Qualitative Research,57,52.6,87,0,False,False,False,False,False,False,False,False,False,False,False,True,True,False,False,False,False,False
Canada,University of Toronto,2018,74.9,80.2,78300,Investment Banker,Data Analysis,Strategic Planning,Excel,46,8.7,64,0,False,False,False,True,True,False,False,False,False,False,False,False,False,False,False,False,False,False
Singapore,NTU,2022,99.0,100.0,131500,AI Consultant,Machine Learning,Big Data,Deep Learning,75,52.4,85,1,False,False,False,False,False,True,False,True,False,False,False,False,False,False,False,False,False,True
UK,LSE,2015,79.2,87.1,58600,Biologist,Experimental Design,Statistical Analysis,Scientific Writing,52,11.0,100,0,True,False,False,False,False,True,False,False,False,False,True,False,False,False,False,True,False,False
UAE,Khalifa University,2023,86.5,90.9,75300,Public Health Specialist,Medical Coding,Diagnostics,Patient Care,54,82.6,78,1,False,False,True,False,False,False,False,False,False,True,False,False,False,True,False,False,False,False
Japan,University of Tokyo,2020,89.1,93.2,84200,Robotics Engineer,Lean Six Sigma,SolidWorks,AutoCAD,50,39.5,56,1,False,False,False,False,False,True,False,False,True,False,False,False,False,False,True,False,False,False
Canada,McGill University,2025,95.7,100.0,76200,Software Engineer,DevOps,Cybersecurity,React,91,89.1,82,1,False,False,False,True,False,False,True,False,False,False,False,False,False,False,False,False,True,False
Canada,McGill University,2015,72.0,78.0,67700,Physicist,Statistical Analysis,Experimental Design,Laboratory Skills,59,12.2,60,0,False,False,False,True,False,True,False,False,False,False,True,False,False,False,False,True,False,False
Israel,Technion,2022,85.5,90.8,106300,Financial Analyst,Excel,Strategic Planning,Market Research,62,78.2,55,1,False,False,True,False,False,True,False,False,False,False,False,False,False,False,False,False,False,False
Netherlands,University of Amsterdam,2015,81.4,82.7,72100,Investment Banker,Excel,Financial Modeling,Data Analysis,48,14.8,64,0,True,False,False,False,True,False,False,False,False,False,False,False,False,False,False,False,False,False
UAE,Khalifa University,2023,80.4,83.7,74100,Civil Engineer,SolidWorks,AutoCAD,Lean Six Sigma,70,77.7,54,0,False,False,True,False,True,False,False,False,True,False,False,False,False,False,True,False,False,False
Brazil,University of São Paulo,2017,85.0,88.3,20700,Chemist,Laboratory Skills,Statistical Analysis,Experimental Design,43,5.0,75,0,False,True,False,False,True,False,False,False,False,False,True,False,False,False,False,True,False,False
UK,Oxford,2020,79.6,84.6,70900,Policy Analyst,Data Analysis,Qualitative Research,Public Policy,75,30.3,40,0,True,False,False,False,False,True,False,False,False,False,False,True,True,False,False,False,False,False
Japan,University of Tokyo,2022,89.4,93.0,59100,Software Engineer,React,Cybersecurity,Cloud Computing,90,68.4,40,1,False,False,False,False,False,False,True,False,False,False,False,False,False,False,False,False,True,False
Saudi Arabia,King Abdulaziz University,2018,99.0,100.0,70000,NLP Specialist,Big Data,Machine Learning,NLP,82,15.9,70,1,False,False,True,False,True,False,False,True,False,False,False,False,False,False,False,False,False,True
South Africa,University of Cape Town,2017,86.6,92.7,45100,Robotics Engineer,MATLAB,SolidWorks,AutoCAD,50,10.9,61,1,False,False,True,False,False,True,False,False,True,False,False,False,False,False,True,False,False,False
Sweden,Karolinska Institute,2024,75.4,78.8,68200,Chemist,Experimental Design,Laboratory Skills,Scientific Writing,65,70.6,62,0,True,False,False,False,True,False,False,False,False,False,True,False,False,False,False,True,False,False
China,Peking University,2017,83.3,90.2,33800,Biologist,Statistical Analysis,Experimental Design,Laboratory Skills,49,16.7,84,0,False,False,False,False,True,False,False,False,False,False,True,False,False,False,False,True,False,False
Germany,Heidelberg University,2023,90.8,96.4,73600,Software Engineer,SQL,Cybersecurity,Python,97,82.2,90,1,True,False,False,False,False,False,True,False,False,False,False,False,False,False,False,False,True,False
France,Ecole Polytechnique,2016,85.8,93.5,78400,Marketing Manager,Data Analysis,Strategic Planning,Financial Modeling,45,8.4,70,1,True,False,False,False,False,True,False,False,False,False,False,False,False,False,False,False,False,False
USA,Georgia Tech,2025,85.8,90.4,110800,Investment Banker,Strategic Planning,Financial Modeling,Data Analysis,54,90.0,56,0,False,False,False,True,True,False,False,False,False,False,False,False,False,False,False,False,False,False
Canada,University of Toronto,2021,74.9,80.6,58800,Chemist,Statistical Analysis,Laboratory Skills,Experimental Design,75,50.4,73,0,False,False,False,True,True,False,False,False,False,False,True,False,False,False,False,True,False,False
Argentina,University of Buenos Aires,2022,82.3,88.3,27900,Machine Learning Engineer,Data Visualization,Big Data,R,83,65.7,62,0,False,True,False,False,False,False,False,True,False,False,False,False,False,False,False,False,False,True
USA,UC Berkeley,2020,80.7,89.0,66000,Robotics Engineer,Lean Six Sigma,AutoCAD,SolidWorks,68,34.9,49,0,False,False,False,True,False,False,False,False,True,False,False,False,False,False,True,False,False,False
Switzerland,EPFL,2015,86.6,89.7,64200,Mechanical Engineer,SolidWorks,Project Management,AutoCAD,46,16.6,45,0,True,False,False,False,False,False,False,False,True,False,False,False,False,False,True,False,False,False
USA,Georgia Tech,2015,90.0,92.7,93400,Pharmacist,Diagnostics,Clinical Research,Patient Care,47,6.4,76,1,False,False,False,True,True,False,False,False,False,True,False,False,False,True,False,False,False,False
Germany,TU Munich,2019,70.4,75.0,46700,Environmental Scientist,Scientific Writing,Experimental Design,Statistical Analysis,44,11.0,52,0,True,False,False,False,False,False,False,False,False,False,True,False,False,False,False,True,False,False
Canada,University of Toronto,2023,83.9,88.5,101800,Robotics Engineer,AutoCAD,SolidWorks,Lean Six Sigma,68,76.8,52,0,False,False,False,True,False,True,False,False,True,False,False,False,False,False,True,False,False,False
Japan,University of Tokyo,2017,74.6,80.1,60900,AI Researcher,SQL,Java,Cloud Computing,70,5.1,74,0,False,False,False,False,True,False,True,False,False,False,False,False,False,False,False,False,True,False
Germany,Heidelberg University,2025,87.6,90.7,81300,AI Researcher,DevOps,Python,Java,91,76.6,60,1,True,False,False,False,False,False,True,False,False,False,False,False,False,False,False,False,True,False
Germany,Humboldt University,2016,81.6,82.8,63300,Biologist,Statistical Analysis,Scientific Writing,Laboratory Skills,34,10.8,82,0,True,False,False,False,True,False,False,False,False,False,True,False,False,False,False,True,False,False
Singapore,NTU,2021,83.5,91.2,77700,Civil Engineer,Lean Six Sigma,AutoCAD,SolidWorks,80,53.3,77,1,False,False,False,False,True,False,False,False,True,False,False,False,False,False,True,False,False,False
Argentina,University of Buenos Aires,2018,99.0,100.0,11900,Software Engineer,Java,DevOps,React,66,8.7,92,1,False,True,False,False,True,False,True,False,False,False,False,False,False,False,False,False,True,False
Argentina,University of Buenos Aires,2015,93.6,100.0,38500,Public Health Specialist,Patient Care,Diagnostics,Medical Coding,50,5.0,92,1,False,True,False,False,False,True,False,False,False,True,False,False,False,True,False,False,False,False
South Africa,University of Cape Town,2017,98.9,100.0,31900,Software Engineer,Python,SQL,Cybersecurity,80,19.1,100,1,False,False,True,False,True,False,True,False,False,False,False,False,False,False,False,False,True,False
Australia,ANU,2021,76.0,77.2,64100,Electrical Engineer,Lean Six Sigma,SolidWorks,MATLAB,84,45.6,87,0,False,False,False,False,False,False,False,False,True,False,False,False,False,False,True,False,False,False
Israel,Hebrew University of Jerusalem,2021,98.9,100.0,88600,Pharmacist,Diagnostics,Clinical Research,Medical Coding,50,47.9,62,1,False,False,True,False,True,False,False,False,False,True,False,False,False,True,False,False,False,False
Brazil,University of São Paulo,2019,92.7,99.0,46300,Medical Doctor,Medical Coding,Patient Care,Diagnostics,55,6.7,61,1,False,True,False,False,False,True,False,False,False,True,False,False,False,True,False,False,False,False
Saudi Arabia,King Abdulaziz University,2016,94.1,95.2,95200,Pharmacist,Clinical Research,Medical Coding,Diagnostics,46,10.5,97,1,False,False,True,False,False,True,False,False,False,True,False,False,False,True,False,False,False,False
Australia,ANU,2021,85.4,95.2,76100,Cybersecurity Analyst,Cloud Computing,Python,React,81,62.5,52,1,False,False,False,False,False,False,True,False,False,False,False,False,False,False,False,False,True,False
Saudi Arabia,King Abdulaziz University,2025,76.0,76.0,63400,Economist,Qualitative Research,Public Policy,Data Analysis,91,90.0,56,0,False,False,True,False,False,True,False,False,False,False,False,True,True,False,False,False,False,False
Australia,University of Sydney,2019,83.9,90.2,104800,Financial Analyst,Data Analysis,Financial Modeling,Excel,70,8.6,56,0,False,False,False,False,False,True,False,False,False,False,False,False,False,False,False,False,False,False
USA,Georgia Tech,2020,87.0,92.2,121500,Financial Analyst,Excel,Data Analysis,Financial Modeling,81,35.6,56,1,False,False,False,True,False,True,False,False,False,False,False,False,False,False,False,False,False,False
USA,MIT,2022,76.6,82.6,76500,Electrical Engineer,Project Management,AutoCAD,Lean Six Sigma,55,56.0,98,0,False,False,False,True,False,False,False,False,True,False,False,False,False,False,True,False,False,False
USA,Stanford,2015,86.0,93.3,64000,Cybersecurity Analyst,Python,Cybersecurity,React,59,6.5,78,1,False,False,False,True,False,False,True,False,False,False,False,False,False,False,False,False,True,False
France,Ecole Polytechnique,2024,87.4,90.9,78700,Mechanical Engineer,AutoCAD,Lean Six Sigma,SolidWorks,73,75.3,60,1,True,False,False,False,True,False,False,False,True,False,False,False,False,False,True,False,False,False
Canada,University of Toronto,2015,78.5,84.1,61500,Environmental Scientist,Laboratory Skills,Scientific Writing,Experimental Design,51,5.0,84,0,False,False,False,True,True,False,False,False,False,False,True,False,False,False,False,True,False,False
Saudi Arabia,King Abdulaziz University,2022,70.1,75.6,45900,Policy Analyst,Qualitative Research,Data Analysis,Communication,56,71.0,48,0,False,False,True,False,False,False,False,False,False,False,False,True,True,False,False,False,False,False
Brazil,University of São Paulo,2016,93.1,98.2,29200,Pharmacist,Diagnostics,Patient Care,Medical Coding,59,5.0,94,1,False,True,False,False,True,False,False,False,False,True,False,False,False,True,False,False,False,False
UK,Oxford,2024,96.8,100.0,74400,Biomedical Researcher,Medical Coding,Diagnostics,Clinical Research,67,67.2,61,1,True,False,False,False,False,False,False,False,False,True,False,False,False,True,False,False,False,False
Brazil,University of São Paulo,2018,89.9,93.7,39900,Physicist,Experimental Design,Laboratory Skills,Scientific Writing,30,8.9,65,1,False,True,False,False,False,True,False,False,False,False,True,False,False,False,False,True,False,False
China,Fudan University,2025,95.6,100.0,72700,Public Health Specialist,Medical Coding,Diagnostics,Patient Care,79,90.0,42,1,False,False,False,False,False,True,False,False,False,True,False,False,False,True,False,False,False,False
Saudi Arabia,King Abdulaziz University,2018,99.0,100.0,52400,Software Engineer,React,Cloud Computing,Python,79,11.8,76,1,False,False,True,False,False,False,True,False,False,False,False,False,False,False,False,False,True,False
India,IIT Delhi,2021,88.8,93.7,13700,AI Consultant,Data Visualization,Machine Learning,NLP,94,50.5,45,1,False,False,False,False,False,False,False,True,False,False,False,False,False,False,False,False,False,True
Argentina,University of Buenos Aires,2019,87.2,89.8,26300,Biomedical Researcher,Diagnostics,Patient Care,Medical Coding,49,12.7,88,0,False,True,False,False,True,False,False,False,False,True,False,False,False,True,False,False,False,False
USA,MIT,2019,86.2,92.1,111400,Mechanical Engineer,AutoCAD,Project Management,MATLAB,59,13.5,40,1,False,False,False,True,False,True,False,False,True,False,False,False,False,False,True,False,False,False
Saudi Arabia,King Abdulaziz University,2023,77.8,85.1,92500,Civil Engineer,SolidWorks,MATLAB,AutoCAD,64,70.3,47,0,False,False,True,False,False,True,False,False,True,False,False,False,False,False,True,False,False,False
Brazil,University of São Paulo,2023,96.1,100.0,55800,AI Consultant,Machine Learning,Data Visualization,R,77,62.3,73,1,False,True,False,False,False,True,False,True,False,False,False,False,False,False,False,False,False,True
Netherlands,TU Delft,2018,83.4,84.1,47600,Economist,Data Analysis,Qualitative Research,Public Policy,51,19.0,76,0,True,False,False,False,True,False,False,False,False,False,False,True,True,False,False,False,False,False
South Korea,Seoul National University,2016,99.0,99.3,48700,Data Analyst,Deep Learning,Big Data,Machine Learning,63,8.0,82,1,False,False,False,False,False,False,False,True,False,False,False,False,False,False,False,False,False,True
South Africa,University of Cape Town,2025,88.7,95.7,61100,AI Researcher,DevOps,Python,Java,85,90.0,54,1,False,False,True,False,False,True,True,False,False,False,False,False,False,False,False,False,True,False
Australia,University of Melbourne,2021,78.8,85.9,62200,Human Resources Specialist,Public Policy,Data Analysis,Communication,56,49.6,77,0,False,False,False,False,True,False,False,False,False,False,False,True,True,False,False,False,False,False
Saudi Arabia,King Abdulaziz University,2021,94.4,99.9,66800,Machine Learning Engineer,Data Visualization,Machine Learning,Big Data,77,46.5,70,1,False,False,True,False,False,False,False,True,False,False,False,False,False,False,False,False,False,True
Switzerland,ETH Zurich,2022,82.3,87.3,144100,Civil Engineer,AutoCAD,Lean Six Sigma,SolidWorks,48,66.7,72,0,True,False,False,False,False,True,False,False,True,False,False,False,False,False,True,False,False,False
Germany,Humboldt University,2021,83.0,84.5,80900,Economist,Public Policy,Qualitative Research,Data Analysis,58,48.0,81,0,True,False,False,False,False,True,False,False,False,False,False,True,True,False,False,False,False,False
Canada,UBC,2015,93.2,99.2,86900,AI Consultant,Data Visualization,NLP,Big Data,63,10.4,60,1,False,False,False,True,False,True,False,True,False,False,False,False,False,False,False,False,False,True
Sweden,Karolinska Institute,2015,79.2,82.8,59600,Marketing Manager,Excel,Strategic Planning,Financial Modeling,56,6.3,56,0,True,False,False,False,True,False,False,False,False,False,False,False,False,False,False,False,False,False
Brazil,University of São Paulo,2015,86.1,87.3,31700,Biologist,Laboratory Skills,Scientific Writing,Experimental Design,42,11.2,74,0,False,True,False,False,True,False,False,False,False,False,True,False,False,False,False,True,False,False
UK,Imperial College London,2025,87.0,93.7,55400,Human Resources Specialist,Qualitative Research,Communication,Data Analysis,74,90.0,76,1,True,False,False,False,True,False,False,False,False,False,False,True,True,False,False,False,False,False
France,PSL University,2021,99.0,100.0,79200,Biomedical Researcher,Clinical Research,Patient Care,Medical Coding,53,56.3,60,1,True,False,False,False,True,False,False,False,False,True,False,False,False,True,False,False,False,False
France,PSL University,2017,85.4,87.6,62000,Human Resources Specialist,Data Analysis,Communication,Public Policy,52,11.3,63,0,True,False,False,False,False,True,False,False,False,False,False,True,True,False,False,False,False,False
Brazil,University of São Paulo,2021,85.3,90.2,26000,Economist,Communication,Data Analysis,Qualitative Research,64,63.8,77,0,False,True,False,False,True,False,False,False,False,False,False,True,True,False,False,False,False,False
France,PSL University,2021,78.2,84.6,91600,Management Consultant,Market Research,Data Analysis,Excel,65,62.8,70,0,True,False,False,False,False,True,False,False,False,False,False,False,False,False,False,False,False,False
South Africa,University of Cape Town,2016,72.7,79.2,17800,Chemist,Statistical Analysis,Scientific Writing,Laboratory Skills,46,12.2,71,0,False,False,True,False,True,False,False,False,False,False,True,False,False,False,False,True,False,False
China,Tsinghua University,2023,90.8,94.0,51400,Cybersecurity Analyst,Cloud Computing,Cybersecurity,React,85,64.2,64,1,False,False,False,False,True,False,True,False,False,False,False,False,False,False,False,False,True,False
India,IIT Bombay,2019,88.9,95.7,22500,AI Consultant,Deep Learning,R,Machine Learning,76,15.1,93,1,False,False,False,False,False,False,False,True,False,False,False,False,False,False,False,False,False,True
Argentina,University of Buenos Aires,2016,85.7,91.3,29200,Robotics Engineer,Project Management,AutoCAD,Lean Six Sigma,60,10.4,84,1,False,True,False,False,False,True,False,False,True,False,False,False,False,False,True,False,False,False
Australia,ANU,2020,79.5,86.2,82000,Robotics Engineer,MATLAB,Project Management,AutoCAD,60,38.9,62,0,False,False,False,False,True,False,False,False,True,False,False,False,False,False,True,False,False,False
Japan,University of Tokyo,2025,95.0,100.0,62900,Data Scientist,React,Cybersecurity,DevOps,93,90.0,89,1,False,False,False,False,False,False,True,False,False,False,False,False,False,False,False,False,True,False
UAE,Khalifa University,2015,75.7,83.3,63500,Civil Engineer,SolidWorks,Project Management,Lean Six Sigma,44,6.5,43,0,False,False,True,False,True,False,False,False,True,False,False,False,False,False,True,False,False,False
Singapore,NTU,2023,74.9,78.4,103500,Biologist,Statistical Analysis,Scientific Writing,Laboratory Skills,71,77.2,60,0,False,False,False,False,False,True,False,False,False,False,True,False,False,False,False,True,False,False
Israel,Technion,2019,76.9,80.8,79400,Investment Banker,Financial Modeling,Excel,Market Research,60,7.5,66,0,False,False,True,False,True,False,False,False,False,False,False,False,False,False,False,False,False,False
USA,MIT,2020,85.7,91.7,53200,Physicist,Scientific Writing,Laboratory Skills,Statistical Analysis,67,52.9,57,1,False,False,False,True,False,False,False,False,False,False,True,False,False,False,False,True,False,False
Germany,TU Munich,2021,70.5,81.8,45700,Policy Analyst,Public Policy,Qualitative Research,Communication,60,60.4,51,0,True,False,False,False,False,False,False,False,False,False,False,True,True,False,False,False,False,False
Netherlands,TU Delft,2025,89.3,94.2,55200,Economist,Data Analysis,Public Policy,Communication,59,88.6,40,1,True,False,False,False,False,False,False,False,False,False,False,True,True,False,False,False,False,False
UK,Cambridge,2022,94.1,99.0,67500,Public Health Specialist,Clinical Research,Diagnostics,Medical Coding,61,65.3,79,1,True,False,False,False,False,False,False,False,False,True,False,False,False,True,False,False,False,False
USA,Stanford,2016,81.7,91.6,73100,Marketing Manager,Strategic Planning,Financial Modeling,Excel,38,9.6,99,1,False,False,False,True,True,False,False,False,False,False,False,False,False,False,False,False,False,False
Canada,UBC,2015,80.4,85.8,91500,Management Consultant,Financial Modeling,Data Analysis,Market Research,49,6.3,68,0,False,False,False,True,False,True,False,False,False,False,False,False,False,False,False,False,False,False
UAE,Khalifa University,2025,90.6,94.1,77100,Public Health Specialist,Medical Coding,Diagnostics,Patient Care,57,89.6,95,1,False,False,True,False,False,False,False,False,False,True,False,False,False,True,False,False,False,False
China,Fudan University,2018,88.3,94.9,36500,AI Researcher,DevOps,Cloud Computing,Java,74,19.3,69,1,False,False,False,False,False,False,True,False,False,False,False,False,False,False,False,False,True,False
Saudi Arabia,King Abdulaziz University,2017,76.2,82.2,53800,Investment Banker,Market Research,Data Analysis,Excel,56,9.7,62,0,False,False,True,False,False,False,False,False,False,False,False,False,False,False,False,False,False,False
Brazil,University of São Paulo,2015,84.4,90.7,26100,Environmental Scientist,Statistical Analysis,Experimental Design,Laboratory Skills,48,11.4,69,1,False,True,False,False,False,True,False,False,False,False,True,False,False,False,False,True,False,False
Canada,University of Toronto,2023,82.0,87.0,81000,Economist,Public Policy,Communication,Qualitative Research,92,73.1,79,0,False,False,False,True,False,True,False,False,False,False,False,True,True,False,False,False,False,False
Germany,Humboldt University,2024,81.7,89.3,94900,Environmental Scientist,Experimental Design,Statistical Analysis,Scientific Writing,65,90.0,64,0,True,False,False,False,False,True,False,False,False,False,True,False,False,False,False,True,False,False
USA,UC Berkeley,2018,83.1,85.9,66600,Physicist,Laboratory Skills,Statistical Analysis,Scientific Writing,61,5.0,65,0,False,False,False,True,True,False,False,False,False,False,True,False,False,False,False,True,False,False
USA,Harvard,2025,99.0,100.0,134800,AI Researcher,React,SQL,Cybersecurity,90,90.0,85,1,False,False,False,True,False,True,True,False,False,False,False,False,False,False,False,False,True,False
South Korea,Seoul National University,2025,78.4,86.1,57100,Civil Engineer,MATLAB,Lean Six Sigma,AutoCAD,79,90.0,73,0,False,False,False,False,False,False,False,False,True,False,False,False,False,False,True,False,False,False
Netherlands,TU Delft,2016,75.5,82.9,41500,Environmental Scientist,Experimental Design,Scientific Writing,Laboratory Skills,65,5.6,67,0,True,False,False,False,False,False,False,False,False,False,True,False,False,False,False,True,False,False
Israel,Hebrew University of Jerusalem,2021,91.1,96.2,95300,NLP Specialist,NLP,Data Visualization,Machine Learning,91,42.5,57,1,False,False,True,False,True,False,False,True,False,False,False,False,False,False,False,False,False,True
Argentina,University of Buenos Aires,2024,77.7,80.2,26800,Management Consultant,Financial Modeling,Strategic Planning,Excel,63,76.7,93,0,False,True,False,False,False,False,False,False,False,False,False,False,False,False,False,False,False,False
UK,Imperial College London,2016,85.7,92.4,43100,Human Resources Specialist,Data Analysis,Qualitative Research,Public Policy,61,6.6,67,1,True,False,False,False,False,False,False,False,False,False,False,True,True,False,False,False,False,False
USA,UC Berkeley,2018,78.9,85.3,61200,Electrical Engineer,MATLAB,AutoCAD,Lean Six Sigma,57,16.6,52,0,False,False,False,True,False,False,False,False,True,False,False,False,False,False,True,False,False,False
France,PSL University,2016,76.8,81.9,60300,Sociologist,Qualitative Research,Communication,Public Policy,59,8.9,78,0,True,False,False,False,False,True,False,False,False,False,False,True,True,False,False,False,False,False
South Africa,University of Cape Town,2015,81.7,87.8,21600,Cloud Architect,Cloud Computing,Python,DevOps,87,5.0,88,0,False,False,True,False,False,False,True,False,False,False,False,False,False,False,False,False,True,False
USA,Harvard,2017,83.3,86.1,70200,Cybersecurity Analyst,Python,Cloud Computing,SQL,74,8.0,50,0,False,False,False,True,False,False,True,False,False,False,False,False,False,False,False,False,True,False
Argentina,University of Buenos Aires,2021,88.8,94.2,24400,Biomedical Researcher,Medical Coding,Patient Care,Clinical Research,61,45.0,73,1,False,True,False,False,False,True,False,False,False,True,False,False,False,True,False,False,False,False
South Africa,University of Cape Town,2016,93.2,98.0,40600,Medical Doctor,Clinical Research,Diagnostics,Patient Care,61,5.2,66,1,False,False,True,False,True,False,False,False,False,True,False,False,False,True,False,False,False,False
Canada,McGill University,2017,85.1,89.2,79600,Machine Learning Engineer,Data Visualization,Big Data,NLP,53,19.6,55,0,False,False,False,True,True,False,False,True,False,False,False,False,False,False,False,False,False,True
South Korea,Seoul National University,2020,93.2,99.3,94100,Machine Learning Engineer,NLP,Machine Learning,Deep Learning,75,42.1,79,1,False,False,False,False,False,True,False,True,False,False,False,False,False,False,False,False,False,True
Mexico,UNAM,2018,83.9,88.1,23200,Robotics Engineer,Lean Six Sigma,MATLAB,SolidWorks,51,5.0,77,0,False,True,False,False,False,False,False,False,True,False,False,False,False,False,True,False,False,False
UAE,Khalifa University,2017,99.0,100.0,86000,Data Analyst,Data Visualization,Machine Learning,NLP,66,5.0,85,1,False,False,True,False,True,False,False,True,False,False,False,False,False,False,False,False,False,True
Sweden,Karolinska Institute,2019,78.3,82.8,45500,Electrical Engineer,MATLAB,SolidWorks,Lean Six Sigma,57,10.2,72,0,True,False,False,False,False,False,False,False,True,False,False,False,False,False,True,False,False,False
South Korea,KAIST,2015,81.3,81.9,37100,Mechanical Engineer,MATLAB,AutoCAD,Project Management,57,7.2,40,0,False,False,False,False,True,False,False,False,True,False,False,False,False,False,True,False,False,False
Canada,University of Toronto,2023,77.1,84.5,52200,Environmental Scientist,Experimental Design,Laboratory Skills,Statistical Analysis,67,73.4,87,0,False,False,False,True,False,False,False,False,False,False,True,False,False,False,False,True,False,False
Singapore,NTU,2018,86.8,93.1,77200,Economist,Data Analysis,Communication,Public Policy,43,17.4,48,1,False,False,False,False,False,True,False,False,False,False,False,True,True,False,False,False,False,False
Canada,McGill University,2023,73.7,79.9,86000,Electrical Engineer,AutoCAD,Project Management,SolidWorks,84,67.9,66,0,False,False,False,True,True,False,False,False,True,False,False,False,False,False,True,False,False,False
Canada,UBC,2022,79.6,88.2,64100,Economist,Qualitative Research,Data Analysis,Public Policy,65,56.8,61,0,False,False,False,True,True,False,False,False,False,False,False,True,True,False,False,False,False,False
Saudi Arabia,King Abdulaziz University,2021,78.1,82.4,53800,Chemist,Experimental Design,Laboratory Skills,Statistical Analysis,57,43.4,100,0,False,False,True,False,True,False,False,False,False,False,True,False,False,False,False,True,False,False
South Africa,University of Cape Town,2021,82.0,88.2,32600,Marketing Manager,Excel,Strategic Planning,Financial Modeling,68,49.4,66,0,False,False,True,False,True,False,False,False,False,False,False,False,False,False,False,False,False,False
Argentina,University of Buenos Aires,2016,81.3,85.8,18500,Marketing Manager,Strategic Planning,Excel,Financial Modeling,36,7.7,52,0,False,True,False,False,False,False,False,False,False,False,False,False,False,False,False,False,False,False
Mexico,UNAM,2017,91.4,97.1,24000,Pharmacist,Patient Care,Medical Coding,Diagnostics,71,7.3,81,1,False,True,False,False,True,False,False,False,False,True,False,False,False,True,False,False,False,False
UAE,Khalifa University,2015,89.5,95.6,65100,Economist,Communication,Data Analysis,Qualitative Research,39,5.0,74,1,False,False,True,False,False,True,False,False,False,False,False,True,True,False,False,False,False,False
UK,Imperial College London,2018,76.3,78.8,54500,Physicist,Scientific Writing,Laboratory Skills,Statistical Analysis,57,17.5,63,0,True,False,False,False,True,False,False,False,False,False,True,False,False,False,False,True,False,False
Saudi Arabia,King Abdulaziz University,2021,89.5,91.9,64500,Pharmacist,Clinical Research,Patient Care,Medical Coding,69,39.1,70,1,False,False,True,False,False,False,False,False,False,True,False,False,False,True,False,False,False,False
China,Peking University,2025,84.5,87.3,29700,Policy Analyst,Communication,Qualitative Research,Data Analysis,73,81.6,62,0,False,False,False,False,False,False,False,False,False,False,False,True,True,False,False,False,False,False
Argentina,University of Buenos Aires,2020,91.7,97.8,-1200,Human Resources Specialist,Communication,Qualitative Research,Public Policy,52,28.8,62,1,False,True,False,False,True,False,False,False,False,False,False,True,True,False,False,False,False,False
USA,Stanford,2017,83.5,88.3,125000,NLP Specialist,Deep Learning,Data Visualization,NLP,91,5.0,71,0,False,False,False,True,False,True,False,True,False,False,False,False,False,False,False,False,False,True
Netherlands,TU Delft,2017,93.2,98.4,67000,Cybersecurity Analyst,Java,React,SQL,79,8.0,89,1,True,False,False,False,False,False,True,False,False,False,False,False,False,False,False,False,True,False
USA,MIT,2020,71.5,75.7,73700,Environmental Scientist,Experimental Design,Statistical Analysis,Laboratory Skills,50,37.2,66,0,False,False,False,True,True,False,False,False,False,False,True,False,False,False,False,True,False,False
Canada,University of Toronto,2019,83.5,89.0,56000,Physicist,Statistical Analysis,Scientific Writing,Experimental Design,57,5.0,40,0,False,False,False,True,False,False,False,False,False,False,True,False,False,False,False,True,False,False
Japan,Kyoto University,2018,97.0,100.0,84700,Medical Doctor,Clinical Research,Patient Care,Diagnostics,50,12.3,68,1,False,False,False,False,False,True,False,False,False,True,False,False,False,True,False,False,False,False
Argentina,University of Buenos Aires,2017,96.2,100.0,26700,Pharmacist,Patient Care,Clinical Research,Medical Coding,61,5.0,79,1,False,True,False,False,False,False,False,False,False,True,False,False,False,True,False,False,False,False
UAE,Khalifa University,2025,84.3,90.3,88300,Mechanical Engineer,SolidWorks,MATLAB,Project Management,74,90.0,68,0,False,False,True,False,True,False,False,False,True,False,False,False,False,False,True,False,False,False
Canada,UBC,2016,77.6,84.2,50400,Chemist,Experimental Design,Statistical Analysis,Laboratory Skills,61,11.8,95,0,False,False,False,True,False,False,False,False,False,False,True,False,False,False,False,True,False,False
Canada,University of Toronto,2015,78.8,84.2,51100,Physicist,Scientific Writing,Experimental Design,Laboratory Skills,58,10.9,89,0,False,False,False,True,True,False,False,False,False,False,True,False,False,False,False,True,False,False
Australia,University of Melbourne,2021,74.3,79.9,61700,Electrical Engineer,SolidWorks,Project Management,Lean Six Sigma,61,55.4,69,0,False,False,False,False,False,False,False,False,True,False,False,False,False,False,True,False,False,False
Argentina,University of Buenos Aires,2022,79.6,84.7,14400,Environmental Scientist,Statistical Analysis,Scientific Writing,Experimental Design,60,58.0,63,0,False,True,False,False,False,False,False,False,False,False,True,False,False,False,False,True,False,False
Brazil,University of São Paulo,2024,84.0,93.5,48500,Electrical Engineer,AutoCAD,SolidWorks,Project Management,69,74.5,100,1,False,True,False,False,False,True,False,False,True,False,False,False,False,False,True,False,False,False
USA,Harvard,2024,88.0,94.1,99700,Economist,Communication,Public Policy,Data Analysis,74,85.4,53,1,False,False,False,True,False,True,False,False,False,False,False,True,True,False,False,False,False,False
Netherlands,TU Delft,2023,74.6,79.3,78500,Mechanical Engineer,AutoCAD,Project Management,MATLAB,58,73.6,75,0,True,False,False,False,True,False,False,False,True,False,False,False,False,False,True,False,False,False
Brazil,University of São Paulo,2019,94.4,98.2,44000,Software Engineer,SQL,Cybersecurity,DevOps,75,14.6,86,1,False,True,False,False,False,True,True,False,False,False,False,False,False,False,False,False,True,False
Netherlands,University of Amsterdam,2025,73.6,77.1,79300,Financial Analyst,Excel,Strategic Planning,Data Analysis,80,90.0,56,0,True,False,False,False,True,False,False,False,False,False,False,False,False,False,False,False,False,False
South Africa,University of Cape Town,2022,99.0,100.0,35400,Medical Doctor,Medical Coding,Diagnostics,Patient Care,78,70.0,56,1,False,False,True,False,False,False,False,False,False,True,False,False,False,True,False,False,False,False
Argentina,University of Buenos Aires,2023,83.2,88.4,25500,Environmental Scientist,Experimental Design,Statistical Analysis,Laboratory Skills,75,74.1,40,0,False,True,False,False,False,True,False,False,False,False,True,False,False,False,False,True,False,False
Mexico,UNAM,2015,69.1,74.4,11600,Mechanical Engineer,Lean Six Sigma,AutoCAD,MATLAB,52,11.4,55,0,False,True,False,False,False,False,False,False,True,False,False,False,False,False,True,False,False,False
Saudi Arabia,King Abdulaziz University,2016,83.6,86.1,50100,Mechanical Engineer,MATLAB,Lean Six Sigma,AutoCAD,37,10.0,96,0,False,False,True,False,False,False,False,False,True,False,False,False,False,False,True,False,False,False
Japan,University of Tokyo,2017,85.8,89.4,80400,Civil Engineer,Project Management,MATLAB,AutoCAD,62,7.7,58,0,False,False,False,False,False,True,False,False,True,False,False,False,False,False,True,False,False,False
Germany,TU Munich,2020,80.5,84.3,48900,Electrical Engineer,AutoCAD,Lean Six Sigma,SolidWorks,60,17.0,72,0,True,False,False,False,False,False,False,False,True,False,False,False,False,False,True,False,False,False
Japan,University of Tokyo,2018,95.4,100.0,40400,Medical Doctor,Medical Coding,Patient Care,Diagnostics,53,12.8,55,1,False,False,False,False,False,False,False,False,False,True,False,False,False,True,False,False,False,False
Netherlands,University of Amsterdam,2018,87.0,87.0,73400,Chemist,Statistical Analysis,Laboratory Skills,Scientific Writing,51,9.9,67,0,True,False,False,False,False,True,False,False,False,False,True,False,False,False,False,True,False,False
India,IIT Delhi,2021,84.4,88.1,31900,Public Health Specialist,Patient Care,Clinical Research,Medical Coding,42,65.1,66,0,False,False,False,False,False,False,False,False,False,True,False,False,False,True,False,False,False,False
Saudi Arabia,King Abdulaziz University,2019,79.7,86.0,41900,Physicist,Scientific Writing,Laboratory Skills,Experimental Design,61,23.2,76,0,False,False,True,False,False,False,False,False,False,False,True,False,False,False,False,True,False,False
Mexico,UNAM,2024,78.4,82.7,23200,Chemist,Statistical Analysis,Laboratory Skills,Scientific Writing,52,80.4,81,0,False,True,False,False,True,False,False,False,False,False,True,False,False,False,False,True,False,False
Netherlands,University of Amsterdam,2022,86.0,94.0,61900,AI Researcher,DevOps,Cloud Computing,Cybersecurity,69,39.3,52,1,True,False,False,False,False,False,True,False,False,False,False,False,False,False,False,False,True,False
India,IIT Bombay,2017,81.9,86.2,12400,Investment Banker,Market Research,Excel,Data Analysis,51,15.8,59,0,False,False,False,False,False,False,False,False,False,False,False,False,False,False,False,False,False,False
Saudi Arabia,King Abdulaziz University,2016,98.8,100.0,70300,Pharmacist,Patient Care,Clinical Research,Diagnostics,59,8.8,83,1,False,False,True,False,True,False,False,False,False,True,False,False,False,True,False,False,False,False
USA,MIT,2018,83.0,87.2,89800,NLP Specialist,NLP,Data Visualization,Deep Learning,67,7.4,66,0,False,False,False,True,True,False,False,True,False,False,False,False,False,False,False,False,False,True
South Korea,KAIST,2023,78.0,81.3,42100,Policy Analyst,Data Analysis,Qualitative Research,Communication,62,62.3,55,0,False,False,False,False,False,False,False,False,False,False,False,True,True,False,False,False,False,False
Sweden,KTH Royal Institute of Technology,2016,83.3,87.2,75300,Investment Banker,Data Analysis,Strategic Planning,Financial Modeling,61,5.0,61,0,True,False,False,False,False,True,False,False,False,False,False,False,False,False,False,False,False,False
Saudi Arabia,King Abdulaziz University,2017,76.6,81.1,61000,Chemist,Scientific Writing,Laboratory Skills,Experimental Design,41,5.0,93,0,False,False,True,False,True,False,False,False,False,False,True,False,False,False,False,True,False,False
USA,Harvard,2020,83.7,85.3,113100,Mechanical Engineer,MATLAB,AutoCAD,Project Management,63,51.6,87,0,False,False,False,True,False,True,False,False,True,False,False,False,False,False,True,False,False,False
India,IISc Bangalore,2024,84.4,90.0,29200,Data Scientist,React,Python,Cloud Computing,94,62.1,53,0,False,False,False,False,False,False,True,False,False,False,False,False,False,False,False,False,True,False
Canada,McGill University,2025,87.4,89.3,120000,Financial Analyst,Strategic Planning,Excel,Market Research,77,90.0,81,0,False,False,False,True,False,True,False,False,False,False,False,False,False,False,False,False,False,False
Singapore,NTU,2016,83.2,89.9,56000,Electrical Engineer,Lean Six Sigma,Project Management,MATLAB,48,10.1,60,0,False,False,False,False,False,False,False,False,True,False,False,False,False,False,True,False,False,False
Singapore,NUS,2015,82.4,85.6,100200,Mechanical Engineer,MATLAB,SolidWorks,Project Management,42,10.6,81,0,False,False,False,False,False,True,False,False,True,False,False,False,False,False,True,False,False,False
Mexico,UNAM,2018,92.2,97.9,25100,Robotics Engineer,Project Management,Lean Six Sigma,MATLAB,60,9.5,70,1,False,True,False,False,False,True,False,False,True,False,False,False,False,False,True,False,False,False
China,Peking University,2017,98.1,100.0,55300,AI Researcher,Cloud Computing,DevOps,Cybersecurity,81,7.8,72,1,False,False,False,False,False,True,True,False,False,False,False,False,False,False,False,False,True,False
Mexico,UNAM,2025,99.0,100.0,42100,Data Analyst,Big Data,R,Deep Learning,86,86.9,64,1,False,True,False,False,False,True,False,True,False,False,False,False,False,False,False,False,False,True
Singapore,NTU,2022,81.4,89.2,101300,Physicist,Statistical Analysis,Experimental Design,Laboratory Skills,55,61.7,58,0,False,False,False,False,False,True,False,False,False,False,True,False,False,False,False,True,False,False
South Africa,University of Cape Town,2025,81.2,85.9,42800,Electrical Engineer,Lean Six Sigma,Project Management,SolidWorks,81,83.5,78,0,False,False,True,False,True,False,False,False,True,False,False,False,False,False,True,False,False,False
Sweden,Karolinska Institute,2016,93.6,96.2,90400,Data Analyst,Big Data,Data Visualization,Deep Learning,65,9.6,97,1,True,False,False,False,False,True,False,True,False,False,False,False,False,False,False,False,False,True
Germany,Heidelberg University,2016,88.3,93.7,46200,Chemist,Statistical Analysis,Experimental Design,Scientific Writing,48,17.7,76,1,True,False,False,False,False,False,False,False,False,False,True,False,False,False,False,True,False,False
South Korea,Seoul National University,2018,85.4,89.8,68700,Investment Banker,Market Research,Excel,Financial Modeling,36,14.7,86,0,False,False,False,False,False,True,False,False,False,False,False,False,False,False,False,False,False,False
USA,Stanford,2016,92.1,96.6,82800,Machine Learning Engineer,R,Big Data,Deep Learning,80,14.2,94,1,False,False,False,True,False,False,False,True,False,False,False,False,False,False,False,False,False,True
Canada,McGill University,2022,79.2,82.7,54400,Environmental Scientist,Laboratory Skills,Experimental Design,Statistical Analysis,69,44.5,81,0,False,False,False,True,False,False,False,False,False,False,True,False,False,False,False,True,False,False
Canada,McGill University,2020,92.9,98.2,70700,Medical Doctor,Diagnostics,Clinical Research,Medical Coding,75,48.7,60,1,False,False,False,True,False,False,False,False,False,True,False,False,False,True,False,False,False,False
Mexico,UNAM,2018,75.6,81.7,12400,Economist,Public Policy,Data Analysis,Communication,45,15.4,89,0,False,True,False,False,False,False,False,False,False,False,False,True,True,False,False,False,False,False
France,PSL University,2017,92.1,97.1,83100,Pharmacist,Patient Care,Clinical Research,Diagnostics,62,18.0,44,1,True,False,False,False,False,True,False,False,False,True,False,False,False,True,False,False,False,False
USA,Georgia Tech,2015,78.7,80.9,61700,Financial Analyst,Financial Modeling,Data Analysis,Market Research,45,12.1,65,0,False,False,False,True,False,False,False,False,False,False,False,False,False,False,False,False,False,False
Mexico,UNAM,2019,95.6,100.0,19000,Marketing Manager,Data Analysis,Financial Modeling,Excel,59,5.0,73,1,False,True,False,False,True,False,False,False,False,False,False,False,False,False,False,False,False,False
Canada,McGill University,2019,70.6,73.4,59700,Investment Banker,Strategic Planning,Excel,Financial Modeling,65,19.7,75,0,False,False,False,True,False,False,False,False,False,False,False,False,False,False,False,False,False,False
South Africa,University of Cape Town,2018,80.5,85.3,38600,Robotics Engineer,MATLAB,SolidWorks,AutoCAD,66,18.3,89,0,False,False,True,False,True,False,False,False,True,False,False,False,False,False,True,False,False,False
Argentina,University of Buenos Aires,2016,79.7,85.2,6700,Policy Analyst,Qualitative Research,Public Policy,Data Analysis,49,11.9,82,0,False,True,False,False,False,False,False,False,False,False,False,True,True,False,False,False,False,False
Canada,McGill University,2021,99.0,100.0,112200,Software Engineer,Cloud Computing,Java,React,68,53.6,98,1,False,False,False,True,False,True,True,False,False,False,False,False,False,False,False,False,True,False
Mexico,UNAM,2018,94.7,100.0,24700,Cybersecurity Analyst,DevOps,Java,SQL,77,10.0,56,1,False,True,False,False,True,False,True,False,False,False,False,False,False,False,False,False,True,False
Argentina,University of Buenos Aires,2015,75.7,79.9,8400,Management Consultant,Data Analysis,Strategic Planning,Market Research,60,9.5,62,0,False,True,False,False,True,False,False,False,False,False,False,False,False,False,False,False,False,False
Switzerland,ETH Zurich,2016,84.5,92.3,93300,Investment Banker,Data Analysis,Excel,Strategic Planning,62,13.0,47,1,True,False,False,False,True,False,False,False,False,False,False,False,False,False,False,False,False,False
Israel,Technion,2022,89.7,97.0,56100,Chemist,Statistical Analysis,Laboratory Skills,Experimental Design,48,59.4,75,1,False,False,True,False,False,False,False,False,False,False,True,False,False,False,False,True,False,False
USA,Harvard,2022,71.5,76.7,115200,Mechanical Engineer,MATLAB,Lean Six Sigma,Project Management,56,52.2,64,0,False,False,False,True,False,True,False,False,True,False,False,False,False,False,True,False,False,False
Brazil,University of São Paulo,2021,91.2,94.4,36700,AI Consultant,R,Deep Learning,Data Visualization,79,32.4,74,1,False,True,False,False,True,False,False,True,False,False,False,False,False,False,False,False,False,True
Argentina,University of Buenos Aires,2019,88.6,95.4,5800,NLP Specialist,Big Data,R,Deep Learning,67,13.6,87,1,False,True,False,False,False,False,False,True,False,False,False,False,False,False,False,False,False,True
Netherlands,TU Delft,2022,80.5,80.5,41000,Sociologist,Qualitative Research,Public Policy,Data Analysis,62,59.9,40,0,True,False,False,False,True,False,False,False,False,False,False,True,True,False,False,False,False,False
USA,MIT,2018,94.4,97.7,134600,NLP Specialist,Big Data,R,NLP,90,5.0,51,1,False,False,False,True,False,True,False,True,False,False,False,False,False,False,False,False,False,True
India,IIT Bombay,2019,90.3,95.9,8200,Policy Analyst,Qualitative Research,Data Analysis,Public Policy,64,11.5,78,1,False,False,False,False,True,False,False,False,False,False,False,True,True,False,False,False,False,False
Saudi Arabia,King Abdulaziz University,2019,94.4,99.6,89500,AI Researcher,React,DevOps,Python,71,9.8,74,1,False,False,True,False,False,True,True,False,False,False,False,False,False,False,False,False,True,False
Argentina,University of Buenos Aires,2019,85.6,87.9,30300,Cloud Architect,Java,DevOps,Cybersecurity,88,8.5,78,0,False,True,False,False,False,True,True,False,False,False,False,False,False,False,False,False,True,False
Japan,University of Tokyo,2021,83.9,87.2,63500,Cloud Architect,React,DevOps,Python,79,43.3,89,0,False,False,False,False,True,False,True,False,False,False,False,False,False,False,False,False,True,False
Argentina,University of Buenos Aires,2021,99.0,100.0,27600,Data Analyst,Data Visualization,Deep Learning,NLP,57,60.6,47,1,False,True,False,False,True,False,False,True,False,False,False,False,False,False,False,False,False,True
Argentina,University of Buenos Aires,2019,77.4,86.7,17600,Policy Analyst,Public Policy,Communication,Qualitative Research,72,6.3,68,0,False,True,False,False,True,False,False,False,False,False,False,True,True,False,False,False,False,False
USA,UC Berkeley,2017,85.6,90.6,63200,Sociologist,Public Policy,Data Analysis,Qualitative Research,43,6.4,69,0,False,False,False,True,True,False,False,False,False,False,False,True,True,False,False,False,False,False
Canada,UBC,2015,85.1,88.6,92200,Marketing Manager,Excel,Strategic Planning,Data Analysis,56,8.1,83,0,False,False,False,True,False,True,False,False,False,False,False,False,False,False,False,False,False,False
Brazil,University of São Paulo,2018,78.2,84.8,35800,Civil Engineer,SolidWorks,MATLAB,Project Management,48,9.4,70,0,False,True,False,False,False,False,False,False,True,False,False,False,False,False,True,False,False,False
UK,LSE,2022,93.6,98.0,56500,Human Resources Specialist,Qualitative Research,Public Policy,Data Analysis,69,40.7,76,1,True,False,False,False,True,False,False,False,False,False,False,True,True,False,False,False,False,False
USA,Stanford,2021,80.4,80.4,121300,Electrical Engineer,SolidWorks,Lean Six Sigma,MATLAB,61,50.2,80,0,False,False,False,True,False,True,False,False,True,False,False,False,False,False,True,False,False,False
USA,Georgia Tech,2025,89.3,92.6,125500,Public Health Specialist,Diagnostics,Patient Care,Clinical Research,58,90.0,77,1,False,False,False,True,True,False,False,False,False,True,False,False,False,True,False,False,False,False
UAE,Khalifa University,2018,85.1,91.1,57900,Chemist,Experimental Design,Laboratory Skills,Statistical Analysis,56,5.5,62,1,False,False,True,False,True,False,False,False,False,False,True,False,False,False,False,True,False,False
Israel,Hebrew University of Jerusalem,2020,81.2,86.2,36600,Economist,Communication,Public Policy,Qualitative Research,61,45.0,75,0,False,False,True,False,False,False,False,False,False,False,False,True,True,False,False,False,False,False
UK,LSE,2025,90.2,92.4,76300,NLP Specialist,Big Data,Data Visualization,Machine Learning,84,90.0,58,1,True,False,False,False,False,False,False,True,False,False,False,False,False,False,False,False,False,True
Brazil,University of São Paulo,2017,78.0,83.4,32400,Civil Engineer,AutoCAD,Lean Six Sigma,Project Management,55,13.7,83,0,False,True,False,False,True,False,False,False,True,False,False,False,False,False,True,False,False,False
UAE,Khalifa University,2024,69.5,76.9,61400,Chemist,Statistical Analysis,Scientific Writing,Laboratory Skills,83,75.2,73,0,False,False,True,False,False,False,False,False,False,False,True,False,False,False,False,True,False,False
Brazil,University of São Paulo,2020,71.5,75.0,19300,Policy Analyst,Qualitative Research,Public Policy,Data Analysis,54,36.5,55,0,False,True,False,False,True,False,False,False,False,False,False,True,True,False,False,False,False,False
Argentina,University of Buenos Aires,2019,82.9,86.4,24800,Marketing Manager,Market Research,Excel,Financial Modeling,63,13.4,100,0,False,True,False,False,False,True,False,False,False,False,False,False,False,False,False,False,False,False
South Africa,University of Cape Town,2024,81.2,85.0,37200,Civil Engineer,Lean Six Sigma,Project Management,AutoCAD,70,83.3,62,0,False,False,True,False,False,False,False,False,True,False,False,False,False,False,True,False,False,False
Japan,University of Tokyo,2020,83.0,87.5,61900,NLP Specialist,Big Data,NLP,Data Visualization,85,37.1,66,0,False,False,False,False,False,False,False,True,False,False,False,False,False,False,False,False,False,True
Canada,UBC,2024,85.8,93.2,72500,Data Scientist,Cloud Computing,Cybersecurity,DevOps,77,83.2,76,1,False,False,False,True,False,False,True,False,False,False,False,False,False,False,False,False,True,False
Canada,McGill University,2017,93.4,96.5,94500,Biomedical Researcher,Medical Coding,Clinical Research,Patient Care,67,5.0,60,1,False,False,False,True,False,True,False,False,False,True,False,False,False,True,False,False,False,False
USA,MIT,2023,74.5,82.6,67900,Policy Analyst,Public Policy,Qualitative Research,Communication,71,71.4,60,0,False,False,False,True,True,False,False,False,False,False,False,True,True,False,False,False,False,False
Argentina,University of Buenos Aires,2025,88.9,95.5,43000,Machine Learning Engineer,Deep Learning,Machine Learning,R,81,83.6,81,1,False,True,False,False,False,True,False,True,False,False,False,False,False,False,False,False,False,True
Canada,UBC,2024,84.2,87.1,76800,Biologist,Statistical Analysis,Scientific Writing,Laboratory Skills,63,81.6,57,0,False,False,False,True,True,False,False,False,False,False,True,False,False,False,False,True,False,False
USA,UC Berkeley,2022,78.0,81.4,88000,Cybersecurity Analyst,Python,Cybersecurity,Java,78,31.6,49,0,False,False,False,True,False,False,True,False,False,False,False,False,False,False,False,False,True,False
China,Peking University,2015,80.2,88.3,33400,Mechanical Engineer,Lean Six Sigma,AutoCAD,MATLAB,65,12.2,74,0,False,False,False,False,False,False,False,False,True,False,False,False,False,False,True,False,False,False
Brazil,University of São Paulo,2017,76.7,78.9,25900,Public Health Specialist,Diagnostics,Medical Coding,Clinical Research,55,13.1,74,0,False,True,False,False,False,False,False,False,False,True,False,False,False,True,False,False,False,False
Australia,University of Sydney,2015,84.7,92.7,37600,Economist,Data Analysis,Public Policy,Qualitative Research,59,14.9,61,1,False,False,False,False,False,False,False,False,False,False,False,True,True,False,False,False,False,False
Argentina,University of Buenos Aires,2021,90.7,96.8,25100,Cloud Architect,Cybersecurity,Python,DevOps,85,48.8,57,1,False,True,False,False,False,False,True,False,False,False,False,False,False,False,False,False,True,False
Canada,University of Toronto,2022,84.9,89.1,54200,Physicist,Experimental Design,Statistical Analysis,Laboratory Skills,72,67.4,65,0,False,False,False,True,False,False,False,False,False,False,True,False,False,False,False,True,False,False
UAE,Khalifa University,2024,78.2,86.2,74000,Civil Engineer,AutoCAD,SolidWorks,Lean Six Sigma,72,79.8,56,0,False,False,True,False,False,False,False,False,True,False,False,False,False,False,True,False,False,False
Brazil,University of São Paulo,2018,90.2,92.7,33700,Data Analyst,R,Big Data,Data Visualization,73,6.0,78,1,False,True,False,False,True,False,False,True,False,False,False,False,False,False,False,False,False,True
Japan,Kyoto University,2017,83.9,92.3,55500,Data Scientist,Python,React,Cloud Computing,72,5.1,81,1,False,False,False,False,False,False,True,False,False,False,False,False,False,False,False,False,True,False
India,IISc Bangalore,2021,80.8,85.0,24900,Mechanical Engineer,Lean Six Sigma,AutoCAD,MATLAB,53,57.2,65,0,False,False,False,False,True,False,False,False,True,False,False,False,False,False,True,False,False,False
Germany,Heidelberg University,2015,84.0,86.6,57100,Robotics Engineer,Project Management,MATLAB,SolidWorks,38,16.0,52,0,True,False,False,False,True,False,False,False,True,False,False,False,False,False,True,False,False,False
Argentina,University of Buenos Aires,2021,93.1,97.5,8900,Public Health Specialist,Diagnostics,Clinical Research,Medical Coding,59,46.9,73,1,False,True,False,False,False,False,False,False,False,True,False,False,False,True,False,False,False,False
Netherlands,University of Amsterdam,2019,87.4,89.4,43300,Chemist,Laboratory Skills,Statistical Analysis,Scientific Writing,62,13.2,58,0,True,False,False,False,False,False,False,False,False,False,True,False,False,False,False,True,False,False
Mexico,UNAM,2022,98.1,100.0,35500,Biomedical Researcher,Medical Coding,Patient Care,Clinical Research,57,68.9,70,1,False,True,False,False,False,True,False,False,False,True,False,False,False,True,False,False,False,False
Argentina,University of Buenos Aires,2017,99.0,100.0,20200,Pharmacist,Clinical Research,Patient Care,Medical Coding,49,11.3,79,1,False,True,False,False,False,True,False,False,False,True,False,False,False,True,False,False,False,False
Switzerland,EPFL,2021,72.9,79.6,93500,Economist,Data Analysis,Public Policy,Communication,69,48.6,81,0,True,False,False,False,True,False,False,False,False,False,False,True,True,False,False,False,False,False
Netherlands,TU Delft,2022,74.3,82.8,82500,Investment Banker,Market Research,Data Analysis,Strategic Planning,48,48.6,66,0,True,False,False,False,True,False,False,False,False,False,False,False,False,False,False,False,False,False
France,Ecole Polytechnique,2022,81.5,86.4,86700,Biologist,Statistical Analysis,Laboratory Skills,Scientific Writing,78,57.0,52,0,True,False,False,False,False,True,False,False,False,False,True,False,False,False,False,True,False,False
Switzerland,EPFL,2021,86.9,92.0,84600,Robotics Engineer,Lean Six Sigma,Project Management,AutoCAD,81,57.4,60,1,True,False,False,False,False,False,False,False,True,False,False,False,False,False,True,False,False,False
Mexico,UNAM,2024,87.0,90.6,33900,Public Health Specialist,Diagnostics,Clinical Research,Medical Coding,100,90.0,82,0,False,True,False,False,True,False,False,False,False,True,False,False,False,True,False,False,False,False
Argentina,University of Buenos Aires,2024,90.8,98.0,21300,Human Resources Specialist,Qualitative Research,Public Policy,Data Analysis,86,90.0,47,1,False,True,False,False,False,True,False,False,False,False,False,True,True,False,False,False,False,False
Argentina,University of Buenos Aires,2022,78.0,81.1,25600,Marketing Manager,Market Research,Strategic Planning,Data Analysis,67,54.3,100,0,False,True,False,False,False,True,False,False,False,False,False,False,False,False,False,False,False,False
Canada,University of Toronto,2023,90.0,98.9,86500,Data Analyst,Deep Learning,Machine Learning,R,100,65.5,40,1,False,False,False,True,False,False,False,True,False,False,False,False,False,False,False,False,False,True
Canada,University of Toronto,2018,89.8,95.2,101100,Pharmacist,Clinical Research,Diagnostics,Medical Coding,56,10.3,77,1,False,False,False,True,False,True,False,False,False,True,False,False,False,True,False,False,False,False
USA,MIT,2019,92.1,96.2,74400,Data Analyst,Machine Learning,Data Visualization,Big Data,79,14.8,51,1,False,False,False,True,False,False,False,True,False,False,False,False,False,False,False,False,False,True
UAE,Khalifa University,2025,82.4,86.4,84000,Policy Analyst,Qualitative Research,Public Policy,Data Analysis,78,82.8,61,0,False,False,True,False,False,True,False,False,False,False,False,True,True,False,False,False,False,False
France,PSL University,2023,85.5,89.5,53900,Civil Engineer,Lean Six Sigma,SolidWorks,Project Management,70,89.8,68,0,True,False,False,False,False,False,False,False,True,False,False,False,False,False,True,False,False,False
Israel,Technion,2024,98.4,100.0,86300,Pharmacist,Diagnostics,Medical Coding,Patient Care,67,86.4,50,1,False,False,True,False,False,False,False,False,False,True,False,False,False,True,False,False,False,False
India,IISc Bangalore,2017,80.0,89.5,19900,Economist,Communication,Public Policy,Qualitative Research,45,5.9,54,0,False,False,False,False,False,True,False,False,False,False,False,True,True,False,False,False,False,False
USA,Stanford,2018,82.0,89.1,74200,Environmental Scientist,Laboratory Skills,Scientific Writing,Statistical Analysis,62,5.0,57,0,False,False,False,True,True,False,False,False,False,False,True,False,False,False,False,True,False,False
Argentina,University of Buenos Aires,2023,92.0,99.4,43100,Machine Learning Engineer,Big Data,Data Visualization,Deep Learning,84,60.3,65,1,False,True,False,False,False,True,False,True,False,False,False,False,False,False,False,False,False,True
South Korea,Seoul National University,2022,87.2,92.6,47900,Software Engineer,React,Cloud Computing,Java,89,44.1,69,1,False,False,False,False,False,False,True,False,False,False,False,False,False,False,False,False,True,False
Argentina,University of Buenos Aires,2023,88.0,93.3,23200,Cybersecurity Analyst,DevOps,Cybersecurity,Cloud Computing,80,83.8,87,1,False,True,False,False,True,False,True,False,False,False,False,False,False,False,False,False,True,False
Sweden,Karolinska Institute,2018,87.5,90.6,68400,Machine Learning Engineer,R,Data Visualization,NLP,76,9.2,60,0,True,False,False,False,False,False,False,True,False,False,False,False,False,False,False,False,False,True
France,PSL University,2018,79.8,84.0,32400,Human Resources Specialist,Data Analysis,Communication,Qualitative Research,62,13.3,86,0,True,False,False,False,False,False,False,False,False,False,False,True,True,False,False,False,False,False
USA,MIT,2022,83.3,86.8,90900,Marketing Manager,Strategic Planning,Market Research,Financial Modeling,51,55.7,86,0,False,False,False,True,True,False,False,False,False,False,False,False,False,False,False,False,False,False
China,Tsinghua University,2024,99.0,100.0,52000,Software Engineer,SQL,React,Java,84,90.0,76,1,False,False,False,False,True,False,True,False,False,False,False,False,False,False,False,False,True,False
Sweden,Karolinska Institute,2024,92.3,97.8,73400,Human Resources Specialist,Public Policy,Communication,Data Analysis,68,71.4,87,1,True,False,False,False,False,True,False,False,False,False,False,True,True,False,False,False,False,False
Germany,Heidelberg University,2019,83.1,87.1,60500,Electrical Engineer,Project Management,MATLAB,Lean Six Sigma,66,14.6,59,0,True,False,False,False,False,False,False,False,True,False,False,False,False,False,True,False,False,False
Mexico,UNAM,2021,84.2,86.0,21200,Marketing Manager,Financial Modeling,Data Analysis,Excel,63,45.5,88,0,False,True,False,False,True,False,False,False,False,False,False,False,False,False,False,False,False,False
Germany,Heidelberg University,2022,95.5,99.5,67000,Cloud Architect,DevOps,Cloud Computing,Python,93,80.6,53,1,True,False,False,False,False,False,True,False,False,False,False,False,False,False,False,False,True,False
Canada,UBC,2023,93.7,98.9,51800,Economist,Communication,Public Policy,Qualitative Research,66,77.9,70,1,False,False,False,True,False,False,False,False,False,False,False,True,True,False,False,False,False,False
Switzerland,EPFL,2020,95.7,96.7,90900,Machine Learning Engineer,Data Visualization,Deep Learning,R,75,52.1,64,1,True,False,False,False,False,False,False,True,False,False,False,False,False,False,False,False,False,True
UAE,Khalifa University,2020,97.4,100.0,100600,Software Engineer,Cloud Computing,Cybersecurity,Python,67,42.7,67,1,False,False,True,False,False,True,True,False,False,False,False,False,False,False,False,False,True,False
South Korea,KAIST,2024,84.4,90.4,43300,Economist,Data Analysis,Communication,Qualitative Research,64,77.1,77,0,False,False,False,False,True,False,False,False,False,False,False,True,True,False,False,False,False,False
UAE,Khalifa University,2022,78.6,84.9,54800,Sociologist,Data Analysis,Public Policy,Communication,69,68.8,70,0,False,False,True,False,False,False,False,False,False,False,False,True,True,False,False,False,False,False
USA,MIT,2020,90.7,96.4,128100,Machine Learning Engineer,R,Machine Learning,NLP,98,35.2,82,1,False,False,False,True,False,True,False,True,False,False,False,False,False,False,False,False,False,True
Switzerland,ETH Zurich,2023,90.6,98.6,98700,Cloud Architect,Python,React,Java,93,57.6,61,1,True,False,False,False,False,False,True,False,False,False,False,False,False,False,False,False,True,False
Mexico,UNAM,2015,83.7,86.4,28700,Human Resources Specialist,Qualitative Research,Communication,Data Analysis,41,13.5,84,0,False,True,False,False,False,True,False,False,False,False,False,True,True,False,False,False,False,False
Singapore,NUS,2023,95.4,100.0,121900,Marketing Manager,Market Research,Financial Modeling,Data Analysis,63,61.8,55,1,False,False,False,False,False,True,False,False,False,False,False,False,False,False,False,False,False,False
India,IISc Bangalore,2016,90.6,98.9,37000,Data Analyst,Data Visualization,R,NLP,86,13.2,52,1,False,False,False,False,False,True,False,True,False,False,False,False,False,False,False,False,False,True
Sweden,KTH Royal Institute of Technology,2021,87.5,91.4,52500,Economist,Qualitative Research,Public Policy,Communication,73,54.7,70,1,True,False,False,False,True,False,False,False,False,False,False,True,True,False,False,False,False,False
Israel,Hebrew University of Jerusalem,2015,80.8,86.2,55300,Physicist,Laboratory Skills,Statistical Analysis,Scientific Writing,60,5.6,66,0,False,False,True,False,True,False,False,False,False,False,True,False,False,False,False,True,False,False
Israel,Technion,2015,86.3,89.5,87300,Electrical Engineer,AutoCAD,Lean Six Sigma,MATLAB,36,13.4,47,0,False,False,True,False,False,True,False,False,True,False,False,False,False,False,True,False,False,False
UK,Oxford,2017,79.2,81.1,46100,Policy Analyst,Data Analysis,Qualitative Research,Public Policy,49,11.9,62,0,True,False,False,False,False,False,False,False,False,False,False,True,True,False,False,False,False,False
Australia,University of Sydney,2023,96.7,100.0,130500,NLP Specialist,Machine Learning,R,Deep Learning,76,67.0,91,1,False,False,False,False,False,True,False,True,False,False,False,False,False,False,False,False,False,True
Germany,Humboldt University,2024,79.9,87.1,81600,AI Researcher,React,DevOps,Python,90,89.2,61,0,True,False,False,False,False,False,True,False,False,False,False,False,False,False,False,False,True,False
Argentina,University of Buenos Aires,2020,92.9,96.0,10300,Software Engineer,Java,Cybersecurity,DevOps,66,26.8,79,1,False,True,False,False,False,False,True,False,False,False,False,False,False,False,False,False,True,False
Mexico,UNAM,2019,85.2,91.5,20400,Economist,Communication,Qualitative Research,Public Policy,53,9.6,62,1,False,True,False,False,True,False,False,False,False,False,False,True,True,False,False,False,False,False
UK,LSE,2021,85.2,90.9,67200,Data Analyst,NLP,Machine Learning,R,92,41.8,89,1,True,False,False,False,False,False,False,True,False,False,False,False,False,False,False,False,False,True
South Africa,University of Cape Town,2021,82.5,84.1,31800,Chemist,Experimental Design,Laboratory Skills,Statistical Analysis,43,51.4,81,0,False,False,True,False,True,False,False,False,False,False,True,False,False,False,False,True,False,False
France,Ecole Polytechnique,2018,98.4,100.0,55200,Machine Learning Engineer,Machine Learning,Deep Learning,Data Visualization,66,10.2,100,1,True,False,False,False,False,False,False,True,False,False,False,False,False,False,False,False,False,True
South Africa,University of Cape Town,2022,92.6,97.0,29000,Data Analyst,Big Data,Data Visualization,Machine Learning,91,72.7,64,1,False,False,True,False,False,False,False,True,False,False,False,False,False,False,False,False,False,True
Argentina,University of Buenos Aires,2015,99.0,100.0,23500,NLP Specialist,Data Visualization,Deep Learning,Machine Learning,77,7.0,70,1,False,True,False,False,False,False,False,True,False,False,False,False,False,False,False,False,False,True
Brazil,University of São Paulo,2015,94.0,100.0,24100,NLP Specialist,Deep Learning,Big Data,Machine Learning,68,17.7,92,1,False,True,False,False,False,False,False,True,False,False,False,False,False,False,False,False,False,True
China,Fudan University,2016,90.4,94.2,60900,Medical Doctor,Clinical Research,Diagnostics,Medical Coding,43,14.7,51,1,False,False,False,False,False,True,False,False,False,True,False,False,False,True,False,False,False,False
UK,Cambridge,2017,87.6,94.2,93000,Cloud Architect,Cloud Computing,Java,Python,74,16.7,87,1,True,False,False,False,False,True,True,False,False,False,False,False,False,False,False,False,True,False
Japan,University of Tokyo,2022,90.3,95.6,90500,Electrical Engineer,MATLAB,SolidWorks,Lean Six Sigma,52,49.5,40,1,False,False,False,False,False,True,False,False,True,False,False,False,False,False,True,False,False,False
UK,Cambridge,2015,91.6,95.5,60600,Cybersecurity Analyst,Cybersecurity,React,SQL,68,12.5,65,1,True,False,False,False,True,False,True,False,False,False,False,False,False,False,False,False,True,False
USA,UC Berkeley,2022,81.0,84.2,74700,Biologist,Scientific Writing,Experimental Design,Statistical Analysis,61,73.4,65,0,False,False,False,True,True,False,False,False,False,False,True,False,False,False,False,True,False,False
Singapore,NUS,2019,97.2,100.0,85300,AI Consultant,NLP,Big Data,R,66,9.7,87,1,False,False,False,False,False,False,False,True,False,False,False,False,False,False,False,False,False,True
India,IISc Bangalore,2023,94.5,100.0,22600,Software Engineer,Python,React,Cybersecurity,78,63.2,80,1,False,False,False,False,False,False,True,False,False,False,False,False,False,False,False,False,True,False
Israel,Hebrew University of Jerusalem,2023,89.6,93.9,131200,AI Consultant,Deep Learning,R,Big Data,85,54.4,81,1,False,False,True,False,False,True,False,True,False,False,False,False,False,False,False,False,False,True
Mexico,UNAM,2025,76.1,81.0,25300,Pharmacist,Medical Coding,Clinical Research,Diagnostics,62,90.0,61,0,False,True,False,False,False,False,False,False,False,True,False,False,False,True,False,False,False,False
Israel,Technion,2021,83.8,87.5,57300,Human Resources Specialist,Data Analysis,Public Policy,Communication,54,55.1,54,0,False,False,True,False,True,False,False,False,False,False,False,True,True,False,False,False,False,False
Canada,University of Toronto,2021,99.0,100.0,79900,Public Health Specialist,Clinical Research,Patient Care,Diagnostics,59,50.0,77,1,False,False,False,True,True,False,False,False,False,True,False,False,False,True,False,False,False,False
Argentina,University of Buenos Aires,2015,77.5,83.2,24600,Investment Banker,Strategic Planning,Market Research,Data Analysis,44,9.1,72,0,False,True,False,False,True,False,False,False,False,False,False,False,False,False,False,False,False,False
Australia,University of Sydney,2020,93.7,99.7,68800,Software Engineer,Java,React,Python,64,26.4,64,1,False,False,False,False,False,False,True,False,False,False,False,False,False,False,False,False,True,False
Brazil,University of São Paulo,2016,77.0,81.6,37600,Management Consultant,Excel,Data Analysis,Financial Modeling,46,7.2,72,0,False,True,False,False,True,False,False,False,False,False,False,False,False,False,False,False,False,False
Israel,Technion,2017,83.5,86.9,79200,Civil Engineer,MATLAB,Lean Six Sigma,AutoCAD,81,10.4,61,0,False,False,True,False,True,False,False,False,True,False,False,False,False,False,True,False,False,False
Switzerland,EPFL,2024,78.9,87.2,130900,Marketing Manager,Excel,Financial Modeling,Market Research,59,90.0,73,0,True,False,False,False,True,False,False,False,False,False,False,False,False,False,False,False,False,False
Singapore,NTU,2025,99.0,100.0,90700,Cloud Architect,SQL,Cloud Computing,DevOps,100,75.9,54,1,False,False,False,False,False,False,True,False,False,False,False,False,False,False,False,False,True,False
Canada,UBC,2024,93.8,98.8,87500,Cloud Architect,React,Python,Cybersecurity,86,81.5,78,1,False,False,False,True,True,False,True,False,False,False,False,False,False,False,False,False,True,False
Israel,Hebrew University of Jerusalem,2021,98.5,100.0,126300,AI Consultant,Big Data,Deep Learning,Data Visualization,81,44.8,79,1,False,False,True,False,False,True,False,True,False,False,False,False,False,False,False,False,False,True
Brazil,University of São Paulo,2024,86.6,93.6,26900,NLP Specialist,Data Visualization,R,NLP,86,67.9,47,1,False,True,False,False,False,False,False,True,False,False,False,False,False,False,False,False,False,True
UAE,Khalifa University,2015,88.7,96.0,86300,Marketing Manager,Strategic Planning,Market Research,Excel,51,20.0,68,1,False,False,True,False,False,True,False,False,False,False,False,False,False,False,False,False,False,False
Argentina,University of Buenos Aires,2018,80.2,84.3,30600,Data Analyst,Machine Learning,NLP,Deep Learning,84,17.8,57,0,False,True,False,False,False,True,False,True,False,False,False,False,False,False,False,False,False,True
Canada,McGill University,2018,86.5,91.5,72600,Robotics Engineer,Project Management,Lean Six Sigma,MATLAB,33,11.2,81,1,False,False,False,True,True,False,False,False,True,False,False,False,False,False,True,False,False,False
Sweden,KTH Royal Institute of Technology,2021,88.7,91.4,60900,Biomedical Researcher,Medical Coding,Patient Care,Clinical Research,36,60.3,69,1,True,False,False,False,False,False,False,False,False,True,False,False,False,True,False,False,False,False
Saudi Arabia,King Abdulaziz University,2017,84.3,88.6,49600,Chemist,Experimental Design,Statistical Analysis,Scientific Writing,53,12.8,84,0,False,False,True,False,False,False,False,False,False,False,True,False,False,False,False,True,False,False
India,IIT Delhi,2024,86.8,91.2,31200,Electrical Engineer,Project Management,Lean Six Sigma,MATLAB,58,79.4,73,1,False,False,False,False,True,False,False,False,True,False,False,False,False,False,True,False,False,False
UK,Cambridge,2017,73.3,79.2,33700,Sociologist,Public Policy,Communication,Data Analysis,49,9.2,64,0,True,False,False,False,False,False,False,False,False,False,False,True,True,False,False,False,False,False
USA,UC Berkeley,2018,89.3,91.8,113400,Civil Engineer,Project Management,MATLAB,Lean Six Sigma,50,14.3,79,1,False,False,False,True,False,True,False,False,True,False,False,False,False,False,True,False,False,False
France,Ecole Polytechnique,2024,87.3,90.9,103100,Cloud Architect,Cybersecurity,SQL,Java,82,82.8,95,1,True,False,False,False,False,True,True,False,False,False,False,False,False,False,False,False,True,False
Canada,McGill University,2016,76.1,80.9,53700,Chemist,Scientific Writing,Statistical Analysis,Experimental Design,62,5.0,91,0,False,False,False,True,True,False,False,False,False,False,True,False,False,False,False,True,False,False
Brazil,University of São Paulo,2024,77.6,79.4,35200,Financial Analyst,Market Research,Financial Modeling,Data Analysis,75,78.3,72,0,False,True,False,False,True,False,False,False,False,False,False,False,False,False,False,False,False,False
USA,MIT,2021,81.4,85.4,95300,Chemist,Scientific Writing,Laboratory Skills,Experimental Design,60,43.3,46,0,False,False,False,True,False,True,False,False,False,False,True,False,False,False,False,True,False,False
Netherlands,TU Delft,2022,73.2,78.5,75900,Financial Analyst,Data Analysis,Market Research,Financial Modeling,46,40.0,71,0,True,False,False,False,False,False,False,False,False,False,False,False,False,False,False,False,False,False
Canada,UBC,2015,89.3,95.1,64500,Human Resources Specialist,Data Analysis,Qualitative Research,Communication,48,5.3,92,1,False,False,False,True,False,True,False,False,False,False,False,True,True,False,False,False,False,False
Canada,University of Toronto,2020,83.8,88.8,72400,Medical Doctor,Clinical Research,Diagnostics,Patient Care,61,36.5,81,0,False,False,False,True,False,False,False,False,False,True,False,False,False,True,False,False,False,False
Australia,University of Sydney,2023,89.0,93.5,82500,Medical Doctor,Medical Coding,Clinical Research,Patient Care,80,79.3,71,1,False,False,False,False,False,False,False,False,False,True,False,False,False,True,False,False,False,False
Canada,UBC,2015,83.0,89.4,41500,Policy Analyst,Qualitative Research,Data Analysis,Communication,30,11.3,63,0,False,False,False,True,True,False,False,False,False,False,False,True,True,False,False,False,False,False
Mexico,UNAM,2021,78.5,83.2,33600,Electrical Engineer,SolidWorks,Lean Six Sigma,AutoCAD,75,45.5,84,0,False,True,False,False,False,True,False,False,True,False,False,False,False,False,True,False,False,False
UAE,Khalifa University,2015,93.8,98.8,52100,Data Scientist,Java,React,DevOps,73,10.0,79,1,False,False,True,False,False,False,True,False,False,False,False,False,False,False,False,False,True,False
South Africa,University of Cape Town,2016,74.2,80.0,19700,Management Consultant,Excel,Data Analysis,Strategic Planning,31,7.3,69,0,False,False,True,False,True,False,False,False,False,False,False,False,False,False,False,False,False,False
Israel,Technion,2018,86.5,92.1,63500,Medical Doctor,Diagnostics,Medical Coding,Patient Care,66,5.2,61,1,False,False,True,False,False,False,False,False,False,True,False,False,False,True,False,False,False,False
Australia,ANU,2015,70.9,76.2,87400,Investment Banker,Market Research,Excel,Strategic Planning,59,15.1,56,0,False,False,False,False,False,True,False,False,False,False,False,False,False,False,False,False,False,False
Australia,ANU,2017,83.1,89.8,86200,Civil Engineer,SolidWorks,Lean Six Sigma,Project Management,55,11.4,87,0,False,False,False,False,False,True,False,False,True,False,False,False,False,False,True,False,False,False
Germany,Humboldt University,2019,88.9,97.2,62100,Medical Doctor,Diagnostics,Clinical Research,Medical Coding,56,5.0,59,1,True,False,False,False,False,False,False,False,False,True,False,False,False,True,False,False,False,False
Sweden,KTH Royal Institute of Technology,2016,84.8,88.0,64200,Biologist,Scientific Writing,Experimental Design,Statistical Analysis,54,6.3,40,0,True,False,False,False,False,True,False,False,False,False,True,False,False,False,False,True,False,False
France,PSL University,2016,80.7,86.8,37600,Human Resources Specialist,Qualitative Research,Communication,Data Analysis,45,6.1,76,0,True,False,False,False,False,False,False,False,False,False,False,True,True,False,False,False,False,False
Germany,TU Munich,2019,93.1,98.9,112800,Biomedical Researcher,Diagnostics,Patient Care,Clinical Research,54,5.0,84,1,True,False,False,False,False,True,False,False,False,True,False,False,False,True,False,False,False,False
South Korea,KAIST,2022,96.6,100.0,92500,Biomedical Researcher,Clinical Research,Medical Coding,Diagnostics,69,68.9,94,1,False,False,False,False,False,True,False,False,False,True,False,False,False,True,False,False,False,False
Netherlands,University of Amsterdam,2025,90.3,92.7,81800,NLP Specialist,Big Data,R,Machine Learning,91,90.0,80,1,True,False,False,False,False,False,False,True,False,False,False,False,False,False,False,False,False,True
UAE,Khalifa University,2018,92.5,100.0,104900,Cloud Architect,React,SQL,Cloud Computing,58,12.1,58,1,False,False,True,False,False,True,True,False,False,False,False,False,False,False,False,False,True,False
South Korea,KAIST,2024,80.2,82.3,40000,Sociologist,Communication,Qualitative Research,Public Policy,66,80.3,86,0,False,False,False,False,True,False,False,False,False,False,False,True,True,False,False,False,False,False
Israel,Hebrew University of Jerusalem,2024,97.5,100.0,126800,Machine Learning Engineer,Data Visualization,Deep Learning,Big Data,98,75.7,50,1,False,False,True,False,False,True,False,True,False,False,False,False,False,False,False,False,False,True
Israel,Technion,2016,73.5,79.5,52500,Financial Analyst,Financial Modeling,Market Research,Excel,66,7.2,79,0,False,False,True,False,False,False,False,False,False,False,False,False,False,False,False,False,False,False
Brazil,University of São Paulo,2015,82.2,88.5,18900,Electrical Engineer,AutoCAD,SolidWorks,Project Management,35,9.0,80,0,False,True,False,False,True,False,False,False,True,False,False,False,False,False,True,False,False,False
Singapore,NTU,2021,99.0,100.0,110100,Pharmacist,Medical Coding,Patient Care,Diagnostics,69,45.9,44,1,False,False,False,False,False,True,False,False,False,True,False,False,False,True,False,False,False,False
Japan,Kyoto University,2016,90.8,95.9,67100,NLP Specialist,Deep Learning,R,Data Visualization,82,13.8,98,1,False,False,False,False,True,False,False,True,False,False,False,False,False,False,False,False,False,True
China,Tsinghua University,2023,76.5,81.2,40800,Marketing Manager,Data Analysis,Excel,Market Research,70,80.2,47,0,False,False,False,False,False,False,False,False,False,False,False,False,False,False,False,False,False,False
Saudi Arabia,King Abdulaziz University,2020,99.0,100.0,91900,AI Researcher,Python,DevOps,React,89,44.9,84,1,False,False,True,False,False,True,True,False,False,False,False,False,False,False,False,False,True,False
Japan,University of Tokyo,2019,76.0,81.0,43600,Robotics Engineer,MATLAB,Lean Six Sigma,AutoCAD,42,8.7,73,0,False,False,False,False,False,False,False,False,True,False,False,False,False,False,True,False,False,False
China,Tsinghua University,2023,82.0,88.3,47200,Civil Engineer,SolidWorks,Lean Six Sigma,AutoCAD,77,60.4,67,0,False,False,False,False,False,False,False,False,True,False,False,False,False,False,True,False,False,False
South Korea,Seoul National University,2022,92.6,99.8,96500,Data Scientist,Python,Java,DevOps,93,45.2,74,1,False,False,False,False,False,True,True,False,False,False,False,False,False,False,False,False,True,False
Canada,McGill University,2023,81.6,85.1,65900,Mechanical Engineer,SolidWorks,AutoCAD,Lean Six Sigma,54,65.2,68,0,False,False,False,True,False,False,False,False,True,False,False,False,False,False,True,False,False,False
Singapore,NUS,2023,99.0,100.0,138300,Medical Doctor,Patient Care,Clinical Research,Diagnostics,74,60.0,63,1,False,False,False,False,False,True,False,False,False,True,False,False,False,True,False,False,False,False
France,PSL University,2021,79.8,86.0,75900,Environmental Scientist,Laboratory Skills,Scientific Writing,Statistical Analysis,69,55.4,85,0,True,False,False,False,False,True,False,False,False,False,True,False,False,False,False,True,False,False
Israel,Technion,2017,95.9,99.5,80800,Data Analyst,Big Data,R,Machine Learning,64,12.7,88,1,False,False,True,False,True,False,False,True,False,False,False,False,False,False,False,False,False,True
South Korea,KAIST,2019,93.1,98.7,79700,Data Scientist,Cloud Computing,Python,DevOps,79,5.0,51,1,False,False,False,False,False,True,True,False,False,False,False,False,False,False,False,False,True,False
South Korea,KAIST,2015,91.6,96.7,55500,Public Health Specialist,Medical Coding,Patient Care,Clinical Research,56,8.9,78,1,False,False,False,False,True,False,False,False,False,True,False,False,False,True,False,False,False,False
Canada,UBC,2023,92.1,97.3,89300,Physicist,Laboratory Skills,Experimental Design,Statistical Analysis,89,73.5,66,1,False,False,False,True,False,True,False,False,False,False,True,False,False,False,False,True,False,False
Sweden,Karolinska Institute,2025,74.0,77.1,76800,Electrical Engineer,AutoCAD,Project Management,Lean Six Sigma,61,90.0,62,0,True,False,False,False,True,False,False,False,True,False,False,False,False,False,True,False,False,False
Saudi Arabia,King Abdulaziz University,2024,99.0,100.0,112900,AI Consultant,Machine Learning,Data Visualization,Deep Learning,100,68.2,67,1,False,False,True,False,False,True,False,True,False,False,False,False,False,False,False,False,False,True
UK,Cambridge,2022,94.7,95.2,64900,Pharmacist,Diagnostics,Patient Care,Medical Coding,49,58.9,93,1,True,False,False,False,False,False,False,False,False,True,False,False,False,True,False,False,False,False
Mexico,UNAM,2019,73.2,75.8,16900,Sociologist,Public Policy,Communication,Qualitative Research,74,6.9,55,0,False,True,False,False,False,False,False,False,False,False,False,True,True,False,False,False,False,False
Saudi Arabia,King Abdulaziz University,2023,95.1,100.0,72700,Pharmacist,Patient Care,Medical Coding,Diagnostics,56,54.7,71,1,False,False,True,False,False,False,False,False,False,True,False,False,False,True,False,False,False,False
South Africa,University of Cape Town,2017,84.8,92.8,44600,Marketing Manager,Strategic Planning,Market Research,Financial Modeling,36,14.3,53,1,False,False,True,False,False,True,False,False,False,False,False,False,False,False,False,False,False,False
Canada,UBC,2024,80.6,84.0,116500,Marketing Manager,Excel,Strategic Planning,Data Analysis,61,65.5,70,0,False,False,False,True,False,True,False,False,False,False,False,False,False,False,False,False,False,False
Mexico,UNAM,2022,83.9,90.2,15400,Environmental Scientist,Statistical Analysis,Scientific Writing,Laboratory Skills,80,63.7,77,0,False,True,False,False,False,False,False,False,False,False,True,False,False,False,False,True,False,False
Brazil,University of São Paulo,2025,79.9,81.9,42200,Policy Analyst,Public Policy,Qualitative Research,Data Analysis,72,75.8,100,0,False,True,False,False,False,True,False,False,False,False,False,True,True,False,False,False,False,False
Argentina,University of Buenos Aires,2017,92.1,97.2,24600,Biologist,Experimental Design,Statistical Analysis,Scientific Writing,59,7.7,83,1,False,True,False,False,True,False,False,False,False,False,True,False,False,False,False,True,False,False
Argentina,University of Buenos Aires,2018,68.5,72.0,14600,Civil Engineer,Project Management,SolidWorks,MATLAB,41,17.4,97,0,False,True,False,False,True,False,False,False,True,False,False,False,False,False,True,False,False,False
Sweden,Karolinska Institute,2024,86.5,93.4,59000,Financial Analyst,Market Research,Financial Modeling,Data Analysis,52,76.1,61,1,True,False,False,False,False,False,False,False,False,False,False,False,False,False,False,False,False,False
Netherlands,TU Delft,2021,73.9,78.7,48400,Policy Analyst,Communication,Qualitative Research,Data Analysis,55,54.7,66,0,True,False,False,False,False,False,False,False,False,False,False,True,True,False,False,False,False,False
South Africa,University of Cape Town,2020,90.2,99.3,37200,Pharmacist,Medical Coding,Clinical Research,Patient Care,55,29.6,78,1,False,False,True,False,True,False,False,False,False,True,False,False,False,True,False,False,False,False
Mexico,UNAM,2023,82.9,92.4,25400,Pharmacist,Clinical Research,Medical Coding,Diagnostics,62,66.2,72,1,False,True,False,False,False,False,False,False,False,True,False,False,False,True,False,False,False,False
Netherlands,TU Delft,2016,82.9,88.4,79500,Public Health Specialist,Medical Coding,Patient Care,Clinical Research,72,10.6,51,0,True,False,False,False,True,False,False,False,False,True,False,False,False,True,False,False,False,False
Australia,ANU,2021,84.0,91.7,77300,Sociologist,Qualitative Research,Data Analysis,Public Policy,58,58.3,48,1,False,False,False,False,False,True,False,False,False,False,False,True,True,False,False,False,False,False
Israel,Hebrew University of Jerusalem,2015,87.6,95.5,54700,Pharmacist,Patient Care,Clinical Research,Diagnostics,50,11.4,74,1,False,False,True,False,False,False,False,False,False,True,False,False,False,True,False,False,False,False
USA,Stanford,2025,79.9,86.3,141600,Investment Banker,Financial Modeling,Strategic Planning,Market Research,61,90.0,57,0,False,False,False,True,False,True,False,False,False,False,False,False,False,False,False,False,False,False
Singapore,NUS,2023,85.7,90.9,96200,Physicist,Laboratory Skills,Experimental Design,Statistical Analysis,69,72.3,53,1,False,False,False,False,False,True,False,False,False,False,True,False,False,False,False,True,False,False
Saudi Arabia,King Abdulaziz University,2022,87.5,95.2,85200,Physicist,Laboratory Skills,Statistical Analysis,Scientific Writing,58,64.2,72,1,False,False,True,False,False,True,False,False,False,False,True,False,False,False,False,True,False,False
USA,UC Berkeley,2018,88.8,94.2,111400,Civil Engineer,SolidWorks,Project Management,MATLAB,40,18.9,78,1,False,False,False,True,False,True,False,False,True,False,False,False,False,False,True,False,False,False
Argentina,University of Buenos Aires,2023,92.0,94.0,19600,NLP Specialist,NLP,Data Visualization,R,96,55.3,66,1,False,True,False,False,False,False,False,True,False,False,False,False,False,False,False,False,False,True
USA,Harvard,2022,85.2,90.4,79000,Marketing Manager,Excel,Data Analysis,Market Research,70,59.7,69,0,False,False,False,True,False,False,False,False,False,False,False,False,False,False,False,False,False,False
Saudi Arabia,King Abdulaziz University,2022,90.3,91.9,82900,Data Analyst,Machine Learning,Data Visualization,Big Data,76,62.4,66,1,False,False,True,False,True,False,False,True,False,False,False,False,False,False,False,False,False,True
USA,Stanford,2020,88.4,91.7,82100,NLP Specialist,R,Machine Learning,NLP,75,36.9,70,1,False,False,False,True,False,False,False,True,False,False,False,False,False,False,False,False,False,True
Canada,University of Toronto,2023,92.1,95.0,115700,Data Scientist,DevOps,Cybersecurity,React,72,90.0,53,1,False,False,False,True,False,True,True,False,False,False,False,False,False,False,False,False,True,False
South Africa,University of Cape Town,2019,93.8,99.6,34500,Data Scientist,Cloud Computing,Cybersecurity,React,83,7.8,73,1,False,False,True,False,True,False,True,False,False,False,False,False,False,False,False,False,True,False
USA,Harvard,2022,88.4,93.9,88200,Data Analyst,Machine Learning,NLP,Deep Learning,94,59.8,69,1,False,False,False,True,False,False,False,True,False,False,False,False,False,False,False,False,False,True
China,Tsinghua University,2022,96.1,100.0,58200,Medical Doctor,Clinical Research,Patient Care,Medical Coding,46,69.1,79,1,False,False,False,False,True,False,False,False,False,True,False,False,False,True,False,False,False,False
Canada,McGill University,2023,84.3,91.4,104500,Management Consultant,Financial Modeling,Strategic Planning,Market Research,57,74.4,83,1,False,False,False,True,False,True,False,False,False,False,False,False,False,False,False,False,False,False
Japan,Kyoto University,2019,92.3,97.9,84800,Machine Learning Engineer,Data Visualization,NLP,R,70,5.6,67,1,False,False,False,False,False,True,False,True,False,False,False,False,False,False,False,False,False,True
Netherlands,University of Amsterdam,2015,84.5,87.7,56300,Chemist,Laboratory Skills,Statistical Analysis,Experimental Design,56,5.8,45,0,True,False,False,False,True,False,False,False,False,False,True,False,False,False,False,True,False,False
South Africa,University of Cape Town,2022,85.6,91.9,23900,Environmental Scientist,Statistical Analysis,Laboratory Skills,Experimental Design,63,55.8,64,1,False,False,True,False,False,False,False,False,False,False,True,False,False,False,False,True,False,False
South Korea,Seoul National University,2025,77.7,82.0,65900,Economist,Qualitative Research,Communication,Data Analysis,67,76.5,57,0,False,False,False,False,False,True,False,False,False,False,False,True,True,False,False,False,False,False
Canada,UBC,2015,83.0,87.4,84300,Electrical Engineer,Project Management,AutoCAD,Lean Six Sigma,40,17.9,57,0,False,False,False,True,False,True,False,False,True,False,False,False,False,False,True,False,False,False
Singapore,NUS,2017,77.6,82.6,62200,Electrical Engineer,MATLAB,AutoCAD,Project Management,58,5.0,69,0,False,False,False,False,False,False,False,False,True,False,False,False,False,False,True,False,False,False
Canada,UBC,2023,99.0,100.0,129100,NLP Specialist,Deep Learning,Big Data,Data Visualization,86,90.0,87,1,False,False,False,True,False,True,False,True,False,False,False,False,False,False,False,False,False,True
Canada,University of Toronto,2021,88.2,95.1,87600,Data Analyst,Data Visualization,R,NLP,71,60.9,75,1,False,False,False,True,True,False,False,True,False,False,False,False,False,False,False,False,False,True
Canada,UBC,2020,91.7,95.5,111000,Pharmacist,Medical Coding,Diagnostics,Clinical Research,74,37.5,63,1,False,False,False,True,False,True,False,False,False,True,False,False,False,True,False,False,False,False
Singapore,NUS,2022,92.2,95.2,96000,Data Scientist,Python,Cloud Computing,SQL,78,53.8,82,1,False,False,False,False,True,False,True,False,False,False,False,False,False,False,False,False,True,False
UK,Oxford,2023,82.5,83.5,82700,Medical Doctor,Clinical Research,Medical Coding,Patient Care,51,83.6,70,0,True,False,False,False,True,False,False,False,False,True,False,False,False,True,False,False,False,False
France,Ecole Polytechnique,2021,85.7,90.8,93100,Financial Analyst,Financial Modeling,Excel,Data Analysis,61,60.4,72,1,True,False,False,False,False,True,False,False,False,False,False,False,False,False,False,False,False,False
Mexico,UNAM,2017,83.1,86.9,21900,Sociologist,Qualitative Research,Communication,Data Analysis,49,6.4,88,0,False,True,False,False,False,False,False,False,False,False,False,True,True,False,False,False,False,False
Germany,TU Munich,2025,76.0,81.6,70200,Marketing Manager,Excel,Financial Modeling,Market Research,69,90.0,98,0,True,False,False,False,False,False,False,False,False,False,False,False,False,False,False,False,False,False
UK,Cambridge,2022,81.4,83.6,82400,Marketing Manager,Data Analysis,Financial Modeling,Excel,59,67.1,52,0,True,False,False,False,True,False,False,False,False,False,False,False,False,False,False,False,False,False
Mexico,UNAM,2017,90.1,95.2,31700,Data Scientist,Cloud Computing,React,DevOps,67,12.5,52,1,False,True,False,False,False,False,True,False,False,False,False,False,False,False,False,False,True,False
India,IIT Bombay,2017,86.6,93.6,27500,Biologist,Statistical Analysis,Scientific Writing,Laboratory Skills,40,11.0,88,1,False,False,False,False,False,False,False,False,False,False,True,False,False,False,False,True,False,False
UAE,Khalifa University,2022,75.0,78.7,51800,Human Resources Specialist,Data Analysis,Communication,Public Policy,59,54.0,92,0,False,False,True,False,False,False,False,False,False,False,False,True,True,False,False,False,False,False
Mexico,UNAM,2022,83.3,85.7,13700,Financial Analyst,Market Research,Financial Modeling,Strategic Planning,54,39.9,61,0,False,True,False,False,False,False,False,False,False,False,False,False,False,False,False,False,False,False
Japan,Kyoto University,2019,91.3,93.9,63900,Data Analyst,Machine Learning,Big Data,Deep Learning,88,16.2,71,1,False,False,False,False,False,False,False,True,False,False,False,False,False,False,False,False,False,True
France,PSL University,2021,95.4,100.0,90200,Data Analyst,R,Data Visualization,NLP,73,56.3,73,1,True,False,False,False,True,False,False,True,False,False,False,False,False,False,False,False,False,True
Brazil,University of São Paulo,2018,79.6,84.8,41300,Financial Analyst,Data Analysis,Strategic Planning,Market Research,47,5.0,84,0,False,True,False,False,False,True,False,False,False,False,False,False,False,False,False,False,False,False
Canada,UBC,2024,83.5,89.2,104700,Financial Analyst,Excel,Market Research,Data Analysis,71,77.2,74,0,False,False,False,True,False,True,False,False,False,False,False,False,False,False,False,False,False,False
Netherlands,University of Amsterdam,2019,84.9,93.4,61200,Physicist,Laboratory Skills,Statistical Analysis,Experimental Design,60,10.3,56,1,True,False,False,False,True,False,False,False,False,False,True,False,False,False,False,True,False,False
Switzerland,EPFL,2020,83.3,88.0,86300,Civil Engineer,MATLAB,AutoCAD,Lean Six Sigma,65,37.1,80,0,True,False,False,False,False,False,False,False,True,False,False,False,False,False,True,False,False,False
Japan,Kyoto University,2022,87.5,92.7,91700,Financial Analyst,Strategic Planning,Market Research,Excel,53,53.9,78,1,False,False,False,False,False,True,False,False,False,False,False,False,False,False,False,False,False,False
UAE,Khalifa University,2018,79.5,85.5,72900,Biologist,Statistical Analysis,Laboratory Skills,Experimental Design,50,5.1,59,0,False,False,True,False,True,False,False,False,False,False,True,False,False,False,False,True,False,False
South Korea,Seoul National University,2022,88.0,88.6,36300,Economist,Communication,Data Analysis,Public Policy,61,48.2,56,0,False,False,False,False,True,False,False,False,False,False,False,True,True,False,False,False,False,False
China,Tsinghua University,2024,82.3,85.3,45000,Sociologist,Data Analysis,Communication,Qualitative Research,62,72.3,69,0,False,False,False,False,True,False,False,False,False,False,False,True,True,False,False,False,False,False
UK,Cambridge,2019,99.0,100.0,95900,AI Researcher,Python,Cybersecurity,Cloud Computing,77,8.4,84,1,True,False,False,False,False,True,True,False,False,False,False,False,False,False,False,False,True,False
Netherlands,University of Amsterdam,2021,86.0,91.6,98400,Management Consultant,Financial Modeling,Strategic Planning,Market Research,52,62.1,81,1,True,False,False,False,False,True,False,False,False,False,False,False,False,False,False,False,False,False
UAE,Khalifa University,2023,86.3,92.2,54900,Sociologist,Data Analysis,Public Policy,Communication,80,73.8,66,1,False,False,True,False,False,False,False,False,False,False,False,True,True,False,False,False,False,False
Switzerland,ETH Zurich,2016,91.1,95.1,101900,Cybersecurity Analyst,Cloud Computing,Java,DevOps,88,11.5,71,1,True,False,False,False,True,False,True,False,False,False,False,False,False,False,False,False,True,False
Israel,Technion,2015,99.0,100.0,97000,Cloud Architect,DevOps,Cybersecurity,Python,61,5.0,66,1,False,False,True,False,False,True,True,False,False,False,False,False,False,False,False,False,True,False
Brazil,University of São Paulo,2021,80.7,84.6,32500,Economist,Communication,Qualitative Research,Data Analysis,63,45.0,74,0,False,True,False,False,False,True,False,False,False,False,False,True,True,False,False,False,False,False
South Korea,Seoul National University,2023,84.6,91.4,53700,Economist,Public Policy,Data Analysis,Qualitative Research,76,72.8,67,1,False,False,False,False,True,False,False,False,False,False,False,True,True,False,False,False,False,False
Sweden,KTH Royal Institute of Technology,2017,89.3,93.2,72000,NLP Specialist,NLP,Deep Learning,Machine Learning,81,11.7,80,1,True,False,False,False,True,False,False,True,False,False,False,False,False,False,False,False,False,True
USA,Stanford,2017,97.2,100.0,64200,AI Researcher,Cybersecurity,DevOps,Cloud Computing,62,7.8,100,1,False,False,False,True,False,False,True,False,False,False,False,False,False,False,False,False,True,False
Canada,University of Toronto,2016,88.4,93.0,60700,Machine Learning Engineer,Machine Learning,R,Deep Learning,70,6.1,72,1,False,False,False,True,False,False,False,True,False,False,False,False,False,False,False,False,False,True
Mexico,UNAM,2020,91.6,94.3,28300,Cloud Architect,Python,Cloud Computing,React,76,34.5,70,1,False,True,False,False,False,False,True,False,False,False,False,False,False,False,False,False,True,False
Saudi Arabia,King Abdulaziz University,2021,79.3,84.1,53400,Chemist,Experimental Design,Laboratory Skills,Scientific Writing,79,58.8,78,0,False,False,True,False,False,False,False,False,False,False,True,False,False,False,False,True,False,False
Germany,TU Munich,2015,93.7,94.7,79900,Data Scientist,Cloud Computing,Java,Cybersecurity,78,5.0,76,1,True,False,False,False,True,False,True,False,False,False,False,False,False,False,False,False,True,False
Sweden,KTH Royal Institute of Technology,2021,87.7,91.9,59700,Machine Learning Engineer,Deep Learning,Machine Learning,Big Data,74,46.5,85,1,True,False,False,False,False,False,False,True,False,False,False,False,False,False,False,False,False,True
USA,Stanford,2019,94.0,97.0,93200,Biomedical Researcher,Patient Care,Clinical Research,Medical Coding,56,11.6,55,1,False,False,False,True,True,False,False,False,False,True,False,False,False,True,False,False,False,False
Sweden,KTH Royal Institute of Technology,2023,83.7,91.0,70100,Civil Engineer,SolidWorks,AutoCAD,Lean Six Sigma,65,65.4,72,1,True,False,False,False,True,False,False,False,True,False,False,False,False,False,True,False,False,False
Sweden,Karolinska Institute,2021,82.5,82.5,62700,Chemist,Scientific Writing,Statistical Analysis,Laboratory Skills,51,41.5,72,0,True,False,False,False,True,False,False,False,False,False,True,False,False,False,False,True,False,False
India,IISc Bangalore,2019,94.4,99.9,31100,Machine Learning Engineer,Big Data,Data Visualization,NLP,64,17.2,89,1,False,False,False,False,True,False,False,True,False,False,False,False,False,False,False,False,False,True
France,Ecole Polytechnique,2019,82.9,86.7,57500,Electrical Engineer,Project Management,AutoCAD,MATLAB,59,15.3,100,0,True,False,False,False,True,False,False,False,True,False,False,False,False,False,True,False,False,False
Netherlands,University of Amsterdam,2022,84.5,88.8,77400,Economist,Qualitative Research,Data Analysis,Communication,65,73.6,69,0,True,False,False,False,False,True,False,False,False,False,False,True,True,False,False,False,False,False
Israel,Technion,2016,73.2,79.2,68900,Marketing Manager,Excel,Strategic Planning,Data Analysis,54,6.8,85,0,False,False,True,False,True,False,False,False,False,False,False,False,False,False,False,False,False,False
Japan,University of Tokyo,2021,80.6,85.5,64000,Investment Banker,Strategic Planning,Excel,Financial Modeling,58,52.4,87,0,False,False,False,False,True,False,False,False,False,False,False,False,False,False,False,False,False,False
Israel,Hebrew University of Jerusalem,2019,93.7,99.0,77900,Data Scientist,DevOps,Cloud Computing,Java,79,14.4,70,1,False,False,True,False,True,False,True,False,False,False,False,False,False,False,False,False,True,False
Argentina,University of Buenos Aires,2022,93.6,97.6,24400,AI Consultant,R,Data Visualization,Big Data,86,57.5,68,1,False,True,False,False,False,False,False,True,False,False,False,False,False,False,False,False,False,True
France,PSL University,2021,95.4,100.0,96900,Biomedical Researcher,Patient Care,Medical Coding,Diagnostics,65,49.8,45,1,True,False,False,False,False,True,False,False,False,True,False,False,False,True,False,False,False,False
France,PSL University,2021,83.3,88.8,75000,Biologist,Experimental Design,Scientific Writing,Laboratory Skills,56,38.0,79,0,True,False,False,False,False,True,False,False,False,False,True,False,False,False,False,True,False,False
Canada,McGill University,2025,80.9,85.3,67700,Civil Engineer,SolidWorks,Lean Six Sigma,AutoCAD,69,85.5,55,0,False,False,False,True,False,False,False,False,True,False,False,False,False,False,True,False,False,False
Japan,University of Tokyo,2021,90.0,95.3,98000,Data Analyst,Big Data,R,Data Visualization,86,44.1,51,1,False,False,False,False,False,True,False,True,False,False,False,False,False,False,False,False,False,True
UAE,Khalifa University,2023,77.4,83.6,80200,Marketing Manager,Strategic Planning,Excel,Data Analysis,85,77.9,65,0,False,False,True,False,False,False,False,False,False,False,False,False,False,False,False,False,False,False
Saudi Arabia,King Abdulaziz University,2020,87.1,93.9,71400,Software Engineer,SQL,Java,Cybersecurity,85,34.9,54,1,False,False,True,False,True,False,True,False,False,False,False,False,False,False,False,False,True,False
Canada,UBC,2022,87.9,93.2,94600,Mechanical Engineer,AutoCAD,Lean Six Sigma,SolidWorks,66,51.8,48,1,False,False,False,True,False,True,False,False,True,False,False,False,False,False,True,False,False,False
Brazil,University of São Paulo,2015,80.2,87.0,27000,Investment Banker,Data Analysis,Strategic Planning,Financial Modeling,46,8.8,80,0,False,True,False,False,False,False,False,False,False,False,False,False,False,False,False,False,False,False
Australia,ANU,2022,85.2,89.6,76000,Environmental Scientist,Laboratory Skills,Scientific Writing,Experimental Design,70,71.1,68,0,False,False,False,False,True,False,False,False,False,False,True,False,False,False,False,True,False,False
Australia,University of Melbourne,2016,86.7,90.4,53500,Electrical Engineer,MATLAB,SolidWorks,AutoCAD,58,9.7,42,0,False,False,False,False,False,False,False,False,True,False,False,False,False,False,True,False,False,False
Mexico,UNAM,2019,67.5,69.75,25400,Human Resources Specialist,Qualitative Research,Communication,Public Policy,63,12.6,60,0,False,True,False,False,True,False,False,False,False,False,False,True,True,False,False,False,False,False
Japan,Kyoto University,2018,67.3,73.8,40700,Biologist,Laboratory Skills,Statistical Analysis,Experimental Design,58,9.8,70,0,False,False,False,False,False,False,False,False,False,False,True,False,False,False,False,True,False,False
USA,UC Berkeley,2023,92.9,94.1,147400,Data Analyst,NLP,Machine Learning,Big Data,100,82.0,50,1,False,False,False,True,False,True,False,True,False,False,False,False,False,False,False,False,False,True
Argentina,University of Buenos Aires,2024,91.8,99.0,35600,NLP Specialist,Data Visualization,Machine Learning,NLP,66,75.0,43,1,False,True,False,False,False,True,False,True,False,False,False,False,False,False,False,False,False,True
Canada,UBC,2018,80.6,85.8,88500,Mechanical Engineer,MATLAB,Project Management,Lean Six Sigma,49,6.2,79,0,False,False,False,True,False,True,False,False,True,False,False,False,False,False,True,False,False,False
USA,UC Berkeley,2020,82.8,87.4,72400,Robotics Engineer,Lean Six Sigma,AutoCAD,SolidWorks,54,38.8,77,0,False,False,False,True,False,False,False,False,True,False,False,False,False,False,True,False,False,False
Switzerland,EPFL,2015,95.0,100.0,121100,Biomedical Researcher,Clinical Research,Diagnostics,Medical Coding,50,9.3,40,1,True,False,False,False,False,True,False,False,False,True,False,False,False,True,False,False,False,False
Japan,University of Tokyo,2021,90.2,95.2,46600,Sociologist,Data Analysis,Communication,Public Policy,58,50.2,75,1,False,False,False,False,True,False,False,False,False,False,False,True,True,False,False,False,False,False
UAE,Khalifa University,2024,78.9,84.7,61200,Physicist,Scientific Writing,Laboratory Skills,Experimental Design,84,90.0,100,0,False,False,True,False,False,False,False,False,False,False,True,False,False,False,False,True,False,False
Mexico,UNAM,2019,98.4,100.0,19000,Cybersecurity Analyst,Cybersecurity,Python,React,81,13.7,62,1,False,True,False,False,False,False,True,False,False,False,False,False,False,False,False,False,True,False
Canada,UBC,2024,87.6,91.1,83400,Sociologist,Public Policy,Data Analysis,Communication,84,66.2,99,1,False,False,False,True,False,True,False,False,False,False,False,True,True,False,False,False,False,False
UK,Cambridge,2021,92.6,96.7,110100,Medical Doctor,Diagnostics,Clinical Research,Patient Care,56,48.6,69,1,True,False,False,False,False,True,False,False,False,True,False,False,False,True,False,False,False,False
USA,Stanford,2016,91.1,96.5,84200,Electrical Engineer,Project Management,MATLAB,SolidWorks,43,7.3,67,1,False,False,False,True,True,False,False,False,True,False,False,False,False,False,True,False,False,False
Australia,University of Sydney,2018,84.1,93.3,59800,Cybersecurity Analyst,Cloud Computing,Java,Python,79,5.8,82,1,False,False,False,False,False,False,True,False,False,False,False,False,False,False,False,False,True,False
Canada,UBC,2022,87.5,90.9,104500,Data Scientist,SQL,Cybersecurity,Python,100,57.5,40,1,False,False,False,True,False,True,True,False,False,False,False,False,False,False,False,False,True,False
Israel,Technion,2022,88.5,89.8,85200,Machine Learning Engineer,Machine Learning,NLP,Data Visualization,80,65.2,76,0,False,False,True,False,False,False,False,True,False,False,False,False,False,False,False,False,False,True
Germany,Humboldt University,2025,85.7,90.8,87500,Public Health Specialist,Medical Coding,Clinical Research,Diagnostics,63,74.6,83,1,True,False,False,False,False,False,False,False,False,True,False,False,False,True,False,False,False,False
Argentina,University of Buenos Aires,2023,91.4,97.3,24100,Medical Doctor,Clinical Research,Patient Care,Diagnostics,59,59.9,70,1,False,True,False,False,False,False,False,False,False,True,False,False,False,True,False,False,False,False
Switzerland,EPFL,2020,99.0,100.0,154400,Data Analyst,Deep Learning,Data Visualization,Machine Learning,80,42.7,70,1,True,False,False,False,False,True,False,True,False,False,False,False,False,False,False,False,False,True
Mexico,UNAM,2019,81.4,83.7,21600,Investment Banker,Data Analysis,Strategic Planning,Excel,56,18.2,82,0,False,True,False,False,True,False,False,False,False,False,False,False,False,False,False,False,False,False
Switzerland,ETH Zurich,2022,79.6,83.0,64400,Human Resources Specialist,Communication,Data Analysis,Public Policy,63,70.4,79,0,True,False,False,False,False,False,False,False,False,False,False,True,True,False,False,False,False,False
Canada,University of Toronto,2017,86.0,91.4,54600,Policy Analyst,Public Policy,Qualitative Research,Communication,60,9.0,53,1,False,False,False,True,False,False,False,False,False,False,False,True,True,False,False,False,False,False
USA,MIT,2020,86.3,90.8,94200,Robotics Engineer,AutoCAD,SolidWorks,MATLAB,62,52.4,82,1,False,False,False,True,True,False,False,False,True,False,False,False,False,False,True,False,False,False
Netherlands,TU Delft,2019,92.5,97.1,70100,Public Health Specialist,Medical Coding,Patient Care,Clinical Research,69,15.2,89,1,True,False,False,False,True,False,False,False,False,True,False,False,False,True,False,False,False,False
Sweden,Karolinska Institute,2016,89.1,96.3,88700,AI Consultant,Machine Learning,Deep Learning,R,66,5.0,77,1,True,False,False,False,False,True,False,True,False,False,False,False,False,False,False,False,False,True
Argentina,University of Buenos Aires,2024,91.9,97.5,30300,Management Consultant,Market Research,Excel,Data Analysis,69,76.3,93,1,False,True,False,False,False,True,False,False,False,False,False,False,False,False,False,False,False,False
Mexico,UNAM,2024,91.0,94.4,44900,Public Health Specialist,Patient Care,Clinical Research,Medical Coding,67,70.2,85,1,False,True,False,False,False,True,False,False,False,True,False,False,False,True,False,False,False,False
Canada,McGill University,2025,90.6,96.8,93100,AI Consultant,Data Visualization,Deep Learning,R,93,82.8,79,1,False,False,False,True,True,False,False,True,False,False,False,False,False,False,False,False,False,True
South Africa,University of Cape Town,2025,79.9,86.2,29600,Marketing Manager,Financial Modeling,Data Analysis,Market Research,74,83.2,87,0,False,False,True,False,False,False,False,False,False,False,False,False,False,False,False,False,False,False
Brazil,University of São Paulo,2015,95.0,100.0,31700,NLP Specialist,R,Data Visualization,Machine Learning,81,15.6,72,1,False,True,False,False,True,False,False,True,False,False,False,False,False,False,False,False,False,True
USA,MIT,2025,82.3,84.9,91700,Physicist,Scientific Writing,Laboratory Skills,Experimental Design,73,90.0,78,0,False,False,False,True,True,False,False,False,False,False,True,False,False,False,False,True,False,False
Argentina,University of Buenos Aires,2015,86.2,92.5,17200,Machine Learning Engineer,NLP,Big Data,Data Visualization,56,17.3,66,1,False,True,False,False,False,False,False,True,False,False,False,False,False,False,False,False,False,True
USA,UC Berkeley,2024,94.0,100.0,113400,Medical Doctor,Clinical Research,Medical Coding,Patient Care,53,88.2,74,1,False,False,False,True,True,False,False,False,False,True,False,False,False,True,False,False,False,False
Brazil,University of São Paulo,2021,76.3,80.6,23300,Investment Banker,Strategic Planning,Market Research,Excel,49,67.2,92,0,False,True,False,False,False,False,False,False,False,False,False,False,False,False,False,False,False,False
Canada,UBC,2018,78.9,83.5,58500,Civil Engineer,Project Management,Lean Six Sigma,AutoCAD,63,18.8,61,0,False,False,False,True,False,False,False,False,True,False,False,False,False,False,True,False,False,False
Saudi Arabia,King Abdulaziz University,2019,97.7,99.2,52400,Biomedical Researcher,Diagnostics,Patient Care,Clinical Research,47,8.8,46,1,False,False,True,False,False,False,False,False,False,True,False,False,False,True,False,False,False,False
Australia,ANU,2015,97.3,100.0,108500,Machine Learning Engineer,Machine Learning,R,NLP,82,17.2,68,1,False,False,False,False,False,True,False,True,False,False,False,False,False,False,False,False,False,True
South Africa,University of Cape Town,2016,94.3,100.0,32200,Physicist,Statistical Analysis,Experimental Design,Laboratory Skills,54,16.8,74,1,False,False,True,False,False,True,False,False,False,False,True,False,False,False,False,True,False,False
France,PSL University,2020,81.7,88.7,63200,Civil Engineer,SolidWorks,Project Management,AutoCAD,40,37.1,90,0,True,False,False,False,True,False,False,False,True,False,False,False,False,False,True,False,False,False
Canada,McGill University,2025,87.7,95.6,50800,Human Resources Specialist,Communication,Qualitative Research,Public Policy,69,84.3,65,1,False,False,False,True,False,False,False,False,False,False,False,True,True,False,False,False,False,False
Saudi Arabia,King Abdulaziz University,2015,99.0,100.0,64900,Medical Doctor,Clinical Research,Diagnostics,Patient Care,43,10.6,73,1,False,False,True,False,False,False,False,False,False,True,False,False,False,True,False,False,False,False
South Africa,University of Cape Town,2016,90.4,98.0,23200,Machine Learning Engineer,Big Data,R,Deep Learning,54,14.1,90,1,False,False,True,False,False,False,False,True,False,False,False,False,False,False,False,False,False,True
Japan,Kyoto University,2022,91.5,95.1,84300,Investment Banker,Excel,Strategic Planning,Market Research,68,56.9,65,1,False,False,False,False,False,True,False,False,False,False,False,False,False,False,False,False,False,False
UK,Cambridge,2018,83.5,90.2,52200,Investment Banker,Excel,Data Analysis,Market Research,55,5.0,76,0,True,False,False,False,False,False,False,False,False,False,False,False,False,False,False,False,False,False
Netherlands,TU Delft,2016,81.9,90.7,81900,Civil Engineer,Project Management,SolidWorks,Lean Six Sigma,36,5.0,59,1,True,False,False,False,False,True,False,False,True,False,False,False,False,False,True,False,False,False
Argentina,University of Buenos Aires,2020,76.0,79.0,22500,Biologist,Scientific Writing,Statistical Analysis,Experimental Design,69,44.6,75,0,False,True,False,False,True,False,False,False,False,False,True,False,False,False,False,True,False,False
South Africa,University of Cape Town,2019,80.9,85.1,41500,Environmental Scientist,Statistical Analysis,Scientific Writing,Laboratory Skills,66,5.0,40,0,False,False,True,False,False,True,False,False,False,False,True,False,False,False,False,True,False,False
Israel,Technion,2020,97.7,100.0,117200,Machine Learning Engineer,Deep Learning,Big Data,Data Visualization,88,19.8,74,1,False,False,True,False,False,True,False,True,False,False,False,False,False,False,False,False,False,True
Brazil,University of São Paulo,2021,84.5,91.2,40600,NLP Specialist,Data Visualization,Deep Learning,Big Data,80,80.7,40,1,False,True,False,False,True,False,False,True,False,False,False,False,False,False,False,False,False,True
Japan,Kyoto University,2021,88.0,89.8,62000,Cybersecurity Analyst,Cloud Computing,Java,DevOps,76,52.8,85,0,False,False,False,False,False,False,True,False,False,False,False,False,False,False,False,False,True,False
USA,UC Berkeley,2016,99.0,100.0,121900,Biomedical Researcher,Medical Coding,Diagnostics,Clinical Research,63,12.0,60,1,False,False,False,True,False,True,False,False,False,True,False,False,False,True,False,False,False,False
India,IISc Bangalore,2019,86.5,91.5,22200,Biomedical Researcher,Patient Care,Diagnostics,Medical Coding,50,5.0,77,1,False,False,False,False,False,False,False,False,False,True,False,False,False,True,False,False,False,False
Israel,Hebrew University of Jerusalem,2022,90.3,98.0,102100,Machine Learning Engineer,Data Visualization,Deep Learning,R,81,57.0,79,1,False,False,True,False,True,False,False,True,False,False,False,False,False,False,False,False,False,True
South Africa,University of Cape Town,2017,80.4,80.4,19200,Sociologist,Communication,Public Policy,Data Analysis,54,5.0,51,0,False,False,True,False,False,False,False,False,False,False,False,True,True,False,False,False,False,False
UAE,Khalifa University,2022,86.0,89.9,79600,Software Engineer,React,Java,Cloud Computing,79,66.6,73,0,False,False,True,False,True,False,True,False,False,False,False,False,False,False,False,False,True,False
Japan,University of Tokyo,2016,91.7,97.3,52500,Public Health Specialist,Medical Coding,Diagnostics,Patient Care,48,9.7,72,1,False,False,False,False,True,False,False,False,False,True,False,False,False,True,False,False,False,False
Mexico,UNAM,2022,73.4,77.9,31700,Civil Engineer,Lean Six Sigma,SolidWorks,AutoCAD,79,74.2,82,0,False,True,False,False,True,False,False,False,True,False,False,False,False,False,True,False,False,False
India,IIT Delhi,2018,99.0,100.0,29700,Data Scientist,SQL,Java,React,74,5.2,65,1,False,False,False,False,True,False,True,False,False,False,False,False,False,False,False,False,True,False
South Africa,University of Cape Town,2018,73.4,77.5,48500,Civil Engineer,AutoCAD,MATLAB,SolidWorks,41,10.6,51,0,False,False,True,False,True,False,False,False,True,False,False,False,False,False,True,False,False,False
Israel,Technion,2015,80.2,86.5,63800,NLP Specialist,Deep Learning,Big Data,Data Visualization,82,8.1,67,0,False,False,True,False,False,False,False,True,False,False,False,False,False,False,False,False,False,True
Sweden,KTH Royal Institute of Technology,2016,82.2,87.1,61500,Civil Engineer,SolidWorks,MATLAB,AutoCAD,59,16.2,57,0,True,False,False,False,True,False,False,False,True,False,False,False,False,False,True,False,False,False
UK,Imperial College London,2022,84.5,86.7,60700,Management Consultant,Market Research,Strategic Planning,Financial Modeling,44,62.3,77,0,True,False,False,False,False,False,False,False,False,False,False,False,False,False,False,False,False,False
Switzerland,ETH Zurich,2024,78.4,81.8,120200,Marketing Manager,Strategic Planning,Data Analysis,Financial Modeling,59,86.9,52,0,True,False,False,False,True,False,False,False,False,False,False,False,False,False,False,False,False,False
Germany,Heidelberg University,2016,75.5,77.6,51600,Mechanical Engineer,Project Management,Lean Six Sigma,MATLAB,60,7.4,72,0,True,False,False,False,False,False,False,False,True,False,False,False,False,False,True,False,False,False
Australia,University of Sydney,2017,76.3,82.8,50200,Mechanical Engineer,AutoCAD,SolidWorks,Lean Six Sigma,79,5.0,66,0,False,False,False,False,False,False,False,False,True,False,False,False,False,False,True,False,False,False
USA,Stanford,2024,86.9,93.6,95400,Machine Learning Engineer,Deep Learning,Data Visualization,Big Data,79,81.5,62,1,False,False,False,True,False,False,False,True,False,False,False,False,False,False,False,False,False,True
UAE,Khalifa University,2015,76.6,80.9,45800,Human Resources Specialist,Qualitative Research,Communication,Data Analysis,59,5.0,71,0,False,False,True,False,False,False,False,False,False,False,False,True,True,False,False,False,False,False
Canada,University of Toronto,2020,74.6,80.3,42400,Environmental Scientist,Experimental Design,Scientific Writing,Statistical Analysis,50,34.6,77,0,False,False,False,True,False,False,False,False,False,False,True,False,False,False,False,True,False,False
Canada,McGill University,2015,97.1,100.0,94300,Data Analyst,NLP,Data Visualization,Deep Learning,74,16.2,74,1,False,False,False,True,False,True,False,True,False,False,False,False,False,False,False,False,False,True
Canada,McGill University,2018,87.6,91.5,85300,Physicist,Statistical Analysis,Scientific Writing,Laboratory Skills,68,11.3,64,1,False,False,False,True,False,True,False,False,False,False,True,False,False,False,False,True,False,False
Argentina,University of Buenos Aires,2023,86.8,92.7,22100,Environmental Scientist,Laboratory Skills,Statistical Analysis,Scientific Writing,84,80.9,77,1,False,True,False,False,True,False,False,False,False,False,True,False,False,False,False,True,False,False
South Korea,KAIST,2015,79.1,84.2,36000,Financial Analyst,Financial Modeling,Excel,Strategic Planning,56,13.2,72,0,False,False,False,False,False,False,False,False,False,False,False,False,False,False,False,False,False,False
UAE,Khalifa University,2022,86.6,89.9,106400,Marketing Manager,Data Analysis,Market Research,Excel,80,39.5,91,0,False,False,True,False,False,True,False,False,False,False,False,False,False,False,False,False,False,False
China,Peking University,2022,85.0,90.7,28500,Policy Analyst,Data Analysis,Public Policy,Communication,67,65.5,82,1,False,False,False,False,False,False,False,False,False,False,False,True,True,False,False,False,False,False
Saudi Arabia,King Abdulaziz University,2020,88.2,91.0,63400,Human Resources Specialist,Data Analysis,Communication,Public Policy,59,48.4,84,1,False,False,True,False,False,True,False,False,False,False,False,True,True,False,False,False,False,False
USA,Stanford,2016,78.0,84.8,64600,Robotics Engineer,AutoCAD,SolidWorks,Project Management,45,18.8,68,0,False,False,False,True,False,False,False,False,True,False,False,False,False,False,True,False,False,False
Canada,UBC,2021,75.3,80.4,51600,Economist,Qualitative Research,Data Analysis,Public Policy,63,69.7,54,0,False,False,False,True,True,False,False,False,False,False,False,True,True,False,False,False,False,False
Germany,Humboldt University,2023,86.0,90.0,89000,Software Engineer,Cloud Computing,Cybersecurity,Java,100,58.6,78,0,True,False,False,False,True,False,True,False,False,False,False,False,False,False,False,False,True,False
Netherlands,University of Amsterdam,2020,92.9,98.9,104000,Medical Doctor,Diagnostics,Clinical Research,Patient Care,48,56.6,98,1,True,False,False,False,False,True,False,False,False,True,False,False,False,True,False,False,False,False
Canada,University of Toronto,2018,99.0,100.0,106500,Data Analyst,Machine Learning,NLP,Big Data,80,17.2,63,1,False,False,False,True,False,True,False,True,False,False,False,False,False,False,False,False,False,True
Mexico,UNAM,2023,74.9,84.1,24900,Chemist,Statistical Analysis,Laboratory Skills,Scientific Writing,60,68.1,53,0,False,True,False,False,False,True,False,False,False,False,True,False,False,False,False,True,False,False
France,Ecole Polytechnique,2025,87.3,91.4,91400,Biomedical Researcher,Diagnostics,Patient Care,Clinical Research,72,79.4,67,1,True,False,False,False,True,False,False,False,False,True,False,False,False,True,False,False,False,False
Argentina,University of Buenos Aires,2025,82.1,87.4,28300,Marketing Manager,Market Research,Strategic Planning,Excel,72,86.1,99,0,False,True,False,False,False,False,False,False,False,False,False,False,False,False,False,False,False,False
Mexico,UNAM,2023,82.3,87.5,24700,Mechanical Engineer,Project Management,AutoCAD,SolidWorks,76,81.0,69,0,False,True,False,False,True,False,False,False,True,False,False,False,False,False,True,False,False,False
Singapore,NUS,2020,82.9,83.3,73400,Environmental Scientist,Statistical Analysis,Scientific Writing,Experimental Design,44,33.9,61,0,False,False,False,False,True,False,False,False,False,False,True,False,False,False,False,True,False,False
India,IIT Delhi,2018,85.0,90.0,15400,Environmental Scientist,Scientific Writing,Laboratory Skills,Experimental Design,53,5.0,69,0,False,False,False,False,True,False,False,False,False,False,True,False,False,False,False,True,False,False
France,Ecole Polytechnique,2018,80.4,85.6,48800,Robotics Engineer,SolidWorks,MATLAB,Lean Six Sigma,58,5.0,73,0,True,False,False,False,True,False,False,False,True,False,False,False,False,False,True,False,False,False
South Korea,KAIST,2023,87.2,93.6,68400,NLP Specialist,Data Visualization,Big Data,R,100,70.5,57,1,False,False,False,False,True,False,False,True,False,False,False,False,False,False,False,False,False,True
Germany,Heidelberg University,2020,97.7,100.0,113700,NLP Specialist,Machine Learning,NLP,R,100,32.8,73,1,True,False,False,False,False,True,False,True,False,False,False,False,False,False,False,False,False,True
France,PSL University,2017,98.7,99.8,76100,Public Health Specialist,Diagnostics,Patient Care,Medical Coding,53,17.4,100,1,True,False,False,False,True,False,False,False,False,True,False,False,False,True,False,False,False,False
USA,MIT,2017,79.4,82.4,72800,Chemist,Experimental Design,Statistical Analysis,Scientific Writing,76,13.6,57,0,False,False,False,True,True,False,False,False,False,False,True,False,False,False,False,True,False,False
Saudi Arabia,King Abdulaziz University,2024,94.6,100.0,102300,AI Researcher,DevOps,Cybersecurity,Java,79,73.9,45,1,False,False,True,False,False,True,True,False,False,False,False,False,False,False,False,False,True,False
India,IIT Bombay,2016,88.3,94.2,26400,Medical Doctor,Medical Coding,Patient Care,Diagnostics,66,11.1,68,1,False,False,False,False,False,False,False,False,False,True,False,False,False,True,False,False,False,False
Germany,TU Munich,2022,81.6,89.1,83600,Management Consultant,Market Research,Financial Modeling,Strategic Planning,67,54.6,85,0,True,False,False,False,True,False,False,False,False,False,False,False,False,False,False,False,False,False
Argentina,University of Buenos Aires,2016,83.3,91.4,24600,NLP Specialist,Big Data,R,Machine Learning,75,11.4,85,1,False,True,False,False,False,False,False,True,False,False,False,False,False,False,False,False,False,True
USA,Stanford,2023,97.8,100.0,136500,Pharmacist,Patient Care,Clinical Research,Diagnostics,51,60.0,78,1,False,False,False,True,False,True,False,False,False,True,False,False,False,True,False,False,False,False
Saudi Arabia,King Abdulaziz University,2025,88.1,95.4,59000,Management Consultant,Strategic Planning,Financial Modeling,Excel,83,90.0,73,1,False,False,True,False,False,False,False,False,False,False,False,False,False,False,False,False,False,False
China,Fudan University,2021,86.2,92.0,41200,Financial Analyst,Data Analysis,Financial Modeling,Strategic Planning,67,66.9,60,1,False,False,False,False,True,False,False,False,False,False,False,False,False,False,False,False,False,False
Argentina,University of Buenos Aires,2023,84.6,87.8,30000,Mechanical Engineer,SolidWorks,Project Management,AutoCAD,64,74.9,65,0,False,True,False,False,False,True,False,False,True,False,False,False,False,False,True,False,False,False
USA,Stanford,2015,72.4,79.7,58800,Chemist,Scientific Writing,Experimental Design,Statistical Analysis,56,7.2,56,0,False,False,False,True,False,False,False,False,False,False,True,False,False,False,False,True,False,False
Mexico,UNAM,2018,76.0,83.1,6700,Physicist,Experimental Design,Statistical Analysis,Scientific Writing,55,15.8,60,0,False,True,False,False,False,False,False,False,False,False,True,False,False,False,False,True,False,False
Saudi Arabia,King Abdulaziz University,2025,77.7,80.7,62400,Human Resources Specialist,Public Policy,Communication,Data Analysis,68,83.4,46,0,False,False,True,False,True,False,False,False,False,False,False,True,True,False,False,False,False,False
Canada,UBC,2024,93.5,100.0,126000,Machine Learning Engineer,R,Data Visualization,Deep Learning,97,90.0,80,1,False,False,False,True,False,True,False,True,False,False,False,False,False,False,False,False,False,True
South Africa,University of Cape Town,2015,85.1,90.4,36000,Public Health Specialist,Clinical Research,Diagnostics,Medical Coding,55,17.3,80,0,False,False,True,False,True,False,False,False,False,True,False,False,False,True,False,False,False,False
South Africa,University of Cape Town,2020,77.8,82.2,51100,Mechanical Engineer,AutoCAD,Lean Six Sigma,SolidWorks,64,51.6,67,0,False,False,True,False,False,True,False,False,True,False,False,False,False,False,True,False,False,False
Japan,Kyoto University,2020,83.4,86.2,50900,Investment Banker,Market Research,Financial Modeling,Excel,76,31.2,41,0,False,False,False,False,False,False,False,False,False,False,False,False,False,False,False,False,False,False
Switzerland,ETH Zurich,2025,99.0,100.0,144200,Machine Learning Engineer,Machine Learning,NLP,R,97,90.0,67,1,True,False,False,False,True,False,False,True,False,False,False,False,False,False,False,False,False,True
India,IIT Bombay,2021,70.0,75.3,20600,Financial Analyst,Market Research,Excel,Financial Modeling,75,53.4,79,0,False,False,False,False,True,False,False,False,False,False,False,False,False,False,False,False,False,False
India,IISc Bangalore,2016,84.6,89.4,31000,Human Resources Specialist,Communication,Data Analysis,Public Policy,43,20.1,77,0,False,False,False,False,False,True,False,False,False,False,False,True,True,False,False,False,False,False
South Korea,KAIST,2015,85.4,92.9,51100,Medical Doctor,Patient Care,Clinical Research,Medical Coding,39,19.3,40,1,False,False,False,False,True,False,False,False,False,True,False,False,False,True,False,False,False,False
Argentina,University of Buenos Aires,2022,93.7,98.9,34600,AI Consultant,Machine Learning,Data Visualization,Big Data,82,78.9,80,1,False,True,False,False,True,False,False,True,False,False,False,False,False,False,False,False,False,True
USA,Georgia Tech,2022,71.4,76.8,69900,Civil Engineer,AutoCAD,SolidWorks,MATLAB,63,44.8,69,0,False,False,False,True,False,False,False,False,True,False,False,False,False,False,True,False,False,False
Argentina,University of Buenos Aires,2016,91.3,97.7,18400,Cybersecurity Analyst,Cloud Computing,Cybersecurity,DevOps,86,14.5,59,1,False,True,False,False,True,False,True,False,False,False,False,False,False,False,False,False,True,False
Israel,Technion,2024,90.3,92.7,82600,Public Health Specialist,Diagnostics,Patient Care,Medical Coding,71,90.0,70,1,False,False,True,False,False,False,False,False,False,True,False,False,False,True,False,False,False,False
Saudi Arabia,King Abdulaziz University,2016,80.2,82.7,40900,Management Consultant,Data Analysis,Financial Modeling,Excel,60,12.6,67,0,False,False,True,False,False,False,False,False,False,False,False,False,False,False,False,False,False,False
Canada,UBC,2018,88.9,94.0,64800,AI Consultant,R,NLP,Machine Learning,68,5.0,87,1,False,False,False,True,False,False,False,True,False,False,False,False,False,False,False,False,False,True
Mexico,UNAM,2023,83.8,89.4,34900,Civil Engineer,MATLAB,Project Management,SolidWorks,69,58.3,44,0,False,True,False,False,False,True,False,False,True,False,False,False,False,False,True,False,False,False
Switzerland,ETH Zurich,2021,83.2,86.8,105400,Robotics Engineer,SolidWorks,Project Management,AutoCAD,58,71.3,42,0,True,False,False,False,True,False,False,False,True,False,False,False,False,False,True,False,False,False
Mexico,UNAM,2020,89.5,94.4,12500,Human Resources Specialist,Communication,Qualitative Research,Data Analysis,52,51.7,70,1,False,True,False,False,False,False,False,False,False,False,False,True,True,False,False,False,False,False
Saudi Arabia,King Abdulaziz University,2017,91.0,94.6,50800,Data Scientist,SQL,Cybersecurity,Cloud Computing,63,9.4,54,1,False,False,True,False,False,False,True,False,False,False,False,False,False,False,False,False,True,False
Netherlands,TU Delft,2021,83.0,89.7,62400,Biologist,Experimental Design,Scientific Writing,Laboratory Skills,73,45.9,77,0,True,False,False,False,True,False,False,False,False,False,True,False,False,False,False,True,False,False
China,Fudan University,2015,82.9,86.9,35100,Biologist,Statistical Analysis,Experimental Design,Laboratory Skills,39,12.5,44,0,False,False,False,False,True,False,False,False,False,False,True,False,False,False,False,True,False,False
South Korea,Seoul National University,2023,77.2,79.6,53000,Cloud Architect,DevOps,Java,Python,77,81.0,80,0,False,False,False,False,False,False,True,False,False,False,False,False,False,False,False,False,True,False
Israel,Technion,2015,86.6,93.4,72500,Environmental Scientist,Experimental Design,Laboratory Skills,Scientific Writing,48,5.0,66,1,False,False,True,False,False,True,False,False,False,False,True,False,False,False,False,True,False,False
Mexico,UNAM,2016,76.8,82.6,25300,Chemist,Laboratory Skills,Scientific Writing,Statistical Analysis,54,12.2,74,0,False,True,False,False,False,True,False,False,False,False,True,False,False,False,False,True,False,False
India,IISc Bangalore,2025,82.1,87.5,44500,Investment Banker,Market Research,Data Analysis,Financial Modeling,66,84.2,90,0,False,False,False,False,False,True,False,False,False,False,False,False,False,False,False,False,False,False
UAE,Khalifa University,2017,95.6,99.4,64200,AI Researcher,Python,SQL,Java,66,11.3,47,1,False,False,True,False,True,False,True,False,False,False,False,False,False,False,False,False,True,False
Germany,Heidelberg University,2022,88.8,93.3,115500,NLP Specialist,Deep Learning,Machine Learning,R,75,76.0,96,1,True,False,False,False,False,True,False,True,False,False,False,False,False,False,False,False,False,True
Mexico,UNAM,2021,85.7,92.4,19800,Physicist,Laboratory Skills,Scientific Writing,Statistical Analysis,67,43.4,66,1,False,True,False,False,False,True,False,False,False,False,True,False,False,False,False,True,False,False
Mexico,UNAM,2021,79.1,81.7,19700,Biologist,Experimental Design,Statistical Analysis,Scientific Writing,60,35.0,66,0,False,True,False,False,True,False,False,False,False,False,True,False,False,False,False,True,False,False
Canada,UBC,2019,81.0,84.7,51600,Electrical Engineer,MATLAB,AutoCAD,SolidWorks,60,15.4,93,0,False,False,False,True,False,False,False,False,True,False,False,False,False,False,True,False,False,False
Germany,Heidelberg University,2021,75.8,80.2,34800,Economist,Communication,Public Policy,Qualitative Research,66,33.5,55,0,True,False,False,False,False,False,False,False,False,False,False,True,True,False,False,False,False,False
Germany,TU Munich,2019,93.4,99.2,101700,Cybersecurity Analyst,Java,Cybersecurity,Python,82,11.7,72,1,True,False,False,False,False,True,True,False,False,False,False,False,False,False,False,False,True,False
Canada,UBC,2025,84.6,85.1,90600,Investment Banker,Strategic Planning,Data Analysis,Financial Modeling,85,68.0,53,0,False,False,False,True,True,False,False,False,False,False,False,False,False,False,False,False,False,False
South Korea,Seoul National University,2015,93.4,93.4,45300,Machine Learning Engineer,NLP,Machine Learning,Big Data,69,14.0,84,1,False,False,False,False,False,False,False,True,False,False,False,False,False,False,False,False,False,True
Argentina,University of Buenos Aires,2015,89.7,93.5,17100,Cybersecurity Analyst,Cybersecurity,Python,Java,66,5.0,56,1,False,True,False,False,True,False,True,False,False,False,False,False,False,False,False,False,True,False
Australia,ANU,2025,83.7,89.6,119300,Robotics Engineer,MATLAB,SolidWorks,Project Management,72,90.0,83,0,False,False,False,False,False,True,False,False,True,False,False,False,False,False,True,False,False,False
Saudi Arabia,King Abdulaziz University,2023,87.0,91.5,76200,NLP Specialist,Big Data,Deep Learning,R,85,63.3,83,1,False,False,True,False,True,False,False,True,False,False,False,False,False,False,False,False,False,True
USA,MIT,2021,92.2,97.3,112500,Public Health Specialist,Diagnostics,Medical Coding,Clinical Research,70,31.3,70,1,False,False,False,True,True,False,False,False,False,True,False,False,False,True,False,False,False,False
Brazil,University of São Paulo,2019,79.8,82.3,44800,Financial Analyst,Strategic Planning,Market Research,Financial Modeling,56,9.7,56,0,False,True,False,False,False,True,False,False,False,False,False,False,False,False,False,False,False,False
Canada,UBC,2025,77.6,80.3,70200,Chemist,Experimental Design,Statistical Analysis,Scientific Writing,69,90.0,70,0,False,False,False,True,False,False,False,False,False,False,True,False,False,False,False,True,False,False
Saudi Arabia,King Abdulaziz University,2020,86.9,94.9,77100,Pharmacist,Medical Coding,Diagnostics,Clinical Research,65,50.5,75,1,False,False,True,False,True,False,False,False,False,True,False,False,False,True,False,False,False,False
France,PSL University,2015,75.6,79.7,43300,Physicist,Statistical Analysis,Laboratory Skills,Experimental Design,63,17.8,52,0,True,False,False,False,False,False,False,False,False,False,True,False,False,False,False,True,False,False
Canada,UBC,2015,80.8,84.5,87300,Investment Banker,Excel,Financial Modeling,Market Research,52,15.7,76,0,False,False,False,True,False,True,False,False,False,False,False,False,False,False,False,False,False,False
South Africa,University of Cape Town,2017,82.6,86.9,20600,Chemist,Experimental Design,Laboratory Skills,Statistical Analysis,58,17.0,40,0,False,False,True,False,False,False,False,False,False,False,True,False,False,False,False,True,False,False
USA,Stanford,2025,73.6,81.0,110200,Financial Analyst,Strategic Planning,Data Analysis,Excel,63,77.8,80,0,False,False,False,True,True,False,False,False,False,False,False,False,False,False,False,False,False,False
USA,MIT,2015,75.0,77.5,48600,Policy Analyst,Public Policy,Communication,Data Analysis,48,5.0,54,0,False,False,False,True,False,False,False,False,False,False,False,True,True,False,False,False,False,False
Israel,Technion,2019,88.2,94.0,107500,Data Scientist,SQL,Cybersecurity,Python,92,9.3,71,1,False,False,True,False,False,True,True,False,False,False,False,False,False,False,False,False,True,False
Saudi Arabia,King Abdulaziz University,2016,87.1,94.4,98500,Machine Learning Engineer,R,Big Data,Deep Learning,82,14.3,89,1,False,False,True,False,False,True,False,True,False,False,False,False,False,False,False,False,False,True
Saudi Arabia,King Abdulaziz University,2018,78.3,85.5,49300,Policy Analyst,Data Analysis,Qualitative Research,Communication,67,15.5,70,0,False,False,True,False,True,False,False,False,False,False,False,True,True,False,False,False,False,False
Netherlands,University of Amsterdam,2025,91.0,97.8,70300,Biomedical Researcher,Clinical Research,Medical Coding,Diagnostics,80,85.7,74,1,True,False,False,False,False,False,False,False,False,True,False,False,False,True,False,False,False,False
Sweden,Karolinska Institute,2020,97.9,100.0,91400,Cybersecurity Analyst,SQL,Cybersecurity,Cloud Computing,87,28.5,85,1,True,False,False,False,False,True,True,False,False,False,False,False,False,False,False,False,True,False
South Korea,Seoul National University,2018,77.3,83.7,43100,Sociologist,Public Policy,Data Analysis,Communication,50,13.7,65,0,False,False,False,False,True,False,False,False,False,False,False,True,True,False,False,False,False,False
Saudi Arabia,King Abdulaziz University,2024,75.1,79.2,42500,Environmental Scientist,Experimental Design,Statistical Analysis,Laboratory Skills,81,89.0,94,0,False,False,True,False,False,False,False,False,False,False,True,False,False,False,False,True,False,False
South Africa,University of Cape Town,2024,87.3,91.9,44100,Biomedical Researcher,Clinical Research,Medical Coding,Patient Care,63,73.3,42,1,False,False,True,False,False,False,False,False,False,True,False,False,False,True,False,False,False,False
Argentina,University of Buenos Aires,2020,74.8,79.8,22800,Marketing Manager,Financial Modeling,Market Research,Strategic Planning,81,34.9,72,0,False,True,False,False,True,False,False,False,False,False,False,False,False,False,False,False,False,False
Mexico,UNAM,2022,84.4,90.0,41900,Financial Analyst,Data Analysis,Strategic Planning,Excel,60,57.7,55,0,False,True,False,False,False,True,False,False,False,False,False,False,False,False,False,False,False,False
Brazil,University of São Paulo,2025,84.3,91.2,56000,Pharmacist,Medical Coding,Clinical Research,Diagnostics,55,90.0,64,1,False,True,False,False,False,True,False,False,False,True,False,False,False,True,False,False,False,False
Netherlands,University of Amsterdam,2017,92.9,99.8,52200,Pharmacist,Patient Care,Diagnostics,Medical Coding,49,13.6,40,1,True,False,False,False,False,False,False,False,False,True,False,False,False,True,False,False,False,False
Argentina,University of Buenos Aires,2018,89.5,94.0,13800,Policy Analyst,Data Analysis,Communication,Qualitative Research,37,6.5,56,1,False,True,False,False,False,True,False,False,False,False,False,True,True,False,False,False,False,False
Mexico,UNAM,2025,88.1,93.5,26900,Biomedical Researcher,Clinical Research,Patient Care,Medical Coding,69,90.0,76,1,False,True,False,False,False,False,False,False,False,True,False,False,False,True,False,False,False,False
Australia,ANU,2020,85.8,90.0,65400,Robotics Engineer,MATLAB,SolidWorks,Project Management,47,52.1,72,0,False,False,False,False,False,False,False,False,True,False,False,False,False,False,True,False,False,False
Netherlands,University of Amsterdam,2022,79.8,83.6,83000,Chemist,Experimental Design,Statistical Analysis,Laboratory Skills,72,69.8,81,0,True,False,False,False,False,True,False,False,False,False,True,False,False,False,False,True,False,False
South Africa,University of Cape Town,2016,94.1,99.4,38000,Cybersecurity Analyst,React,Cloud Computing,Python,70,16.1,64,1,False,False,True,False,True,False,True,False,False,False,False,False,False,False,False,False,True,False
Canada,McGill University,2024,87.2,90.9,97200,Biomedical Researcher,Patient Care,Medical Coding,Clinical Research,65,72.0,81,1,False,False,False,True,True,False,False,False,False,True,False,False,False,True,False,False,False,False
South Africa,University of Cape Town,2016,81.7,87.0,20200,Biologist,Experimental Design,Laboratory Skills,Scientific Writing,33,7.8,73,0,False,False,True,False,True,False,False,False,False,False,True,False,False,False,False,True,False,False
Israel,Technion,2025,79.0,85.3,65300,Chemist,Scientific Writing,Laboratory Skills,Experimental Design,68,90.0,73,0,False,False,True,False,False,False,False,False,False,False,True,False,False,False,False,True,False,False
Japan,University of Tokyo,2023,79.6,83.6,94400,Marketing Manager,Data Analysis,Excel,Market Research,59,66.7,91,0,False,False,False,False,False,True,False,False,False,False,False,False,False,False,False,False,False,False
USA,MIT,2018,84.3,88.1,78000,Biomedical Researcher,Clinical Research,Diagnostics,Medical Coding,59,5.5,59,0,False,False,False,True,False,False,False,False,False,True,False,False,False,True,False,False,False,False
Singapore,NUS,2023,76.9,83.8,63000,Human Resources Specialist,Data Analysis,Communication,Public Policy,78,62.7,56,0,False,False,False,False,False,False,False,False,False,False,False,True,True,False,False,False,False,False
India,IISc Bangalore,2025,74.6,79.8,24100,Financial Analyst,Market Research,Excel,Financial Modeling,67,90.0,90,0,False,False,False,False,False,False,False,False,False,False,False,False,False,False,False,False,False,False
Germany,TU Munich,2018,93.7,94.8,83900,Pharmacist,Clinical Research,Medical Coding,Diagnostics,60,18.6,40,1,True,False,False,False,True,False,False,False,False,True,False,False,False,True,False,False,False,False
UK,Oxford,2018,80.5,83.8,54500,Economist,Public Policy,Data Analysis,Qualitative Research,64,18.5,81,0,True,False,False,False,True,False,False,False,False,False,False,True,True,False,False,False,False,False
Argentina,University of Buenos Aires,2024,85.3,90.6,21500,NLP Specialist,Data Visualization,R,Deep Learning,96,76.1,65,0,False,True,False,False,False,False,False,True,False,False,False,False,False,False,False,False,False,True
China,Fudan University,2016,86.6,93.9,54800,Management Consultant,Excel,Market Research,Strategic Planning,37,6.5,71,1,False,False,False,False,True,False,False,False,False,False,False,False,False,False,False,False,False,False
Argentina,University of Buenos Aires,2021,99.0,100.0,19600,AI Researcher,Cybersecurity,DevOps,Java,76,67.8,69,1,False,True,False,False,True,False,True,False,False,False,False,False,False,False,False,False,True,False
Japan,Kyoto University,2020,90.7,96.9,71000,NLP Specialist,NLP,Machine Learning,R,93,52.8,77,1,False,False,False,False,False,False,False,True,False,False,False,False,False,False,False,False,False,True
Argentina,University of Buenos Aires,2023,83.8,87.2,20000,Chemist,Statistical Analysis,Scientific Writing,Experimental Design,67,58.9,43,0,False,True,False,False,True,False,False,False,False,False,True,False,False,False,False,True,False,False
Australia,ANU,2020,86.3,93.2,49000,Human Resources Specialist,Data Analysis,Communication,Public Policy,59,57.5,61,1,False,False,False,False,False,False,False,False,False,False,False,True,True,False,False,False,False,False
Brazil,University of São Paulo,2019,70.3,73.0,16100,Physicist,Scientific Writing,Laboratory Skills,Experimental Design,66,6.8,76,0,False,True,False,False,True,False,False,False,False,False,True,False,False,False,False,True,False,False
Mexico,UNAM,2015,77.5,83.5,38600,Financial Analyst,Market Research,Excel,Financial Modeling,55,5.7,90,0,False,True,False,False,False,True,False,False,False,False,False,False,False,False,False,False,False,False
Argentina,University of Buenos Aires,2025,81.1,90.3,26600,Environmental Scientist,Scientific Writing,Statistical Analysis,Laboratory Skills,75,90.0,90,0,False,True,False,False,False,True,False,False,False,False,True,False,False,False,False,True,False,False
South Africa,University of Cape Town,2019,97.5,100.0,33900,Software Engineer,Cloud Computing,Python,SQL,72,8.6,60,1,False,False,True,False,True,False,True,False,False,False,False,False,False,False,False,False,True,False
Saudi Arabia,King Abdulaziz University,2017,82.6,86.6,67000,Financial Analyst,Financial Modeling,Market Research,Strategic Planning,60,8.6,65,0,False,False,True,False,True,False,False,False,False,False,False,False,False,False,False,False,False,False
India,IISc Bangalore,2015,92.3,98.1,20900,Pharmacist,Diagnostics,Patient Care,Clinical Research,46,14.2,66,1,False,False,False,False,False,False,False,False,False,True,False,False,False,True,False,False,False,False
Switzerland,EPFL,2020,73.9,80.9,78000,Policy Analyst,Public Policy,Data Analysis,Communication,60,42.1,85,0,True,False,False,False,True,False,False,False,False,False,False,True,True,False,False,False,False,False
Brazil,University of São Paulo,2016,86.1,91.3,38900,Machine Learning Engineer,R,Machine Learning,Deep Learning,75,8.7,92,1,False,True,False,False,False,True,False,True,False,False,False,False,False,False,False,False,False,True
Japan,University of Tokyo,2023,88.6,95.2,73400,Electrical Engineer,AutoCAD,MATLAB,Lean Six Sigma,70,36.6,89,1,False,False,False,False,False,True,False,False,True,False,False,False,False,False,True,False,False,False
UK,Cambridge,2019,88.7,93.4,72200,Public Health Specialist,Patient Care,Clinical Research,Diagnostics,62,13.2,83,1,True,False,False,False,True,False,False,False,False,True,False,False,False,True,False,False,False,False
UK,Oxford,2018,81.3,87.1,57000,Civil Engineer,MATLAB,AutoCAD,Project Management,45,6.2,83,0,True,False,False,False,False,False,False,False,True,False,False,False,False,False,True,False,False,False
Mexico,UNAM,2019,84.9,88.8,26200,Environmental Scientist,Statistical Analysis,Scientific Writing,Experimental Design,67,5.0,86,0,False,True,False,False,True,False,False,False,False,False,True,False,False,False,False,True,False,False
Sweden,Karolinska Institute,2015,88.4,90.4,36100,Economist,Communication,Qualitative Research,Public Policy,67,8.2,64,0,True,False,False,False,False,False,False,False,False,False,False,True,True,False,False,False,False,False
South Africa,University of Cape Town,2016,87.8,92.6,37800,Machine Learning Engineer,R,Data Visualization,Machine Learning,64,6.5,77,1,False,False,True,False,True,False,False,True,False,False,False,False,False,False,False,False,False,True
Saudi Arabia,King Abdulaziz University,2022,86.2,88.4,56400,AI Researcher,React,Cloud Computing,SQL,78,73.1,57,0,False,False,True,False,False,False,True,False,False,False,False,False,False,False,False,False,True,False
Singapore,NUS,2015,84.0,88.2,92500,Financial Analyst,Data Analysis,Strategic Planning,Market Research,72,9.2,75,0,False,False,False,False,False,True,False,False,False,False,False,False,False,False,False,False,False,False
UAE,Khalifa University,2018,85.9,91.3,75000,Mechanical Engineer,SolidWorks,MATLAB,Project Management,54,20.1,68,1,False,False,True,False,True,False,False,False,True,False,False,False,False,False,True,False,False,False
UK,Imperial College London,2021,88.0,89.6,83200,AI Consultant,NLP,Deep Learning,Data Visualization,90,26.5,69,0,True,False,False,False,True,False,False,True,False,False,False,False,False,False,False,False,False,True
USA,UC Berkeley,2019,99.0,100.0,76400,Pharmacist,Clinical Research,Medical Coding,Patient Care,48,9.3,67,1,False,False,False,True,False,False,False,False,False,True,False,False,False,True,False,False,False,False
UK,Oxford,2018,90.8,93.3,72400,Biomedical Researcher,Clinical Research,Medical Coding,Patient Care,59,5.0,69,1,True,False,False,False,True,False,False,False,False,True,False,False,False,True,False,False,False,False
USA,Georgia Tech,2016,98.1,100.0,114800,AI Consultant,Data Visualization,NLP,Machine Learning,68,17.0,65,1,False,False,False,True,False,True,False,True,False,False,False,False,False,False,False,False,False,True
China,Fudan University,2024,90.0,96.0,33300,Human Resources Specialist,Qualitative Research,Public Policy,Data Analysis,68,86.9,74,1,False,False,False,False,True,False,False,False,False,False,False,True,True,False,False,False,False,False
Sweden,KTH Royal Institute of Technology,2018,73.4,77.8,45300,Biologist,Scientific Writing,Laboratory Skills,Experimental Design,62,9.4,83,0,True,False,False,False,False,False,False,False,False,False,True,False,False,False,False,True,False,False
South Africa,University of Cape Town,2025,88.6,91.0,63400,AI Consultant,Deep Learning,Machine Learning,NLP,88,84.8,75,1,False,False,True,False,False,True,False,True,False,False,False,False,False,False,False,False,False,True
Saudi Arabia,King Abdulaziz University,2015,88.2,95.3,63400,Data Analyst,NLP,Deep Learning,Big Data,71,6.5,70,1,False,False,True,False,True,False,False,True,False,False,False,False,False,False,False,False,False,True
USA,Harvard,2020,81.5,87.7,80200,Marketing Manager,Excel,Data Analysis,Strategic Planning,52,50.3,100,0,False,False,False,True,False,False,False,False,False,False,False,False,False,False,False,False,False,False
Switzerland,ETH Zurich,2020,74.1,79.4,61100,Sociologist,Communication,Data Analysis,Public Policy,68,39.1,54,0,True,False,False,False,False,False,False,False,False,False,False,True,True,False,False,False,False,False
India,IIT Bombay,2018,86.0,90.2,26900,Biologist,Scientific Writing,Laboratory Skills,Statistical Analysis,62,15.8,73,0,False,False,False,False,False,True,False,False,False,False,True,False,False,False,False,True,False,False
UK,Oxford,2017,87.1,90.4,63300,Policy Analyst,Data Analysis,Qualitative Research,Public Policy,44,8.7,62,0,True,False,False,False,False,True,False,False,False,False,False,True,True,False,False,False,False,False
China,Peking University,2024,89.2,98.5,26500,Economist,Public Policy,Communication,Qualitative Research,64,80.9,67,1,False,False,False,False,False,False,False,False,False,False,False,True,True,False,False,False,False,False
Mexico,UNAM,2017,87.8,89.2,29600,Civil Engineer,Lean Six Sigma,AutoCAD,Project Management,58,5.0,96,0,False,True,False,False,True,False,False,False,True,False,False,False,False,False,True,False,False,False
UAE,Khalifa University,2022,88.9,93.4,117200,Biomedical Researcher,Patient Care,Medical Coding,Clinical Research,61,65.3,85,1,False,False,True,False,False,True,False,False,False,True,False,False,False,True,False,False,False,False
USA,UC Berkeley,2020,99.0,100.0,116700,Cybersecurity Analyst,DevOps,Java,SQL,71,40.7,95,1,False,False,False,True,False,True,True,False,False,False,False,False,False,False,False,False,True,False
Brazil,University of São Paulo,2024,79.6,86.2,40700,Mechanical Engineer,Lean Six Sigma,SolidWorks,Project Management,97,81.1,60,0,False,True,False,False,True,False,False,False,True,False,False,False,False,False,True,False,False,False
Argentina,University of Buenos Aires,2024,82.5,86.4,22200,Physicist,Laboratory Skills,Statistical Analysis,Experimental Design,72,67.5,60,0,False,True,False,False,True,False,False,False,False,False,True,False,False,False,False,True,False,False
Japan,Kyoto University,2017,81.2,88.0,52800,Cloud Architect,Python,Java,DevOps,53,5.0,62,0,False,False,False,False,False,False,True,False,False,False,False,False,False,False,False,False,True,False
Switzerland,EPFL,2015,99.0,100.0,133400,Public Health Specialist,Patient Care,Medical Coding,Diagnostics,47,12.9,56,1,True,False,False,False,False,True,False,False,False,True,False,False,False,True,False,False,False,False
USA,Georgia Tech,2021,85.3,90.4,103300,Biomedical Researcher,Diagnostics,Patient Care,Clinical Research,60,42.0,72,0,False,False,False,True,True,False,False,False,False,True,False,False,False,True,False,False,False,False
Canada,University of Toronto,2018,88.9,90.7,78400,Biologist,Scientific Writing,Statistical Analysis,Experimental Design,55,6.2,83,1,False,False,False,True,False,True,False,False,False,False,True,False,False,False,False,True,False,False
Singapore,NUS,2017,85.5,89.1,79200,Policy Analyst,Qualitative Research,Data Analysis,Public Policy,62,5.0,43,0,False,False,False,False,False,True,False,False,False,False,False,True,True,False,False,False,False,False
USA,Georgia Tech,2022,82.8,89.2,112700,Electrical Engineer,Project Management,AutoCAD,SolidWorks,34,73.2,71,0,False,False,False,True,False,True,False,False,True,False,False,False,False,False,True,False,False,False
USA,Stanford,2015,81.8,88.9,71200,Financial Analyst,Financial Modeling,Excel,Market Research,55,15.5,49,0,False,False,False,True,True,False,False,False,False,False,False,False,False,False,False,False,False,False
USA,Stanford,2023,78.4,86.8,92700,Economist,Qualitative Research,Data Analysis,Public Policy,72,90.0,62,0,False,False,False,True,False,True,False,False,False,False,False,True,True,False,False,False,False,False
USA,MIT,2023,82.3,90.0,124600,Marketing Manager,Financial Modeling,Data Analysis,Market Research,62,71.2,71,0,False,False,False,True,False,True,False,False,False,False,False,False,False,False,False,False,False,False
USA,Georgia Tech,2025,79.7,84.5,100700,Economist,Public Policy,Communication,Qualitative Research,68,89.9,84,0,False,False,False,True,False,True,False,False,False,False,False,True,True,False,False,False,False,False
Argentina,University of Buenos Aires,2023,77.0,81.3,27300,Human Resources Specialist,Communication,Data Analysis,Qualitative Research,57,71.9,61,0,False,True,False,False,True,False,False,False,False,False,False,True,True,False,False,False,False,False
Brazil,University of São Paulo,2020,95.5,95.5,28000,Software Engineer,Java,Python,Cloud Computing,84,35.4,76,1,False,True,False,False,False,False,True,False,False,False,False,False,False,False,False,False,True,False
Canada,University of Toronto,2021,97.2,100.0,79300,AI Researcher,Java,Cloud Computing,Cybersecurity,87,57.9,58,1,False,False,False,True,True,False,True,False,False,False,False,False,False,False,False,False,True,False
Canada,University of Toronto,2022,83.8,87.2,60100,Mechanical Engineer,AutoCAD,MATLAB,Lean Six Sigma,78,56.8,77,0,False,False,False,True,False,False,False,False,True,False,False,False,False,False,True,False,False,False
UAE,Khalifa University,2020,89.5,94.6,123200,NLP Specialist,R,NLP,Data Visualization,90,49.5,65,1,False,False,True,False,False,True,False,True,False,False,False,False,False,False,False,False,False,True
Switzerland,EPFL,2021,90.1,98.0,125500,NLP Specialist,Machine Learning,Big Data,Deep Learning,79,50.8,63,1,True,False,False,False,True,False,False,True,False,False,False,False,False,False,False,False,False,True
Mexico,UNAM,2022,80.8,83.8,26900,Marketing Manager,Financial Modeling,Data Analysis,Market Research,54,40.0,57,0,False,True,False,False,False,False,False,False,False,False,False,False,False,False,False,False,False,False
Switzerland,EPFL,2017,97.9,100.0,109000,Cybersecurity Analyst,React,DevOps,SQL,79,9.4,81,1,True,False,False,False,True,False,True,False,False,False,False,False,False,False,False,False,True,False
Saudi Arabia,King Abdulaziz University,2022,99.0,100.0,83900,Data Analyst,Deep Learning,Data Visualization,Machine Learning,97,68.7,81,1,False,False,True,False,True,False,False,True,False,False,False,False,False,False,False,False,False,True
Israel,Hebrew University of Jerusalem,2017,84.6,89.4,47700,Robotics Engineer,Project Management,MATLAB,SolidWorks,49,5.0,69,0,False,False,True,False,False,False,False,False,True,False,False,False,False,False,True,False,False,False
Canada,McGill University,2017,74.7,76.8,71500,Financial Analyst,Data Analysis,Market Research,Financial Modeling,58,14.4,72,0,False,False,False,True,True,False,False,False,False,False,False,False,False,False,False,False,False,False
Canada,UBC,2022,89.6,94.5,74800,Data Scientist,DevOps,Python,Cloud Computing,74,44.4,97,1,False,False,False,True,False,False,True,False,False,False,False,False,False,False,False,False,True,False
Canada,University of Toronto,2018,84.3,89.6,85500,Pharmacist,Clinical Research,Medical Coding,Patient Care,54,8.6,63,0,False,False,False,True,True,False,False,False,False,True,False,False,False,True,False,False,False,False
Netherlands,University of Amsterdam,2019,95.3,100.0,76200,Cloud Architect,DevOps,Cloud Computing,SQL,76,9.2,84,1,True,False,False,False,True,False,True,False,False,False,False,False,False,False,False,False,True,False
Israel,Hebrew University of Jerusalem,2021,80.4,85.3,67300,Mechanical Engineer,Lean Six Sigma,Project Management,AutoCAD,65,45.3,82,0,False,False,True,False,False,False,False,False,True,False,False,False,False,False,True,False,False,False
Australia,University of Melbourne,2024,79.2,85.4,63200,Policy Analyst,Qualitative Research,Data Analysis,Public Policy,56,64.3,70,0,False,False,False,False,True,False,False,False,False,False,False,True,True,False,False,False,False,False
Australia,University of Melbourne,2024,76.5,83.0,105200,Mechanical Engineer,AutoCAD,Project Management,SolidWorks,65,90.0,51,0,False,False,False,False,False,True,False,False,True,False,False,False,False,False,True,False,False,False
Mexico,UNAM,2015,93.2,95.9,24300,Data Scientist,Cloud Computing,Python,DevOps,80,12.6,45,1,False,True,False,False,True,False,True,False,False,False,False,False,False,False,False,False,True,False
UAE,Khalifa University,2017,84.9,88.7,91100,Marketing Manager,Strategic Planning,Market Research,Data Analysis,39,11.4,100,0,False,False,True,False,False,True,False,False,False,False,False,False,False,False,False,False,False,False
USA,MIT,2016,97.8,100.0,68900,Medical Doctor,Diagnostics,Medical Coding,Patient Care,54,13.9,69,1,False,False,False,True,False,False,False,False,False,True,False,False,False,True,False,False,False,False
Mexico,UNAM,2023,96.6,100.0,40300,Public Health Specialist,Medical Coding,Diagnostics,Patient Care,69,64.8,67,1,False,True,False,False,False,True,False,False,False,True,False,False,False,True,False,False,False,False
Israel,Technion,2017,81.9,85.7,84800,Mechanical Engineer,AutoCAD,SolidWorks,Lean Six Sigma,42,5.0,75,0,False,False,True,False,True,False,False,False,True,False,False,False,False,False,True,False,False,False
Australia,University of Sydney,2020,79.3,84.2,85800,Investment Banker,Market Research,Financial Modeling,Excel,48,41.3,77,0,False,False,False,False,True,False,False,False,False,False,False,False,False,False,False,False,False,False
Canada,University of Toronto,2025,89.7,93.0,83700,Mechanical Engineer,MATLAB,SolidWorks,AutoCAD,72,90.0,68,1,False,False,False,True,True,False,False,False,True,False,False,False,False,False,True,False,False,False
Brazil,University of São Paulo,2022,82.9,90.6,28700,Biomedical Researcher,Medical Coding,Patient Care,Diagnostics,62,65.4,80,0,False,True,False,False,False,False,False,False,False,True,False,False,False,True,False,False,False,False
Brazil,University of São Paulo,2024,92.0,99.7,49100,Machine Learning Engineer,Data Visualization,Deep Learning,NLP,76,90.0,58,1,False,True,False,False,False,True,False,True,False,False,False,False,False,False,False,False,False,True
USA,Georgia Tech,2024,83.7,93.1,91700,Policy Analyst,Public Policy,Qualitative Research,Data Analysis,48,78.6,77,1,False,False,False,True,False,True,False,False,False,False,False,True,True,False,False,False,False,False
USA,MIT,2021,93.2,96.7,98700,Data Scientist,DevOps,Cloud Computing,Java,76,48.5,53,1,False,False,False,True,True,False,True,False,False,False,False,False,False,False,False,False,True,False
Canada,University of Toronto,2021,81.1,85.1,98000,Robotics Engineer,AutoCAD,Project Management,Lean Six Sigma,65,31.8,66,0,False,False,False,True,False,True,False,False,True,False,False,False,False,False,True,False,False,False
South Africa,University of Cape Town,2015,87.6,95.1,53800,Software Engineer,Cloud Computing,React,Cybersecurity,70,7.0,50,1,False,False,True,False,False,True,True,False,False,False,False,False,False,False,False,False,True,False
Netherlands,TU Delft,2019,99.0,100.0,103700,Data Analyst,R,Big Data,NLP,77,15.1,75,1,True,False,False,False,False,True,False,True,False,False,False,False,False,False,False,False,False,True
Singapore,NTU,2024,80.5,88.5,50100,Sociologist,Public Policy,Data Analysis,Qualitative Research,67,52.6,75,0,False,False,False,False,False,False,False,False,False,False,False,True,True,False,False,False,False,False
Switzerland,ETH Zurich,2020,80.9,82.5,98500,Machine Learning Engineer,Machine Learning,Data Visualization,R,89,32.7,56,0,True,False,False,False,False,False,False,True,False,False,False,False,False,False,False,False,False,True
Saudi Arabia,King Abdulaziz University,2025,89.8,95.0,106300,Cybersecurity Analyst,React,Cloud Computing,DevOps,87,78.0,62,1,False,False,True,False,False,True,True,False,False,False,False,False,False,False,False,False,True,False
UK,Cambridge,2021,83.2,88.0,94700,Robotics Engineer,AutoCAD,Lean Six Sigma,MATLAB,81,57.3,82,0,True,False,False,False,False,True,False,False,True,False,False,False,False,False,True,False,False,False
Switzerland,EPFL,2016,92.4,96.5,109600,AI Consultant,Deep Learning,Big Data,R,79,9.4,73,1,True,False,False,False,True,False,False,True,False,False,False,False,False,False,False,False,False,True
UK,Imperial College London,2015,81.2,92.0,61300,Robotics Engineer,Lean Six Sigma,Project Management,AutoCAD,43,6.6,80,1,True,False,False,False,True,False,False,False,True,False,False,False,False,False,True,False,False,False
Israel,Hebrew University of Jerusalem,2025,91.5,94.4,124700,AI Researcher,Cybersecurity,DevOps,Cloud Computing,94,90.0,65,1,False,False,True,False,False,True,True,False,False,False,False,False,False,False,False,False,True,False
Israel,Technion,2015,83.7,87.3,106500,Machine Learning Engineer,Big Data,NLP,Deep Learning,68,5.0,43,0,False,False,True,False,False,True,False,True,False,False,False,False,False,False,False,False,False,True
Mexico,UNAM,2016,84.7,92.3,16500,Policy Analyst,Data Analysis,Qualitative Research,Public Policy,46,13.7,79,1,False,True,False,False,True,False,False,False,False,False,False,True,True,False,False,False,False,False
Germany,Humboldt University,2021,79.5,80.9,82800,Civil Engineer,SolidWorks,AutoCAD,Project Management,62,39.9,59,0,True,False,False,False,True,False,False,False,True,False,False,False,False,False,True,False,False,False
Canada,UBC,2019,78.3,83.6,43200,Sociologist,Public Policy,Communication,Data Analysis,65,8.2,75,0,False,False,False,True,False,False,False,False,False,False,False,True,True,False,False,False,False,False
Sweden,KTH Royal Institute of Technology,2019,87.7,92.3,87200,Robotics Engineer,AutoCAD,Project Management,Lean Six Sigma,57,8.1,67,1,True,False,False,False,False,True,False,False,True,False,False,False,False,False,True,False,False,False
Germany,Humboldt University,2020,75.6,82.1,58400,Investment Banker,Excel,Financial Modeling,Data Analysis,49,36.8,85,0,True,False,False,False,False,False,False,False,False,False,False,False,False,False,False,False,False,False
Japan,Kyoto University,2023,94.1,98.0,61600,Data Analyst,R,Deep Learning,Machine Learning,75,54.1,89,1,False,False,False,False,False,False,False,True,False,False,False,False,False,False,False,False,False,True
India,IIT Delhi,2024,83.7,86.7,12600,Sociologist,Communication,Qualitative Research,Data Analysis,81,90.0,44,0,False,False,False,False,False,False,False,False,False,False,False,True,True,False,False,False,False,False
USA,Georgia Tech,2016,85.1,91.1,54800,Policy Analyst,Communication,Qualitative Research,Data Analysis,59,7.1,99,1,False,False,False,True,True,False,False,False,False,False,False,True,True,False,False,False,False,False
South Africa,University of Cape Town,2020,75.2,79.7,37300,Marketing Manager,Strategic Planning,Financial Modeling,Data Analysis,47,55.9,60,0,False,False,True,False,True,False,False,False,False,False,False,False,False,False,False,False,False,False
Canada,McGill University,2019,80.6,84.4,95100,Mechanical Engineer,MATLAB,AutoCAD,Lean Six Sigma,38,13.0,89,0,False,False,False,True,False,True,False,False,True,False,False,False,False,False,True,False,False,False
Saudi Arabia,King Abdulaziz University,2016,72.3,78.9,31500,Sociologist,Public Policy,Communication,Data Analysis,35,16.1,56,0,False,False,True,False,False,False,False,False,False,False,False,True,True,False,False,False,False,False
Mexico,UNAM,2024,81.2,84.2,12800,Economist,Qualitative Research,Public Policy,Communication,60,83.5,40,0,False,True,False,False,False,False,False,False,False,False,False,True,True,False,False,False,False,False
Mexico,UNAM,2025,91.5,93.9,42900,Biomedical Researcher,Diagnostics,Medical Coding,Clinical Research,59,90.0,79,1,False,True,False,False,True,False,False,False,False,True,False,False,False,True,False,False,False,False
South Africa,University of Cape Town,2021,86.6,92.2,39800,Medical Doctor,Clinical Research,Medical Coding,Patient Care,66,57.0,86,1,False,False,True,False,False,False,False,False,False,True,False,False,False,True,False,False,False,False
USA,Georgia Tech,2024,92.4,96.2,134200,Data Scientist,SQL,Java,Cloud Computing,87,87.0,45,1,False,False,False,True,False,True,True,False,False,False,False,False,False,False,False,False,True,False
Singapore,NUS,2021,85.6,89.9,99100,Cloud Architect,DevOps,React,Java,94,53.3,75,0,False,False,False,False,True,False,True,False,False,False,False,False,False,False,False,False,True,False
France,Ecole Polytechnique,2019,74.8,81.7,45200,Electrical Engineer,Lean Six Sigma,Project Management,AutoCAD,52,7.5,84,0,True,False,False,False,False,False,False,False,True,False,False,False,False,False,True,False,False,False
Netherlands,University of Amsterdam,2023,81.3,86.4,42100,Policy Analyst,Data Analysis,Qualitative Research,Communication,65,64.8,61,0,True,False,False,False,False,False,False,False,False,False,False,True,True,False,False,False,False,False
Israel,Hebrew University of Jerusalem,2019,83.7,87.3,71200,Civil Engineer,Project Management,Lean Six Sigma,SolidWorks,67,8.9,54,0,False,False,True,False,True,False,False,False,True,False,False,False,False,False,True,False,False,False
South Africa,University of Cape Town,2019,77.9,85.0,27300,Management Consultant,Strategic Planning,Excel,Financial Modeling,54,8.6,91,0,False,False,True,False,False,False,False,False,False,False,False,False,False,False,False,False,False,False
Switzerland,EPFL,2022,99.0,100.0,154400,NLP Specialist,NLP,Machine Learning,Deep Learning,75,69.9,92,1,True,False,False,False,False,True,False,True,False,False,False,False,False,False,False,False,False,True
Israel,Hebrew University of Jerusalem,2020,86.2,93.1,86600,Robotics Engineer,Lean Six Sigma,AutoCAD,Project Management,56,31.6,64,1,False,False,True,False,True,False,False,False,True,False,False,False,False,False,True,False,False,False
China,Peking University,2023,98.0,100.0,43900,Software Engineer,Cybersecurity,Java,Python,98,57.7,86,1,False,False,False,False,True,False,True,False,False,False,False,False,False,False,False,False,True,False
South Africa,University of Cape Town,2023,83.6,91.8,32400,Public Health Specialist,Diagnostics,Clinical Research,Patient Care,77,72.1,70,1,False,False,True,False,False,False,False,False,False,True,False,False,False,True,False,False,False,False
Israel,Hebrew University of Jerusalem,2021,84.0,87.4,111000,Investment Banker,Data Analysis,Excel,Strategic Planning,57,69.6,100,0,False,False,True,False,False,True,False,False,False,False,False,False,False,False,False,False,False,False
Argentina,University of Buenos Aires,2025,83.6,88.0,27400,Policy Analyst,Public Policy,Qualitative Research,Data Analysis,62,82.7,61,0,False,True,False,False,True,False,False,False,False,False,False,True,True,False,False,False,False,False
Australia,University of Sydney,2015,99.0,100.0,70200,AI Researcher,SQL,Java,Cybersecurity,60,14.5,66,1,False,False,False,False,False,False,True,False,False,False,False,False,False,False,False,False,True,False
Brazil,University of São Paulo,2020,82.7,86.0,21300,Management Consultant,Data Analysis,Market Research,Excel,51,37.5,62,0,False,True,False,False,True,False,False,False,False,False,False,False,False,False,False,False,False,False
Canada,University of Toronto,2023,82.6,83.8,80400,Human Resources Specialist,Data Analysis,Public Policy,Communication,81,60.2,55,0,False,False,False,True,False,True,False,False,False,False,False,True,True,False,False,False,False,False
Argentina,University of Buenos Aires,2025,90.7,98.6,27200,Biomedical Researcher,Patient Care,Clinical Research,Diagnostics,72,90.0,74,1,False,True,False,False,True,False,False,False,False,True,False,False,False,True,False,False,False,False
Australia,ANU,2023,92.8,93.9,99100,Public Health Specialist,Medical Coding,Clinical Research,Patient Care,63,81.6,100,1,False,False,False,False,True,False,False,False,False,True,False,False,False,True,False,False,False,False
Canada,McGill University,2024,83.4,87.2,66400,Biologist,Statistical Analysis,Experimental Design,Scientific Writing,88,66.5,79,0,False,False,False,True,True,False,False,False,False,False,True,False,False,False,False,True,False,False
USA,Harvard,2023,78.4,83.3,59200,Chemist,Experimental Design,Laboratory Skills,Statistical Analysis,76,59.2,79,0,False,False,False,True,False,False,False,False,False,False,True,False,False,False,False,True,False,False
South Korea,Seoul National University,2017,92.6,99.5,57000,Cloud Architect,Cloud Computing,Python,Java,61,14.1,61,1,False,False,False,False,True,False,True,False,False,False,False,False,False,False,False,False,True,False
Singapore,NTU,2017,82.9,87.5,64400,Human Resources Specialist,Data Analysis,Qualitative Research,Public Policy,48,14.1,88,0,False,False,False,False,True,False,False,False,False,False,False,True,True,False,False,False,False,False
Switzerland,EPFL,2021,77.3,83.7,136000,Robotics Engineer,Lean Six Sigma,AutoCAD,MATLAB,47,36.9,54,0,True,False,False,False,False,True,False,False,True,False,False,False,False,False,True,False,False,False
France,Ecole Polytechnique,2016,83.3,84.4,48900,Cybersecurity Analyst,Python,SQL,Java,60,13.2,50,0,True,False,False,False,False,False,True,False,False,False,False,False,False,False,False,False,True,False
Israel,Hebrew University of Jerusalem,2024,89.7,94.6,59700,Biologist,Statistical Analysis,Laboratory Skills,Experimental Design,71,70.5,100,1,False,False,True,False,False,False,False,False,False,False,True,False,False,False,False,True,False,False
Sweden,Karolinska Institute,2023,90.1,97.7,87900,Data Analyst,Data Visualization,NLP,Machine Learning,84,70.5,65,1,True,False,False,False,True,False,False,True,False,False,False,False,False,False,False,False,False,True
Mexico,UNAM,2018,91.9,98.0,20300,AI Researcher,React,DevOps,Java,69,6.2,60,1,False,True,False,False,False,False,True,False,False,False,False,False,False,False,False,False,True,False
Singapore,NTU,2024,72.0,77.6,50900,Economist,Communication,Qualitative Research,Data Analysis,77,88.7,40,0,False,False,False,False,False,False,False,False,False,False,False,True,True,False,False,False,False,False
UK,Oxford,2018,77.5,82.8,83400,Robotics Engineer,Project Management,MATLAB,Lean Six Sigma,51,13.0,69,0,True,False,False,False,False,True,False,False,True,False,False,False,False,False,True,False,False,False
Canada,UBC,2022,88.2,93.2,100900,AI Researcher,Java,Python,DevOps,84,45.9,46,1,False,False,False,True,False,True,True,False,False,False,False,False,False,False,False,False,True,False
Japan,Kyoto University,2017,74.2,75.9,59000,Financial Analyst,Data Analysis,Strategic Planning,Market Research,49,7.6,56,0,False,False,False,False,True,False,False,False,False,False,False,False,False,False,False,False,False,False
Mexico,UNAM,2023,93.1,96.6,36600,Cybersecurity Analyst,Cybersecurity,SQL,React,86,66.2,72,1,False,True,False,False,False,True,True,False,False,False,False,False,False,False,False,False,True,False
Mexico,UNAM,2019,95.4,100.0,33400,Public Health Specialist,Medical Coding,Diagnostics,Clinical Research,66,11.2,63,1,False,True,False,False,True,False,False,False,False,True,False,False,False,True,False,False,False,False
South Africa,University of Cape Town,2018,88.6,93.6,48100,Machine Learning Engineer,Data Visualization,NLP,R,82,6.4,69,1,False,False,True,False,False,True,False,True,False,False,False,False,False,False,False,False,False,True
Netherlands,University of Amsterdam,2023,82.3,86.2,76700,Management Consultant,Data Analysis,Excel,Financial Modeling,58,63.2,77,0,True,False,False,False,True,False,False,False,False,False,False,False,False,False,False,False,False,False
UK,LSE,2020,79.1,84.6,72800,Marketing Manager,Financial Modeling,Excel,Data Analysis,55,51.3,55,0,True,False,False,False,True,False,False,False,False,False,False,False,False,False,False,False,False,False
India,IIT Delhi,2020,83.0,87.3,22000,Data Scientist,SQL,DevOps,Java,63,47.5,81,0,False,False,False,False,False,False,True,False,False,False,False,False,False,False,False,False,True,False
USA,MIT,2015,83.1,86.4,78700,Human Resources Specialist,Communication,Data Analysis,Public Policy,41,17.7,91,0,False,False,False,True,False,True,False,False,False,False,False,True,True,False,False,False,False,False
South Korea,KAIST,2017,90.4,98.2,76500,Public Health Specialist,Patient Care,Medical Coding,Diagnostics,47,11.1,90,1,False,False,False,False,False,True,False,False,False,True,False,False,False,True,False,False,False,False
India,IISc Bangalore,2025,85.4,91.4,19400,Sociologist,Data Analysis,Qualitative Research,Public Policy,69,80.1,59,1,False,False,False,False,True,False,False,False,False,False,False,True,True,False,False,False,False,False
Germany,Humboldt University,2021,72.9,78.1,65600,Management Consultant,Financial Modeling,Market Research,Data Analysis,67,59.9,49,0,True,False,False,False,False,False,False,False,False,False,False,False,False,False,False,False,False,False
Brazil,University of São Paulo,2018,98.5,100.0,31800,AI Researcher,SQL,Cloud Computing,Cybersecurity,65,8.4,69,1,False,True,False,False,False,False,True,False,False,False,False,False,False,False,False,False,True,False
Brazil,University of São Paulo,2024,83.1,88.7,35500,Policy Analyst,Data Analysis,Qualitative Research,Public Policy,67,82.7,63,0,False,True,False,False,False,True,False,False,False,False,False,True,True,False,False,False,False,False
UAE,Khalifa University,2022,80.1,89.0,99500,Mechanical Engineer,MATLAB,SolidWorks,Project Management,78,65.6,89,0,False,False,True,False,False,True,False,False,True,False,False,False,False,False,True,False,False,False
Singapore,NTU,2021,82.2,84.1,93700,Marketing Manager,Financial Modeling,Data Analysis,Excel,59,46.6,53,0,False,False,False,False,True,False,False,False,False,False,False,False,False,False,False,False,False,False
Canada,UBC,2024,83.7,89.4,57400,Economist,Data Analysis,Qualitative Research,Communication,56,72.5,87,0,False,False,False,True,True,False,False,False,False,False,False,True,True,False,False,False,False,False
UAE,Khalifa University,2020,83.9,88.5,91000,Electrical Engineer,SolidWorks,MATLAB,Lean Six Sigma,65,31.4,71,0,False,False,True,False,False,True,False,False,True,False,False,False,False,False,True,False,False,False
USA,Harvard,2018,84.2,89.3,106600,Civil Engineer,Project Management,AutoCAD,MATLAB,59,21.0,100,0,False,False,False,True,False,True,False,False,True,False,False,False,False,False,True,False,False,False
Saudi Arabia,King Abdulaziz University,2015,79.7,85.8,63800,Data Analyst,R,NLP,Data Visualization,71,15.3,74,0,False,False,True,False,True,False,False,True,False,False,False,False,False,False,False,False,False,True
Israel,Technion,2019,95.6,100.0,67100,Data Scientist,Python,Cloud Computing,SQL,64,5.9,68,1,False,False,True,False,False,False,True,False,False,False,False,False,False,False,False,False,True,False
Canada,McGill University,2022,88.9,94.7,75200,Data Analyst,R,Data Visualization,Deep Learning,93,77.2,78,1,False,False,False,True,False,False,False,True,False,False,False,False,False,False,False,False,False,True
UAE,Khalifa University,2023,80.5,85.4,58700,Human Resources Specialist,Communication,Public Policy,Qualitative Research,71,73.9,100,0,False,False,True,False,True,False,False,False,False,False,False,True,True,False,False,False,False,False
Japan,University of Tokyo,2020,81.9,91.6,46800,Mechanical Engineer,Lean Six Sigma,MATLAB,Project Management,54,41.5,55,1,False,False,False,False,False,False,False,False,True,False,False,False,False,False,True,False,False,False
USA,Stanford,2025,79.1,86.2,136400,Marketing Manager,Strategic Planning,Excel,Financial Modeling,71,80.6,82,0,False,False,False,True,False,True,False,False,False,False,False,False,False,False,False,False,False,False
Mexico,UNAM,2016,96.0,98.7,28500,AI Consultant,Deep Learning,Machine Learning,NLP,75,13.9,63,1,False,True,False,False,True,False,False,True,False,False,False,False,False,False,False,False,False,True
USA,MIT,2023,89.8,97.2,84300,NLP Specialist,R,Deep Learning,NLP,97,65.7,50,1,False,False,False,True,False,False,False,True,False,False,False,False,False,False,False,False,False,True
Australia,University of Melbourne,2024,78.9,84.8,86700,Civil Engineer,Lean Six Sigma,MATLAB,SolidWorks,66,72.5,86,0,False,False,False,False,True,False,False,False,True,False,False,False,False,False,True,False,False,False
Canada,UBC,2020,95.2,96.7,113400,AI Consultant,Big Data,NLP,Machine Learning,55,25.6,62,1,False,False,False,True,False,True,False,True,False,False,False,False,False,False,False,False,False,True
USA,Georgia Tech,2020,79.5,87.7,106500,NLP Specialist,Big Data,Machine Learning,Data Visualization,81,53.6,56,0,False,False,False,True,True,False,False,True,False,False,False,False,False,False,False,False,False,True
Australia,University of Melbourne,2018,90.4,97.1,70100,Public Health Specialist,Clinical Research,Medical Coding,Diagnostics,53,12.4,86,1,False,False,False,False,False,False,False,False,False,True,False,False,False,True,False,False,False,False
UAE,Khalifa University,2018,94.2,95.4,94800,Cybersecurity Analyst,Cybersecurity,Python,Cloud Computing,83,19.8,51,1,False,False,True,False,False,True,True,False,False,False,False,False,False,False,False,False,True,False
France,PSL University,2017,97.4,100.0,87100,Public Health Specialist,Medical Coding,Clinical Research,Diagnostics,55,8.0,63,1,True,False,False,False,False,True,False,False,False,True,False,False,False,True,False,False,False,False
Israel,Technion,2024,80.2,82.8,60900,Biologist,Laboratory Skills,Experimental Design,Scientific Writing,67,90.0,63,0,False,False,True,False,False,False,False,False,False,False,True,False,False,False,False,True,False,False
Netherlands,TU Delft,2016,90.5,94.1,61800,Software Engineer,Cloud Computing,React,DevOps,58,10.7,59,1,True,False,False,False,True,False,True,False,False,False,False,False,False,False,False,False,True,False
Germany,TU Munich,2020,82.0,84.0,54500,Policy Analyst,Communication,Public Policy,Data Analysis,42,46.7,41,0,True,False,False,False,True,False,False,False,False,False,False,True,True,False,False,False,False,False
India,IIT Bombay,2019,81.0,85.0,17400,Cybersecurity Analyst,Cloud Computing,Python,DevOps,82,10.6,100,0,False,False,False,False,False,False,True,False,False,False,False,False,False,False,False,False,True,False
UAE,Khalifa University,2021,85.3,88.0,75200,Public Health Specialist,Medical Coding,Diagnostics,Patient Care,89,60.6,78,0,False,False,True,False,False,False,False,False,False,True,False,False,False,True,False,False,False,False
South Korea,KAIST,2021,84.4,86.4,65300,Biologist,Statistical Analysis,Scientific Writing,Experimental Design,63,50.7,56,0,False,False,False,False,False,True,False,False,False,False,True,False,False,False,False,True,False,False
China,Fudan University,2024,90.6,95.3,60500,Robotics Engineer,Lean Six Sigma,AutoCAD,SolidWorks,88,62.6,62,1,False,False,False,False,False,True,False,False,True,False,False,False,False,False,True,False,False,False
South Africa,University of Cape Town,2021,84.0,87.3,23800,Cloud Architect,Cloud Computing,React,Python,85,52.7,59,0,False,False,True,False,False,False,True,False,False,False,False,False,False,False,False,False,True,False
USA,UC Berkeley,2021,87.4,91.8,44700,Policy Analyst,Data Analysis,Communication,Public Policy,50,52.7,73,1,False,False,False,True,False,False,False,False,False,False,False,True,True,False,False,False,False,False
USA,Stanford,2017,93.7,96.4,119800,Data Analyst,NLP,Machine Learning,Data Visualization,81,5.0,60,1,False,False,False,True,False,True,False,True,False,False,False,False,False,False,False,False,False,True
Argentina,University of Buenos Aires,2016,86.0,94.2,15300,Economist,Data Analysis,Qualitative Research,Communication,62,8.4,46,1,False,True,False,False,False,False,False,False,False,False,False,True,True,False,False,False,False,False
Argentina,University of Buenos Aires,2023,96.9,100.0,27900,Cybersecurity Analyst,Java,React,Cloud Computing,95,66.7,92,1,False,True,False,False,False,False,True,False,False,False,False,False,False,False,False,False,True,False
UAE,Khalifa University,2024,99.0,100.0,76700,NLP Specialist,Deep Learning,NLP,R,100,75.4,76,1,False,False,True,False,False,False,False,True,False,False,False,False,False,False,False,False,False,True
Germany,Humboldt University,2015,87.2,94.0,81200,Investment Banker,Strategic Planning,Market Research,Financial Modeling,73,12.4,80,1,True,False,False,False,False,True,False,False,False,False,False,False,False,False,False,False,False,False
Canada,McGill University,2024,95.7,99.9,124500,Data Analyst,Data Visualization,Deep Learning,R,89,81.7,64,1,False,False,False,True,False,True,False,True,False,False,False,False,False,False,False,False,False,True
Israel,Technion,2020,88.1,92.4,72000,Biomedical Researcher,Clinical Research,Patient Care,Medical Coding,70,41.8,75,1,False,False,True,False,False,False,False,False,False,True,False,False,False,True,False,False,False,False
Canada,UBC,2025,85.1,91.2,88200,Environmental Scientist,Laboratory Skills,Scientific Writing,Experimental Design,66,90.0,40,1,False,False,False,True,False,True,False,False,False,False,True,False,False,False,False,True,False,False
Canada,University of Toronto,2015,94.8,100.0,77000,Medical Doctor,Patient Care,Clinical Research,Diagnostics,51,12.8,83,1,False,False,False,True,True,False,False,False,False,True,False,False,False,True,False,False,False,False
Mexico,UNAM,2022,92.7,97.4,29300,Machine Learning Engineer,Data Visualization,Big Data,R,73,67.2,61,1,False,True,False,False,True,False,False,True,False,False,False,False,False,False,False,False,False,True
UAE,Khalifa University,2023,77.3,80.7,42800,Sociologist,Communication,Qualitative Research,Data Analysis,76,71.5,90,0,False,False,True,False,False,False,False,False,False,False,False,True,True,False,False,False,False,False
UK,Oxford,2025,95.6,100.0,92800,Data Analyst,R,Data Visualization,Deep Learning,93,90.0,80,1,True,False,False,False,True,False,False,True,False,False,False,False,False,False,False,False,False,True
Israel,Hebrew University of Jerusalem,2020,85.9,91.5,98500,Financial Analyst,Data Analysis,Strategic Planning,Financial Modeling,57,31.2,80,1,False,False,True,False,False,True,False,False,False,False,False,False,False,False,False,False,False,False
Argentina,University of Buenos Aires,2017,91.9,97.1,10600,Policy Analyst,Qualitative Research,Communication,Public Policy,41,7.4,65,1,False,True,False,False,True,False,False,False,False,False,False,True,True,False,False,False,False,False
USA,Georgia Tech,2019,86.8,91.6,104900,Cybersecurity Analyst,DevOps,Cybersecurity,Cloud Computing,72,12.5,62,1,False,False,False,True,True,False,True,False,False,False,False,False,False,False,False,False,True,False
USA,Stanford,2018,92.0,96.4,109700,Cloud Architect,Cloud Computing,Python,SQL,70,7.3,87,1,False,False,False,True,False,True,True,False,False,False,False,False,False,False,False,False,True,False
South Africa,University of Cape Town,2024,77.3,81.4,48900,Mechanical Engineer,MATLAB,Lean Six Sigma,AutoCAD,68,66.6,94,0,False,False,True,False,False,True,False,False,True,False,False,False,False,False,True,False,False,False
South Korea,Seoul National University,2019,88.4,94.2,59700,Civil Engineer,SolidWorks,Project Management,MATLAB,37,17.7,57,1,False,False,False,False,True,False,False,False,True,False,False,False,False,False,True,False,False,False
South Africa,University of Cape Town,2022,83.8,91.5,45900,Management Consultant,Strategic Planning,Financial Modeling,Excel,74,69.1,65,1,False,False,True,False,False,True,False,False,False,False,False,False,False,False,False,False,False,False
Germany,Humboldt University,2022,84.7,89.5,104200,Marketing Manager,Financial Modeling,Excel,Data Analysis,72,68.3,78,0,True,False,False,False,False,True,False,False,False,False,False,False,False,False,False,False,False,False
Israel,Hebrew University of Jerusalem,2025,81.9,86.7,58100,Sociologist,Qualitative Research,Communication,Public Policy,71,82.5,50,0,False,False,True,False,True,False,False,False,False,False,False,True,True,False,False,False,False,False
Saudi Arabia,King Abdulaziz University,2023,81.2,87.4,94300,Civil Engineer,AutoCAD,Lean Six Sigma,MATLAB,59,84.2,85,0,False,False,True,False,False,True,False,False,True,False,False,False,False,False,True,False,False,False
Germany,Heidelberg University,2021,88.9,95.6,68500,Cybersecurity Analyst,Cybersecurity,SQL,Cloud Computing,85,52.4,85,1,True,False,False,False,False,False,True,False,False,False,False,False,False,False,False,False,True,False
South Africa,University of Cape Town,2025,75.0,77.9,49600,Marketing Manager,Data Analysis,Financial Modeling,Excel,62,75.0,69,0,False,False,True,False,True,False,False,False,False,False,False,False,False,False,False,False,False,False
Japan,University of Tokyo,2019,91.1,95.1,73400,AI Consultant,Big Data,R,Data Visualization,89,10.7,75,1,False,False,False,False,True,False,False,True,False,False,False,False,False,False,False,False,False,True
UK,Cambridge,2018,80.6,89.8,56900,Sociologist,Public Policy,Qualitative Research,Communication,51,20.0,55,0,True,False,False,False,True,False,False,False,False,False,False,True,True,False,False,False,False,False
Australia,ANU,2024,86.8,94.0,83300,Public Health Specialist,Diagnostics,Patient Care,Medical Coding,63,82.9,60,1,False,False,False,False,False,False,False,False,False,True,False,False,False,True,False,False,False,False
USA,Harvard,2025,79.7,88.1,140700,Management Consultant,Strategic Planning,Data Analysis,Market Research,60,76.5,84,0,False,False,False,True,False,True,False,False,False,False,False,False,False,False,False,False,False,False
USA,Georgia Tech,2021,83.0,87.3,117900,Management Consultant,Excel,Market Research,Financial Modeling,48,49.2,88,0,False,False,False,True,False,True,False,False,False,False,False,False,False,False,False,False,False,False
Israel,Hebrew University of Jerusalem,2020,92.4,99.6,91100,AI Researcher,SQL,React,DevOps,69,36.7,75,1,False,False,True,False,True,False,True,False,False,False,False,False,False,False,False,False,True,False
Canada,McGill University,2021,91.8,94.4,111000,Medical Doctor,Patient Care,Medical Coding,Clinical Research,41,58.2,73,1,False,False,False,True,False,True,False,False,False,True,False,False,False,True,False,False,False,False
Saudi Arabia,King Abdulaziz University,2017,90.8,94.4,92000,Biomedical Researcher,Clinical Research,Diagnostics,Patient Care,54,14.3,66,1,False,False,True,False,False,True,False,False,False,True,False,False,False,True,False,False,False,False
USA,Harvard,2025,78.0,82.6,140000,Financial Analyst,Strategic Planning,Market Research,Data Analysis,69,90.0,73,0,False,False,False,True,False,True,False,False,False,False,False,False,False,False,False,False,False,False
Switzerland,EPFL,2018,76.3,81.5,118400,Environmental Scientist,Scientific Writing,Experimental Design,Laboratory Skills,57,13.1,57,0,True,False,False,False,False,True,False,False,False,False,True,False,False,False,False,True,False,False
Mexico,UNAM,2023,83.1,85.9,36800,Policy Analyst,Communication,Qualitative Research,Public Policy,65,66.9,100,0,False,True,False,False,False,True,False,False,False,False,False,True,True,False,False,False,False,False
UAE,Khalifa University,2018,80.2,85.0,53800,Physicist,Statistical Analysis,Experimental Design,Laboratory Skills,65,15.0,40,0,False,False,True,False,False,False,False,False,False,False,True,False,False,False,False,True,False,False
India,IIT Delhi,2020,83.1,85.5,36900,Robotics Engineer,Lean Six Sigma,SolidWorks,Project Management,68,62.5,78,0,False,False,False,False,False,True,False,False,True,False,False,False,False,False,True,False,False,False
Canada,McGill University,2021,99.0,100.0,96200,Data Analyst,Machine Learning,R,Deep Learning,63,56.6,66,1,False,False,False,True,True,False,False,True,False,False,False,False,False,False,False,False,False,True
Brazil,University of São Paulo,2019,80.9,87.3,18900,Environmental Scientist,Experimental Design,Scientific Writing,Laboratory Skills,56,6.1,66,0,False,True,False,False,True,False,False,False,False,False,True,False,False,False,False,True,False,False
UK,Imperial College London,2021,73.4,78.1,92400,Civil Engineer,MATLAB,AutoCAD,SolidWorks,48,56.6,46,0,True,False,False,False,False,True,False,False,True,False,False,False,False,False,True,False,False,False
South Africa,University of Cape Town,2025,79.2,83.1,36500,Policy Analyst,Qualitative Research,Communication,Data Analysis,72,81.3,74,0,False,False,True,False,True,False,False,False,False,False,False,True,True,False,False,False,False,False
UK,Imperial College London,2025,78.5,84.3,59200,Policy Analyst,Qualitative Research,Communication,Public Policy,58,77.4,73,0,True,False,False,False,True,False,False,False,False,False,False,True,True,False,False,False,False,False
Mexico,UNAM,2017,92.1,97.7,27200,Biomedical Researcher,Clinical Research,Diagnostics,Patient Care,54,13.0,71,1,False,True,False,False,True,False,False,False,False,True,False,False,False,True,False,False,False,False
Mexico,UNAM,2021,84.3,93.1,30900,AI Consultant,Data Visualization,Big Data,R,82,59.5,64,1,False,True,False,False,False,True,False,True,False,False,False,False,False,False,False,False,False,True
Brazil,University of São Paulo,2015,90.7,100.0,38200,Medical Doctor,Diagnostics,Patient Care,Clinical Research,52,7.3,45,1,False,True,False,False,False,True,False,False,False,True,False,False,False,True,False,False,False,False
UAE,Khalifa University,2020,90.4,96.9,97900,AI Consultant,Machine Learning,Deep Learning,R,88,35.4,80,1,False,False,True,False,True,False,False,True,False,False,False,False,False,False,False,False,False,True
Canada,UBC,2018,85.0,92.4,63400,AI Consultant,NLP,Machine Learning,Data Visualization,74,12.6,76,1,False,False,False,True,False,False,False,True,False,False,False,False,False,False,False,False,False,True
Saudi Arabia,King Abdulaziz University,2025,75.2,79.0,87500,Biologist,Scientific Writing,Experimental Design,Statistical Analysis,66,81.7,76,0,False,False,True,False,False,True,False,False,False,False,True,False,False,False,False,True,False,False
Mexico,UNAM,2020,88.0,92.3,33400,Investment Banker,Market Research,Financial Modeling,Strategic Planning,62,44.5,79,1,False,True,False,False,True,False,False,False,False,False,False,False,False,False,False,False,False,False
Japan,Kyoto University,2019,99.0,100.0,82300,Biomedical Researcher,Patient Care,Medical Coding,Diagnostics,67,16.0,78,1,False,False,False,False,False,True,False,False,False,True,False,False,False,True,False,False,False,False
Argentina,University of Buenos Aires,2016,82.3,84.0,20900,Financial Analyst,Excel,Data Analysis,Market Research,56,9.2,69,0,False,True,False,False,False,True,False,False,False,False,False,False,False,False,False,False,False,False
Sweden,KTH Royal Institute of Technology,2024,90.7,95.2,125400,Data Analyst,Machine Learning,Data Visualization,Big Data,88,61.6,66,1,True,False,False,False,False,True,False,True,False,False,False,False,False,False,False,False,False,True
China,Peking University,2024,87.1,93.8,34200,Machine Learning Engineer,Data Visualization,NLP,Machine Learning,92,74.1,70,1,False,False,False,False,False,False,False,True,False,False,False,False,False,False,False,False,False,True
USA,MIT,2019,81.2,92.1,60400,Sociologist,Data Analysis,Qualitative Research,Public Policy,76,10.3,72,1,False,False,False,True,True,False,False,False,False,False,False,True,True,False,False,False,False,False
South Africa,University of Cape Town,2025,89.0,94.7,51900,Cybersecurity Analyst,Cloud Computing,React,Cybersecurity,84,90.0,93,1,False,False,True,False,False,True,True,False,False,False,False,False,False,False,False,False,True,False
Germany,Heidelberg University,2023,81.8,83.4,86800,Investment Banker,Excel,Data Analysis,Strategic Planning,73,58.6,63,0,True,False,False,False,True,False,False,False,False,False,False,False,False,False,False,False,False,False
France,Ecole Polytechnique,2025,88.1,92.2,80200,Human Resources Specialist,Data Analysis,Qualitative Research,Public Policy,65,83.0,52,1,True,False,False,False,False,True,False,False,False,False,False,True,True,False,False,False,False,False
South Africa,University of Cape Town,2024,73.2,79.6,36300,Civil Engineer,MATLAB,Project Management,AutoCAD,71,85.6,55,0,False,False,True,False,True,False,False,False,True,False,False,False,False,False,True,False,False,False
South Africa,University of Cape Town,2015,91.5,96.6,28400,Pharmacist,Medical Coding,Patient Care,Diagnostics,48,8.6,95,1,False,False,True,False,True,False,False,False,False,True,False,False,False,True,False,False,False,False
Australia,University of Melbourne,2021,92.9,100.0,110900,Management Consultant,Financial Modeling,Strategic Planning,Excel,79,39.3,78,1,False,False,False,False,False,True,False,False,False,False,False,False,False,False,False,False,False,False
USA,UC Berkeley,2018,71.7,79.7,64000,Electrical Engineer,MATLAB,SolidWorks,AutoCAD,53,5.0,63,0,False,False,False,True,False,False,False,False,True,False,False,False,False,False,True,False,False,False
Canada,University of Toronto,2024,77.8,82.3,83700,Marketing Manager,Data Analysis,Financial Modeling,Strategic Planning,85,73.3,94,0,False,False,False,True,True,False,False,False,False,False,False,False,False,False,False,False,False,False
Israel,Technion,2023,93.2,99.7,98300,Cloud Architect,Cloud Computing,React,SQL,86,82.9,78,1,False,False,True,False,True,False,True,False,False,False,False,False,False,False,False,False,True,False
China,Fudan University,2022,84.5,91.0,51200,Robotics Engineer,MATLAB,Lean Six Sigma,SolidWorks,61,61.3,60,1,False,False,False,False,False,True,False,False,True,False,False,False,False,False,True,False,False,False
USA,UC Berkeley,2024,72.2,74.2,72100,Mechanical Engineer,SolidWorks,AutoCAD,Lean Six Sigma,74,55.1,60,0,False,False,False,True,False,False,False,False,True,False,False,False,False,False,True,False,False,False
Mexico,UNAM,2015,81.6,82.9,21300,Environmental Scientist,Laboratory Skills,Statistical Analysis,Experimental Design,54,5.0,86,0,False,True,False,False,False,True,False,False,False,False,True,False,False,False,False,True,False,False
Argentina,University of Buenos Aires,2022,92.5,97.5,29400,Data Scientist,Cybersecurity,DevOps,SQL,86,60.4,63,1,False,True,False,False,False,True,True,False,False,False,False,False,False,False,False,False,True,False
South Africa,University of Cape Town,2021,95.3,98.8,52200,AI Researcher,React,Java,Python,86,61.9,80,1,False,False,True,False,False,True,True,False,False,False,False,False,False,False,False,False,True,False
Saudi Arabia,King Abdulaziz University,2025,82.1,85.2,84400,Marketing Manager,Strategic Planning,Excel,Financial Modeling,61,90.0,84,0,False,False,True,False,True,False,False,False,False,False,False,False,False,False,False,False,False,False
Brazil,University of São Paulo,2020,87.9,90.6,47800,Physicist,Experimental Design,Laboratory Skills,Statistical Analysis,52,62.8,66,0,False,True,False,False,False,True,False,False,False,False,True,False,False,False,False,True,False,False
Brazil,University of São Paulo,2018,88.2,96.3,42300,Biomedical Researcher,Medical Coding,Clinical Research,Diagnostics,61,6.1,55,1,False,True,False,False,False,True,False,False,False,True,False,False,False,True,False,False,False,False
China,Tsinghua University,2016,93.2,99.9,55900,Cloud Architect,Cloud Computing,Java,Python,77,8.7,61,1,False,False,False,False,False,True,True,False,False,False,False,False,False,False,False,False,True,False
Mexico,UNAM,2019,78.5,83.2,18900,Economist,Qualitative Research,Data Analysis,Communication,58,5.5,79,0,False,True,False,False,True,False,False,False,False,False,False,True,True,False,False,False,False,False
South Korea,KAIST,2016,77.0,81.3,41900,Chemist,Scientific Writing,Experimental Design,Laboratory Skills,54,10.4,76,0,False,False,False,False,True,False,False,False,False,False,True,False,False,False,False,True,False,False
USA,UC Berkeley,2018,89.5,95.1,86200,Sociologist,Communication,Data Analysis,Qualitative Research,45,8.7,54,1,False,False,False,True,False,True,False,False,False,False,False,True,True,False,False,False,False,False
Saudi Arabia,King Abdulaziz University,2017,99.0,100.0,63200,Biomedical Researcher,Medical Coding,Clinical Research,Patient Care,62,11.3,75,1,False,False,True,False,False,False,False,False,False,True,False,False,False,True,False,False,False,False
Argentina,University of Buenos Aires,2016,82.6,85.9,13500,Environmental Scientist,Statistical Analysis,Scientific Writing,Experimental Design,54,9.7,99,0,False,True,False,False,False,True,False,False,False,False,True,False,False,False,False,True,False,False
UAE,Khalifa University,2017,81.4,85.9,46700,Sociologist,Qualitative Research,Public Policy,Communication,70,9.9,74,0,False,False,True,False,False,False,False,False,False,False,False,True,True,False,False,False,False,False
France,PSL University,2016,89.2,94.3,63900,Cloud Architect,Cybersecurity,DevOps,SQL,52,5.0,75,1,True,False,False,False,True,False,True,False,False,False,False,False,False,False,False,False,True,False
France,Ecole Polytechnique,2020,83.0,86.6,64600,Environmental Scientist,Experimental Design,Statistical Analysis,Scientific Writing,45,47.8,61,0,True,False,False,False,True,False,False,False,False,False,True,False,False,False,False,True,False,False
Singapore,NUS,2025,91.9,97.9,94500,Machine Learning Engineer,R,NLP,Big Data,90,90.0,68,1,False,False,False,False,False,False,False,True,False,False,False,False,False,False,False,False,False,True
USA,Georgia Tech,2020,78.2,78.4,93700,Environmental Scientist,Laboratory Skills,Experimental Design,Statistical Analysis,58,55.2,80,0,False,False,False,True,False,True,False,False,False,False,True,False,False,False,False,True,False,False
Switzerland,ETH Zurich,2017,89.3,96.3,146800,Data Analyst,Machine Learning,Deep Learning,NLP,72,17.9,55,1,True,False,False,False,False,True,False,True,False,False,False,False,False,False,False,False,False,True
Argentina,University of Buenos Aires,2016,88.8,90.8,25700,Machine Learning Engineer,Big Data,R,Data Visualization,62,10.5,59,1,False,True,False,False,False,True,False,True,False,False,False,False,False,False,False,False,False,True
South Korea,Seoul National University,2016,95.4,97.0,24900,Data Scientist,Cloud Computing,React,Cybersecurity,77,10.2,100,1,False,False,False,False,False,False,True,False,False,False,False,False,False,False,False,False,True,False
Germany,Heidelberg University,2016,88.7,92.3,77200,Data Scientist,Python,Java,DevOps,87,5.0,72,1,True,False,False,False,True,False,True,False,False,False,False,False,False,False,False,False,True,False
Saudi Arabia,King Abdulaziz University,2015,78.3,84.0,44700,Electrical Engineer,Lean Six Sigma,SolidWorks,Project Management,51,12.3,72,0,False,False,True,False,False,False,False,False,True,False,False,False,False,False,True,False,False,False
Mexico,UNAM,2015,93.5,97.1,35100,Pharmacist,Diagnostics,Medical Coding,Patient Care,50,6.4,58,1,False,True,False,False,False,True,False,False,False,True,False,False,False,True,False,False,False,False
USA,UC Berkeley,2024,80.7,85.7,97000,Robotics Engineer,MATLAB,AutoCAD,Project Management,77,75.0,72,0,False,False,False,True,True,False,False,False,True,False,False,False,False,False,True,False,False,False
Argentina,University of Buenos Aires,2017,80.0,85.1,27400,Investment Banker,Financial Modeling,Data Analysis,Market Research,64,10.9,73,0,False,True,False,False,False,True,False,False,False,False,False,False,False,False,False,False,False,False
Australia,ANU,2023,92.8,96.5,111900,Marketing Manager,Financial Modeling,Excel,Market Research,49,78.6,68,1,False,False,False,False,False,True,False,False,False,False,False,False,False,False,False,False,False,False
Saudi Arabia,King Abdulaziz University,2025,77.3,86.0,51100,Biologist,Statistical Analysis,Experimental Design,Scientific Writing,73,90.0,72,0,False,False,True,False,False,False,False,False,False,False,True,False,False,False,False,True,False,False
Mexico,UNAM,2016,98.2,100.0,29000,NLP Specialist,Big Data,NLP,Machine Learning,57,14.3,77,1,False,True,False,False,True,False,False,True,False,False,False,False,False,False,False,False,False,True
Canada,UBC,2018,85.4,89.6,78200,Physicist,Laboratory Skills,Statistical Analysis,Scientific Writing,56,9.3,61,0,False,False,False,True,False,True,False,False,False,False,True,False,False,False,False,True,False,False
Israel,Technion,2017,82.9,92.7,74200,Machine Learning Engineer,R,Machine Learning,Data Visualization,82,5.0,66,1,False,False,True,False,False,False,False,True,False,False,False,False,False,False,False,False,False,True
USA,Harvard,2016,95.0,98.0,112500,Pharmacist,Patient Care,Diagnostics,Clinical Research,52,9.4,58,1,False,False,False,True,False,True,False,False,False,True,False,False,False,True,False,False,False,False
Brazil,University of São Paulo,2016,85.8,87.5,22900,Civil Engineer,MATLAB,Project Management,AutoCAD,56,14.0,66,0,False,True,False,False,True,False,False,False,True,False,False,False,False,False,True,False,False,False
Argentina,University of Buenos Aires,2021,87.1,90.7,22800,Mechanical Engineer,AutoCAD,Project Management,Lean Six Sigma,55,45.0,87,1,False,True,False,False,True,False,False,False,True,False,False,False,False,False,True,False,False,False
Argentina,University of Buenos Aires,2023,76.0,83.0,30200,Policy Analyst,Data Analysis,Qualitative Research,Communication,74,85.5,75,0,False,True,False,False,False,True,False,False,False,False,False,True,True,False,False,False,False,False
Switzerland,ETH Zurich,2020,85.7,92.1,72500,Chemist,Statistical Analysis,Scientific Writing,Experimental Design,82,49.6,72,1,True,False,False,False,False,False,False,False,False,False,True,False,False,False,False,True,False,False
UAE,Khalifa University,2022,88.3,90.5,87600,NLP Specialist,Deep Learning,R,Machine Learning,81,69.3,69,0,False,False,True,False,True,False,False,True,False,False,False,False,False,False,False,False,False,True
Japan,Kyoto University,2018,92.9,97.1,70800,Biomedical Researcher,Medical Coding,Clinical Research,Diagnostics,56,12.4,72,1,False,False,False,False,True,False,False,False,False,True,False,False,False,True,False,False,False,False
Canada,University of Toronto,2023,76.2,80.3,65900,Electrical Engineer,Project Management,Lean Six Sigma,AutoCAD,88,82.3,47,0,False,False,False,True,False,False,False,False,True,False,False,False,False,False,True,False,False,False
Australia,ANU,2022,83.4,90.2,71000,Human Resources Specialist,Public Policy,Data Analysis,Qualitative Research,58,70.2,70,0,False,False,False,False,False,True,False,False,False,False,False,True,True,False,False,False,False,False
Canada,McGill University,2022,83.8,87.7,53800,Biologist,Laboratory Skills,Experimental Design,Scientific Writing,61,66.7,69,0,False,False,False,True,False,False,False,False,False,False,True,False,False,False,False,True,False,False
Argentina,University of Buenos Aires,2019,93.5,99.7,28900,Pharmacist,Clinical Research,Diagnostics,Patient Care,57,14.4,65,1,False,True,False,False,False,False,False,False,False,True,False,False,False,True,False,False,False,False
Canada,University of Toronto,2023,86.7,93.7,97600,Data Analyst,Deep Learning,Big Data,R,88,89.8,100,1,False,False,False,True,True,False,False,True,False,False,False,False,False,False,False,False,False,True
Netherlands,University of Amsterdam,2016,93.3,96.4,98100,NLP Specialist,Big Data,Data Visualization,NLP,81,11.1,78,1,True,False,False,False,False,True,False,True,False,False,False,False,False,False,False,False,False,True
Argentina,University of Buenos Aires,2021,85.9,89.0,28400,AI Researcher,Cloud Computing,Java,SQL,79,58.2,78,0,False,True,False,False,False,False,True,False,False,False,False,False,False,False,False,False,True,False
Israel,Technion,2022,83.8,86.4,47300,Economist,Qualitative Research,Public Policy,Communication,55,58.8,61,0,False,False,True,False,False,False,False,False,False,False,False,True,True,False,False,False,False,False
France,Ecole Polytechnique,2022,84.4,93.0,81600,Biologist,Scientific Writing,Statistical Analysis,Experimental Design,61,58.8,88,1,True,False,False,False,False,True,False,False,False,False,True,False,False,False,False,True,False,False
USA,Harvard,2023,99.0,100.0,144500,NLP Specialist,Machine Learning,Big Data,R,62,81.8,83,1,False,False,False,True,False,True,False,True,False,False,False,False,False,False,False,False,False,True
UK,Oxford,2015,71.7,75.4,68000,Marketing Manager,Excel,Market Research,Financial Modeling,44,5.8,96,0,True,False,False,False,True,False,False,False,False,False,False,False,False,False,False,False,False,False
Canada,UBC,2024,92.8,98.9,126800,NLP Specialist,NLP,R,Data Visualization,93,46.7,60,1,False,False,False,True,False,True,False,True,False,False,False,False,False,False,False,False,False,True
USA,MIT,2024,82.0,86.4,75500,Marketing Manager,Data Analysis,Market Research,Strategic Planning,68,59.2,65,0,False,False,False,True,False,False,False,False,False,False,False,False,False,False,False,False,False,False
Japan,Kyoto University,2022,98.3,100.0,82500,Data Analyst,Deep Learning,Big Data,Data Visualization,70,72.6,80,1,False,False,False,False,True,False,False,True,False,False,False,False,False,False,False,False,False,True
Netherlands,TU Delft,2020,81.1,88.0,79100,Biomedical Researcher,Medical Coding,Diagnostics,Clinical Research,54,43.5,71,0,True,False,False,False,True,False,False,False,False,True,False,False,False,True,False,False,False,False
UAE,Khalifa University,2023,82.4,87.3,116700,Marketing Manager,Excel,Data Analysis,Financial Modeling,81,63.4,82,0,False,False,True,False,False,True,False,False,False,False,False,False,False,False,False,False,False,False
Argentina,University of Buenos Aires,2021,78.0,83.0,21300,Human Resources Specialist,Public Policy,Data Analysis,Communication,68,63.5,92,0,False,True,False,False,False,True,False,False,False,False,False,True,True,False,False,False,False,False
Israel,Technion,2022,78.1,82.4,91100,Biologist,Experimental Design,Statistical Analysis,Scientific Writing,52,57.8,64,0,False,False,True,False,False,True,False,False,False,False,True,False,False,False,False,True,False,False
Brazil,University of São Paulo,2021,82.0,85.5,49600,Pharmacist,Patient Care,Diagnostics,Clinical Research,54,61.9,53,0,False,True,False,False,False,True,False,False,False,True,False,False,False,True,False,False,False,False
Argentina,University of Buenos Aires,2022,82.4,89.4,26800,Physicist,Laboratory Skills,Scientific Writing,Experimental Design,69,61.2,61,0,False,True,False,False,False,True,False,False,False,False,True,False,False,False,False,True,False,False
Brazil,University of São Paulo,2023,81.2,87.3,17600,Civil Engineer,Lean Six Sigma,SolidWorks,AutoCAD,50,57.7,73,0,False,True,False,False,False,False,False,False,True,False,False,False,False,False,True,False,False,False
Canada,UBC,2019,78.0,81.9,94300,Civil Engineer,Project Management,Lean Six Sigma,AutoCAD,39,16.9,50,0,False,False,False,True,False,True,False,False,True,False,False,False,False,False,True,False,False,False
UK,Cambridge,2024,89.8,97.4,74500,Pharmacist,Patient Care,Diagnostics,Medical Coding,60,80.6,44,1,True,False,False,False,False,False,False,False,False,True,False,False,False,True,False,False,False,False
Canada,UBC,2021,83.0,84.4,43300,Physicist,Scientific Writing,Experimental Design,Laboratory Skills,59,60.1,81,0,False,False,False,True,False,False,False,False,False,False,True,False,False,False,False,True,False,False
Argentina,University of Buenos Aires,2018,75.1,81.1,23100,Robotics Engineer,MATLAB,SolidWorks,Lean Six Sigma,69,6.7,57,0,False,True,False,False,False,True,False,False,True,False,False,False,False,False,True,False,False,False
India,IISc Bangalore,2017,94.1,100.0,23600,Cybersecurity Analyst,Cybersecurity,Cloud Computing,Java,61,5.0,100,1,False,False,False,False,True,False,True,False,False,False,False,False,False,False,False,False,True,False
USA,UC Berkeley,2023,92.5,96.1,112300,NLP Specialist,Big Data,R,NLP,90,79.6,74,1,False,False,False,True,True,False,False,True,False,False,False,False,False,False,False,False,False,True
India,IIT Bombay,2025,88.4,92.8,36400,Public Health Specialist,Clinical Research,Patient Care,Diagnostics,72,90.0,73,1,False,False,False,False,False,False,False,False,False,True,False,False,False,True,False,False,False,False
Japan,University of Tokyo,2015,84.6,88.8,52100,Environmental Scientist,Scientific Writing,Laboratory Skills,Statistical Analysis,44,10.2,55,0,False,False,False,False,False,True,False,False,False,False,True,False,False,False,False,True,False,False
India,IIT Delhi,2015,68.2,76.7,13900,Environmental Scientist,Experimental Design,Scientific Writing,Statistical Analysis,55,9.4,59,0,False,False,False,False,True,False,False,False,False,False,True,False,False,False,False,True,False,False
Israel,Technion,2015,79.4,85.8,72700,Mechanical Engineer,Project Management,Lean Six Sigma,AutoCAD,59,13.2,72,0,False,False,True,False,False,True,False,False,True,False,False,False,False,False,True,False,False,False
UK,LSE,2024,88.4,95.5,75400,Cybersecurity Analyst,React,Cloud Computing,Cybersecurity,84,71.2,54,1,True,False,False,False,False,False,True,False,False,False,False,False,False,False,False,False,True,False
Brazil,University of São Paulo,2022,86.3,89.8,30700,Chemist,Experimental Design,Laboratory Skills,Statistical Analysis,53,67.1,74,0,False,True,False,False,False,True,False,False,False,False,True,False,False,False,False,True,False,False
Canada,University of Toronto,2020,93.8,97.3,89500,Pharmacist,Diagnostics,Clinical Research,Medical Coding,60,41.3,56,1,False,False,False,True,True,False,False,False,False,True,False,False,False,True,False,False,False,False
Israel,Hebrew University of Jerusalem,2021,87.8,96.9,83100,Data Scientist,Python,Java,React,77,62.3,62,1,False,False,True,False,True,False,True,False,False,False,False,False,False,False,False,False,True,False
UAE,Khalifa University,2020,94.5,100.0,69500,Data Scientist,Python,React,SQL,83,53.8,75,1,False,False,True,False,False,False,True,False,False,False,False,False,False,False,False,False,True,False
Israel,Hebrew University of Jerusalem,2016,73.2,78.8,62700,Economist,Qualitative Research,Public Policy,Communication,54,5.3,78,0,False,False,True,False,True,False,False,False,False,False,False,True,True,False,False,False,False,False
USA,UC Berkeley,2020,88.0,89.0,96200,AI Consultant,R,Machine Learning,Data Visualization,95,37.7,100,0,False,False,False,True,True,False,False,True,False,False,False,False,False,False,False,False,False,True
Israel,Technion,2016,85.2,89.1,81500,Environmental Scientist,Laboratory Skills,Statistical Analysis,Scientific Writing,41,12.6,68,0,False,False,True,False,False,True,False,False,False,False,True,False,False,False,False,True,False,False
Netherlands,University of Amsterdam,2015,75.4,78.5,53100,Human Resources Specialist,Public Policy,Qualitative Research,Data Analysis,68,21.1,73,0,True,False,False,False,False,True,False,False,False,False,False,True,True,False,False,False,False,False
Israel,Hebrew University of Jerusalem,2015,79.6,82.7,68800,Robotics Engineer,Project Management,SolidWorks,AutoCAD,63,19.4,56,0,False,False,True,False,True,False,False,False,True,False,False,False,False,False,True,False,False,False
South Africa,University of Cape Town,2018,90.8,94.9,47700,Pharmacist,Patient Care,Clinical Research,Diagnostics,67,5.0,76,1,False,False,True,False,False,True,False,False,False,True,False,False,False,True,False,False,False,False
Germany,Humboldt University,2021,82.3,89.1,101900,Mechanical Engineer,Lean Six Sigma,AutoCAD,Project Management,63,62.2,47,0,True,False,False,False,False,True,False,False,True,False,False,False,False,False,True,False,False,False
Canada,McGill University,2017,90.9,90.9,75800,Pharmacist,Patient Care,Clinical Research,Diagnostics,43,5.9,84,1,False,False,False,True,True,False,False,False,False,True,False,False,False,True,False,False,False,False
Canada,UBC,2020,88.9,95.5,104900,Medical Doctor,Clinical Research,Medical Coding,Patient Care,43,19.3,64,1,False,False,False,True,False,True,False,False,False,True,False,False,False,True,False,False,False,False
Canada,University of Toronto,2024,86.0,92.1,109900,Cybersecurity Analyst,DevOps,SQL,Cybersecurity,96,87.9,86,1,False,False,False,True,False,True,True,False,False,False,False,False,False,False,False,False,True,False
UK,Cambridge,2024,80.6,86.5,92300,Cloud Architect,Java,Python,React,82,72.5,78,0,True,False,False,False,True,False,True,False,False,False,False,False,False,False,False,False,True,False
Switzerland,EPFL,2018,71.2,77.5,70700,Electrical Engineer,Project Management,SolidWorks,AutoCAD,60,10.7,56,0,True,False,False,False,False,False,False,False,True,False,False,False,False,False,True,False,False,False
Saudi Arabia,King Abdulaziz University,2023,96.4,100.0,112400,AI Consultant,Deep Learning,Big Data,Machine Learning,74,65.7,82,1,False,False,True,False,False,True,False,True,False,False,False,False,False,False,False,False,False,True
South Africa,University of Cape Town,2021,88.4,92.9,38200,Cybersecurity Analyst,SQL,Java,Cybersecurity,80,52.7,61,1,False,False,True,False,False,False,True,False,False,False,False,False,False,False,False,False,True,False
Canada,UBC,2022,96.0,100.0,54500,Software Engineer,Cloud Computing,DevOps,SQL,77,49.3,67,1,False,False,False,True,False,False,True,False,False,False,False,False,False,False,False,False,True,False
India,IIT Delhi,2022,88.0,93.1,29900,Chemist,Statistical Analysis,Scientific Writing,Experimental Design,56,46.8,82,1,False,False,False,False,False,True,False,False,False,False,True,False,False,False,False,True,False,False
Brazil,University of São Paulo,2023,98.3,100.0,49800,Data Scientist,Cybersecurity,Java,Python,100,52.6,80,1,False,True,False,False,False,True,True,False,False,False,False,False,False,False,False,False,True,False
Singapore,NTU,2018,79.0,87.2,95500,Financial Analyst,Data Analysis,Market Research,Strategic Planning,64,7.3,62,0,False,False,False,False,False,True,False,False,False,False,False,False,False,False,False,False,False,False
Japan,University of Tokyo,2018,95.6,100.0,88000,NLP Specialist,NLP,R,Big Data,71,5.0,72,1,False,False,False,False,False,True,False,True,False,False,False,False,False,False,False,False,False,True
Israel,Technion,2021,76.5,82.1,87600,Biologist,Scientific Writing,Statistical Analysis,Laboratory Skills,59,53.1,56,0,False,False,True,False,False,True,False,False,False,False,True,False,False,False,False,True,False,False
Argentina,University of Buenos Aires,2025,83.4,86.8,25500,Biomedical Researcher,Clinical Research,Diagnostics,Medical Coding,67,90.0,81,0,False,True,False,False,False,False,False,False,False,True,False,False,False,True,False,False,False,False
Australia,ANU,2019,87.1,99.3,52700,Human Resources Specialist,Qualitative Research,Data Analysis,Communication,58,17.1,85,1,False,False,False,False,False,False,False,False,False,False,False,True,True,False,False,False,False,False
USA,MIT,2015,99.0,100.0,119400,AI Consultant,Big Data,Machine Learning,Data Visualization,65,11.6,67,1,False,False,False,True,False,True,False,True,False,False,False,False,False,False,False,False,False,True
Brazil,University of São Paulo,2019,89.1,93.1,31400,Civil Engineer,Project Management,SolidWorks,Lean Six Sigma,54,10.9,66,1,False,True,False,False,True,False,False,False,True,False,False,False,False,False,True,False,False,False
France,Ecole Polytechnique,2015,80.1,86.5,63000,Civil Engineer,Project Management,SolidWorks,MATLAB,64,5.0,52,0,True,False,False,False,False,True,False,False,True,False,False,False,False,False,True,False,False,False
USA,Harvard,2016,82.6,86.7,108900,Cybersecurity Analyst,React,Cloud Computing,Java,54,16.8,58,0,False,False,False,True,False,True,True,False,False,False,False,False,False,False,False,False,True,False
UK,Oxford,2017,86.8,90.5,72400,Electrical Engineer,SolidWorks,MATLAB,AutoCAD,43,9.0,68,0,True,False,False,False,True,False,False,False,True,False,False,False,False,False,True,False,False,False
Mexico,UNAM,2015,79.1,85.6,26800,Biologist,Laboratory Skills,Scientific Writing,Experimental Design,52,8.3,59,0,False,True,False,False,False,True,False,False,False,False,True,False,False,False,False,True,False,False
Switzerland,ETH Zurich,2024,85.9,91.0,111000,AI Consultant,Big Data,R,Data Visualization,88,82.6,96,1,True,False,False,False,False,False,False,True,False,False,False,False,False,False,False,False,False,True
Germany,Humboldt University,2018,88.0,93.5,68800,Human Resources Specialist,Communication,Data Analysis,Qualitative Research,53,9.4,69,1,True,False,False,False,False,True,False,False,False,False,False,True,True,False,False,False,False,False
Mexico,UNAM,2024,76.5,78.5,31000,Robotics Engineer,AutoCAD,Project Management,Lean Six Sigma,74,89.0,81,0,False,True,False,False,True,False,False,False,True,False,False,False,False,False,True,False,False,False
Sweden,Karolinska Institute,2018,85.1,91.5,51900,Policy Analyst,Data Analysis,Qualitative Research,Public Policy,63,5.7,53,1,True,False,False,False,True,False,False,False,False,False,False,True,True,False,False,False,False,False
Germany,Humboldt University,2024,92.9,97.4,115200,Cybersecurity Analyst,Python,React,SQL,69,90.0,65,1,True,False,False,False,False,True,True,False,False,False,False,False,False,False,False,False,True,False
South Korea,KAIST,2025,86.2,86.5,46500,Environmental Scientist,Scientific Writing,Statistical Analysis,Laboratory Skills,64,86.1,64,0,False,False,False,False,False,False,False,False,False,False,True,False,False,False,False,True,False,False
Israel,Technion,2020,90.2,96.6,77200,Sociologist,Communication,Qualitative Research,Public Policy,69,40.5,49,1,False,False,True,False,False,True,False,False,False,False,False,True,True,False,False,False,False,False
Sweden,KTH Royal Institute of Technology,2024,72.4,78.1,55600,Investment Banker,Data Analysis,Strategic Planning,Excel,68,77.9,64,0,True,False,False,False,False,False,False,False,False,False,False,False,False,False,False,False,False,False
Mexico,UNAM,2018,87.1,94.0,38200,Pharmacist,Patient Care,Diagnostics,Clinical Research,56,9.7,87,1,False,True,False,False,True,False,False,False,False,True,False,False,False,True,False,False,False,False
UAE,Khalifa University,2018,80.1,86.7,68000,Chemist,Statistical Analysis,Scientific Writing,Experimental Design,59,10.0,73,0,False,False,True,False,True,False,False,False,False,False,True,False,False,False,False,True,False,False
Israel,Technion,2018,79.7,83.6,74300,Financial Analyst,Strategic Planning,Financial Modeling,Data Analysis,65,9.5,50,0,False,False,True,False,True,False,False,False,False,False,False,False,False,False,False,False,False,False
Canada,University of Toronto,2018,75.3,79.3,79400,Data Analyst,NLP,Deep Learning,Machine Learning,76,9.3,99,0,False,False,False,True,True,False,False,True,False,False,False,False,False,False,False,False,False,True
Netherlands,University of Amsterdam,2017,82.7,84.4,47200,Biologist,Statistical Analysis,Experimental Design,Scientific Writing,50,7.6,58,0,True,False,False,False,False,False,False,False,False,False,True,False,False,False,False,True,False,False
Canada,University of Toronto,2022,74.0,76.4,83400,Chemist,Statistical Analysis,Laboratory Skills,Scientific Writing,72,58.6,62,0,False,False,False,True,False,True,False,False,False,False,True,False,False,False,False,True,False,False
China,Peking University,2015,85.8,90.8,31600,Management Consultant,Strategic Planning,Market Research,Financial Modeling,55,5.8,60,1,False,False,False,False,False,False,False,False,False,False,False,False,False,False,False,False,False,False
USA,UC Berkeley,2020,99.0,100.0,124200,Cybersecurity Analyst,Cloud Computing,SQL,Cybersecurity,85,41.5,91,1,False,False,False,True,False,True,True,False,False,False,False,False,False,False,False,False,True,False
Canada,UBC,2019,81.5,84.4,105000,AI Researcher,Java,SQL,Cloud Computing,81,5.0,56,0,False,False,False,True,False,True,True,False,False,False,False,False,False,False,False,False,True,False
Mexico,UNAM,2024,88.7,93.1,23400,Medical Doctor,Patient Care,Diagnostics,Medical Coding,65,88.3,66,1,False,True,False,False,False,False,False,False,False,True,False,False,False,True,False,False,False,False
France,PSL University,2015,76.3,83.3,60800,Physicist,Experimental Design,Scientific Writing,Laboratory Skills,43,5.0,73,0,True,False,False,False,False,True,False,False,False,False,True,False,False,False,False,True,False,False
Sweden,Karolinska Institute,2018,87.4,92.9,58700,Machine Learning Engineer,NLP,R,Big Data,72,21.6,68,1,True,False,False,False,False,False,False,True,False,False,False,False,False,False,False,False,False,True
Israel,Technion,2022,71.5,74.8,67800,Policy Analyst,Communication,Qualitative Research,Data Analysis,53,50.5,76,0,False,False,True,False,True,False,False,False,False,False,False,True,True,False,False,False,False,False
Mexico,UNAM,2025,91.7,96.3,32900,Biomedical Researcher,Patient Care,Diagnostics,Medical Coding,63,90.0,100,1,False,True,False,False,False,False,False,False,False,True,False,False,False,True,False,False,False,False
Canada,University of Toronto,2017,87.7,93.4,91900,Marketing Manager,Financial Modeling,Excel,Data Analysis,61,5.0,62,1,False,False,False,True,False,True,False,False,False,False,False,False,False,False,False,False,False,False
France,PSL University,2015,86.1,89.4,41200,Biologist,Experimental Design,Statistical Analysis,Laboratory Skills,30,7.5,85,0,True,False,False,False,False,False,False,False,False,False,True,False,False,False,False,True,False,False
Canada,University of Toronto,2024,84.1,89.4,71400,NLP Specialist,Big Data,Data Visualization,R,86,85.9,51,0,False,False,False,True,False,False,False,True,False,False,False,False,False,False,False,False,False,True
Israel,Hebrew University of Jerusalem,2018,96.0,98.6,68700,Machine Learning Engineer,NLP,Deep Learning,Data Visualization,90,5.0,82,1,False,False,True,False,False,False,False,True,False,False,False,False,False,False,False,False,False,True
UAE,Khalifa University,2016,84.3,88.3,55900,Software Engineer,Cloud Computing,DevOps,Python,77,10.0,86,0,False,False,True,False,False,False,True,False,False,False,False,False,False,False,False,False,True,False
Switzerland,ETH Zurich,2023,75.3,77.8,106500,Physicist,Laboratory Skills,Scientific Writing,Experimental Design,52,61.0,86,0,True,False,False,False,True,False,False,False,False,False,True,False,False,False,False,True,False,False
South Korea,Seoul National University,2023,78.5,83.5,65100,Robotics Engineer,Lean Six Sigma,AutoCAD,Project Management,80,89.1,73,0,False,False,False,False,True,False,False,False,True,False,False,False,False,False,True,False,False,False
South Africa,University of Cape Town,2025,84.5,91.4,31600,Biologist,Scientific Writing,Statistical Analysis,Laboratory Skills,72,90.0,75,1,False,False,True,False,False,True,False,False,False,False,True,False,False,False,False,True,False,False
Canada,McGill University,2023,76.8,81.2,64200,Chemist,Statistical Analysis,Experimental Design,Scientific Writing,76,62.3,76,0,False,False,False,True,True,False,False,False,False,False,True,False,False,False,False,True,False,False
UAE,Khalifa University,2022,89.2,94.1,80600,Mechanical Engineer,Project Management,AutoCAD,MATLAB,46,66.5,100,1,False,False,True,False,True,False,False,False,True,False,False,False,False,False,True,False,False,False
South Korea,Seoul National University,2022,79.1,81.9,80900,Electrical Engineer,Project Management,MATLAB,Lean Six Sigma,54,80.0,65,0,False,False,False,False,False,True,False,False,True,False,False,False,False,False,True,False,False,False
Canada,UBC,2015,79.2,83.6,36400,Human Resources Specialist,Qualitative Research,Public Policy,Data Analysis,65,5.0,87,0,False,False,False,True,False,False,False,False,False,False,False,True,True,False,False,False,False,False
South Africa,University of Cape Town,2020,99.0,100.0,53700,NLP Specialist,R,Big Data,Deep Learning,80,36.8,70,1,False,False,True,False,False,True,False,True,False,False,False,False,False,False,False,False,False,True
Brazil,University of São Paulo,2019,73.0,81.1,30700,Marketing Manager,Market Research,Financial Modeling,Strategic Planning,60,5.0,40,0,False,True,False,False,True,False,False,False,False,False,False,False,False,False,False,False,False,False
Israel,Hebrew University of Jerusalem,2023,95.1,98.9,82400,Software Engineer,Cloud Computing,DevOps,Python,81,74.9,62,1,False,False,True,False,True,False,True,False,False,False,False,False,False,False,False,False,True,False
Mexico,UNAM,2020,91.7,96.6,31400,Cybersecurity Analyst,React,Cybersecurity,Cloud Computing,64,31.8,79,1,False,True,False,False,True,False,True,False,False,False,False,False,False,False,False,False,True,False
France,PSL University,2015,96.0,100.0,48200,Medical Doctor,Diagnostics,Clinical Research,Medical Coding,56,17.5,80,1,True,False,False,False,False,False,False,False,False,True,False,False,False,True,False,False,False,False
USA,Harvard,2020,84.0,93.0,94200,Chemist,Experimental Design,Statistical Analysis,Laboratory Skills,54,29.6,52,1,False,False,False,True,False,True,False,False,False,False,True,False,False,False,False,True,False,False
Argentina,University of Buenos Aires,2018,76.2,84.6,16800,Physicist,Laboratory Skills,Scientific Writing,Experimental Design,58,14.9,65,0,False,True,False,False,True,False,False,False,False,False,True,False,False,False,False,True,False,False
Mexico,UNAM,2017,83.5,86.6,16200,Public Health Specialist,Diagnostics,Clinical Research,Patient Care,57,12.6,79,0,False,True,False,False,False,False,False,False,False,True,False,False,False,True,False,False,False,False
Israel,Technion,2016,80.0,82.9,41000,Chemist,Statistical Analysis,Experimental Design,Laboratory Skills,56,12.4,52,0,False,False,True,False,False,False,False,False,False,False,True,False,False,False,False,True,False,False
Japan,Kyoto University,2025,99.0,100.0,82500,Cloud Architect,Python,Cloud Computing,React,88,86.8,66,1,False,False,False,False,True,False,True,False,False,False,False,False,False,False,False,False,True,False
USA,Georgia Tech,2018,94.3,97.0,116400,Biomedical Researcher,Diagnostics,Patient Care,Medical Coding,37,11.1,70,1,False,False,False,True,False,True,False,False,False,True,False,False,False,True,False,False,False,False
Israel,Technion,2016,74.8,80.4,70400,Financial Analyst,Data Analysis,Strategic Planning,Financial Modeling,42,9.3,96,0,False,False,True,False,True,False,False,False,False,False,False,False,False,False,False,False,False,False
India,IISc Bangalore,2025,73.2,75.6,24300,Physicist,Laboratory Skills,Experimental Design,Scientific Writing,71,76.2,40,0,False,False,False,False,False,False,False,False,False,False,True,False,False,False,False,True,False,False
India,IIT Delhi,2019,91.6,97.5,25900,Public Health Specialist,Patient Care,Clinical Research,Diagnostics,60,9.7,60,1,False,False,False,False,False,False,False,False,False,True,False,False,False,True,False,False,False,False
Canada,UBC,2021,90.6,94.6,78500,Human Resources Specialist,Communication,Qualitative Research,Data Analysis,51,38.6,56,1,False,False,False,True,False,True,False,False,False,False,False,True,True,False,False,False,False,False
Switzerland,EPFL,2020,72.3,78.2,135700,Civil Engineer,AutoCAD,SolidWorks,Lean Six Sigma,66,22.0,55,0,True,False,False,False,False,True,False,False,True,False,False,False,False,False,True,False,False,False
India,IIT Delhi,2021,80.5,86.6,21300,Economist,Public Policy,Data Analysis,Communication,60,62.6,65,0,False,False,False,False,True,False,False,False,False,False,False,True,True,False,False,False,False,False
UK,Cambridge,2015,84.7,91.2,52300,NLP Specialist,R,Data Visualization,Big Data,70,13.2,79,1,True,False,False,False,False,False,False,True,False,False,False,False,False,False,False,False,False,True
USA,Harvard,2020,74.3,77.3,44100,Economist,Public Policy,Qualitative Research,Data Analysis,51,35.8,84,0,False,False,False,True,False,False,False,False,False,False,False,True,True,False,False,False,False,False
UAE,Khalifa University,2021,78.5,83.0,70200,Investment Banker,Data Analysis,Financial Modeling,Excel,54,50.9,73,0,False,False,True,False,False,False,False,False,False,False,False,False,False,False,False,False,False,False
Germany,Humboldt University,2023,84.0,84.4,72100,Marketing Manager,Market Research,Excel,Strategic Planning,64,83.8,63,0,True,False,False,False,False,False,False,False,False,False,False,False,False,False,False,False,False,False
UAE,Khalifa University,2016,78.5,83.8,61100,Marketing Manager,Excel,Strategic Planning,Data Analysis,40,5.0,80,0,False,False,True,False,False,False,False,False,False,False,False,False,False,False,False,False,False,False
South Africa,University of Cape Town,2017,91.4,93.9,42300,AI Consultant,Machine Learning,Deep Learning,Big Data,74,16.3,96,1,False,False,True,False,True,False,False,True,False,False,False,False,False,False,False,False,False,True
Saudi Arabia,King Abdulaziz University,2021,84.7,91.4,96900,Biomedical Researcher,Patient Care,Medical Coding,Clinical Research,59,59.4,74,1,False,False,True,False,False,True,False,False,False,True,False,False,False,True,False,False,False,False
Brazil,University of São Paulo,2020,90.3,97.9,24600,Machine Learning Engineer,Machine Learning,Deep Learning,NLP,78,29.7,46,1,False,True,False,False,False,False,False,True,False,False,False,False,False,False,False,False,False,True
UAE,Khalifa University,2021,79.2,85.8,55400,Economist,Public Policy,Qualitative Research,Data Analysis,50,65.5,49,0,False,False,True,False,True,False,False,False,False,False,False,True,True,False,False,False,False,False
Israel,Technion,2015,99.0,100.0,85900,Cloud Architect,Cloud Computing,DevOps,Python,53,9.7,64,1,False,False,True,False,True,False,True,False,False,False,False,False,False,False,False,False,True,False
UAE,Khalifa University,2024,84.5,87.8,86300,Environmental Scientist,Statistical Analysis,Scientific Writing,Experimental Design,60,78.0,61,0,False,False,True,False,False,True,False,False,False,False,True,False,False,False,False,True,False,False
Saudi Arabia,King Abdulaziz University,2021,80.3,86.2,101000,Investment Banker,Market Research,Strategic Planning,Data Analysis,63,53.5,76,0,False,False,True,False,False,True,False,False,False,False,False,False,False,False,False,False,False,False
USA,Harvard,2016,91.3,96.8,78100,Machine Learning Engineer,Deep Learning,Machine Learning,Big Data,72,9.3,56,1,False,False,False,True,False,False,False,True,False,False,False,False,False,False,False,False,False,True
UAE,Khalifa University,2016,91.2,97.0,62300,AI Consultant,NLP,Deep Learning,Big Data,73,8.8,69,1,False,False,True,False,False,False,False,True,False,False,False,False,False,False,False,False,False,True
Canada,UBC,2019,94.6,99.1,98300,Cloud Architect,Cloud Computing,DevOps,Python,79,15.0,59,1,False,False,False,True,False,True,True,False,False,False,False,False,False,False,False,False,True,False
South Korea,Seoul National University,2019,83.2,92.2,57700,Policy Analyst,Public Policy,Qualitative Research,Communication,55,13.5,70,1,False,False,False,False,False,True,False,False,False,False,False,True,True,False,False,False,False,False
Singapore,NTU,2016,80.4,87.2,87800,Electrical Engineer,AutoCAD,Project Management,Lean Six Sigma,47,5.0,69,0,False,False,False,False,False,True,False,False,True,False,False,False,False,False,True,False,False,False
South Korea,KAIST,2017,81.9,90.0,49100,Marketing Manager,Strategic Planning,Data Analysis,Market Research,61,17.7,61,0,False,False,False,False,True,False,False,False,False,False,False,False,False,False,False,False,False,False
South Africa,University of Cape Town,2019,76.0,79.7,25600,Human Resources Specialist,Public Policy,Data Analysis,Communication,48,5.0,90,0,False,False,True,False,True,False,False,False,False,False,False,True,True,False,False,False,False,False
Japan,Kyoto University,2018,96.9,100.0,42100,Biomedical Researcher,Patient Care,Medical Coding,Clinical Research,60,5.0,46,1,False,False,False,False,False,False,False,False,False,True,False,False,False,True,False,False,False,False
Argentina,University of Buenos Aires,2025,83.1,88.1,17600,Mechanical Engineer,SolidWorks,MATLAB,AutoCAD,59,90.0,95,0,False,True,False,False,False,False,False,False,True,False,False,False,False,False,True,False,False,False
Brazil,University of São Paulo,2022,80.5,82.5,26100,Investment Banker,Excel,Strategic Planning,Financial Modeling,59,65.1,75,0,False,True,False,False,False,False,False,False,False,False,False,False,False,False,False,False,False,False
South Korea,KAIST,2025,88.6,92.7,55100,Software Engineer,SQL,Python,React,87,90.0,40,1,False,False,False,False,False,False,True,False,False,False,False,False,False,False,False,False,True,False
Israel,Hebrew University of Jerusalem,2016,83.0,86.9,72900,Marketing Manager,Strategic Planning,Excel,Financial Modeling,47,7.7,62,0,False,False,True,False,True,False,False,False,False,False,False,False,False,False,False,False,False,False
Canada,McGill University,2019,90.6,91.4,63200,Cybersecurity Analyst,DevOps,Cloud Computing,Cybersecurity,84,8.6,98,1,False,False,False,True,False,False,True,False,False,False,False,False,False,False,False,False,True,False
Argentina,University of Buenos Aires,2025,78.7,83.3,28000,Management Consultant,Market Research,Excel,Data Analysis,74,70.5,57,0,False,True,False,False,False,True,False,False,False,False,False,False,False,False,False,False,False,False
UAE,Khalifa University,2018,75.3,83.0,46400,Policy Analyst,Data Analysis,Public Policy,Communication,51,5.5,79,0,False,False,True,False,False,False,False,False,False,False,False,True,True,False,False,False,False,False
Mexico,UNAM,2022,82.1,89.6,31400,Management Consultant,Strategic Planning,Data Analysis,Market Research,80,50.8,84,0,False,True,False,False,False,False,False,False,False,False,False,False,False,False,False,False,False,False
Saudi Arabia,King Abdulaziz University,2023,82.1,87.0,52500,Marketing Manager,Financial Modeling,Market Research,Data Analysis,78,81.7,78,0,False,False,True,False,False,False,False,False,False,False,False,False,False,False,False,False,False,False
Canada,University of Toronto,2024,92.5,97.7,80800,AI Consultant,Machine Learning,Deep Learning,NLP,87,90.0,93,1,False,False,False,True,False,False,False,True,False,False,False,False,False,False,False,False,False,True
Japan,University of Tokyo,2024,92.4,97.6,80900,Data Analyst,Data Visualization,NLP,R,71,76.6,93,1,False,False,False,False,True,False,False,True,False,False,False,False,False,False,False,False,False,True
Germany,Humboldt University,2019,99.0,100.0,101500,Public Health Specialist,Diagnostics,Medical Coding,Patient Care,62,12.8,56,1,True,False,False,False,False,True,False,False,False,True,False,False,False,True,False,False,False,False
Germany,Humboldt University,2025,87.2,91.0,70900,Financial Analyst,Financial Modeling,Strategic Planning,Excel,80,76.2,52,1,True,False,False,False,False,False,False,False,False,False,False,False,False,False,False,False,False,False
India,IIT Bombay,2024,89.9,93.9,37500,NLP Specialist,NLP,Big Data,Deep Learning,100,90.0,83,1,False,False,False,False,False,False,False,True,False,False,False,False,False,False,False,False,False,True
Mexico,UNAM,2016,81.6,87.2,28400,Marketing Manager,Market Research,Data Analysis,Excel,58,7.5,72,0,False,True,False,False,False,True,False,False,False,False,False,False,False,False,False,False,False,False
UK,LSE,2019,96.4,100.0,63200,Public Health Specialist,Diagnostics,Medical Coding,Clinical Research,42,8.9,56,1,True,False,False,False,False,False,False,False,False,True,False,False,False,True,False,False,False,False
Israel,Technion,2023,84.6,89.8,62400,Biologist,Scientific Writing,Experimental Design,Statistical Analysis,63,70.7,73,0,False,False,True,False,False,False,False,False,False,False,True,False,False,False,False,True,False,False
Switzerland,ETH Zurich,2021,75.2,76.1,80500,Sociologist,Data Analysis,Communication,Public Policy,74,55.0,75,0,True,False,False,False,True,False,False,False,False,False,False,True,True,False,False,False,False,False
USA,Harvard,2016,76.7,78.3,106000,Mechanical Engineer,SolidWorks,Lean Six Sigma,Project Management,55,11.5,44,0,False,False,False,True,False,True,False,False,True,False,False,False,False,False,True,False,False,False
Brazil,University of São Paulo,2025,89.2,92.6,42200,Public Health Specialist,Clinical Research,Patient Care,Diagnostics,66,65.6,61,1,False,True,False,False,True,False,False,False,False,True,False,False,False,True,False,False,False,False
Argentina,University of Buenos Aires,2016,82.8,87.5,8500,Policy Analyst,Data Analysis,Public Policy,Qualitative Research,58,5.0,57,0,False,True,False,False,False,False,False,False,False,False,False,True,True,False,False,False,False,False
Argentina,University of Buenos Aires,2019,79.7,86.4,21200,Chemist,Experimental Design,Statistical Analysis,Scientific Writing,39,13.7,60,0,False,True,False,False,True,False,False,False,False,False,True,False,False,False,False,True,False,False
Israel,Technion,2025,95.0,100.0,82800,NLP Specialist,NLP,R,Big Data,100,90.0,89,1,False,False,True,False,False,False,False,True,False,False,False,False,False,False,False,False,False,True
USA,Georgia Tech,2019,83.7,88.0,105000,Mechanical Engineer,Project Management,SolidWorks,MATLAB,78,15.5,67,0,False,False,False,True,False,True,False,False,True,False,False,False,False,False,True,False,False,False
Israel,Hebrew University of Jerusalem,2017,86.8,92.3,109400,Medical Doctor,Medical Coding,Patient Care,Clinical Research,44,5.0,81,1,False,False,True,False,False,True,False,False,False,True,False,False,False,True,False,False,False,False
China,Fudan University,2015,82.3,86.9,36200,Investment Banker,Financial Modeling,Market Research,Excel,37,5.0,55,0,False,False,False,False,False,False,False,False,False,False,False,False,False,False,False,False,False,False
USA,MIT,2016,86.6,93.8,80300,Marketing Manager,Data Analysis,Financial Modeling,Excel,35,6.5,59,1,False,False,False,True,True,False,False,False,False,False,False,False,False,False,False,False,False,False
Switzerland,EPFL,2024,84.1,88.6,89600,Chemist,Laboratory Skills,Experimental Design,Scientific Writing,66,90.0,71,0,True,False,False,False,True,False,False,False,False,False,True,False,False,False,False,True,False,False
USA,Georgia Tech,2025,85.9,93.0,127900,Robotics Engineer,Project Management,MATLAB,SolidWorks,72,90.0,67,1,False,False,False,True,False,True,False,False,True,False,False,False,False,False,True,False,False,False
UAE,Khalifa University,2018,81.8,85.3,69800,Electrical Engineer,Project Management,AutoCAD,SolidWorks,50,16.9,100,0,False,False,True,False,True,False,False,False,True,False,False,False,False,False,True,False,False,False
Australia,University of Melbourne,2022,74.6,76.8,72600,Sociologist,Qualitative Research,Communication,Data Analysis,52,61.3,40,0,False,False,False,False,True,False,False,False,False,False,False,True,True,False,False,False,False,False
Singapore,NTU,2017,97.0,100.0,66300,Biomedical Researcher,Patient Care,Clinical Research,Medical Coding,48,7.8,78,1,False,False,False,False,False,False,False,False,False,True,False,False,False,True,False,False,False,False
Canada,University of Toronto,2021,87.3,91.9,74500,Pharmacist,Medical Coding,Clinical Research,Patient Care,56,36.7,66,1,False,False,False,True,False,False,False,False,False,True,False,False,False,True,False,False,False,False
USA,MIT,2021,73.7,80.0,70800,Robotics Engineer,MATLAB,AutoCAD,Lean Six Sigma,66,57.0,58,0,False,False,False,True,False,False,False,False,True,False,False,False,False,False,True,False,False,False
Saudi Arabia,King Abdulaziz University,2020,85.3,89.0,74200,Robotics Engineer,Lean Six Sigma,AutoCAD,Project Management,51,27.4,65,0,False,False,True,False,False,True,False,False,True,False,False,False,False,False,True,False,False,False
Mexico,UNAM,2018,77.5,80.3,27700,Civil Engineer,Lean Six Sigma,AutoCAD,MATLAB,62,10.9,40,0,False,True,False,False,False,False,False,False,True,False,False,False,False,False,True,False,False,False
France,PSL University,2025,93.6,93.6,100900,Civil Engineer,SolidWorks,Lean Six Sigma,AutoCAD,57,61.5,68,1,True,False,False,False,False,True,False,False,True,False,False,False,False,False,True,False,False,False
Argentina,University of Buenos Aires,2019,91.8,99.6,29100,Public Health Specialist,Medical Coding,Clinical Research,Diagnostics,66,18.5,87,1,False,True,False,False,True,False,False,False,False,True,False,False,False,True,False,False,False,False
Switzerland,EPFL,2019,91.6,94.8,118700,Data Analyst,NLP,Big Data,R,75,10.3,68,1,True,False,False,False,True,False,False,True,False,False,False,False,False,False,False,False,False,True
Argentina,University of Buenos Aires,2016,91.3,94.5,33900,Data Scientist,Python,Cloud Computing,Java,63,13.3,48,1,False,True,False,False,False,True,True,False,False,False,False,False,False,False,False,False,True,False
Canada,McGill University,2023,96.6,100.0,73000,Pharmacist,Clinical Research,Patient Care,Medical Coding,65,69.6,54,1,False,False,False,True,False,False,False,False,False,True,False,False,False,True,False,False,False,False
Canada,McGill University,2024,92.0,97.6,122600,Data Analyst,NLP,Machine Learning,Data Visualization,97,80.9,90,1,False,False,False,True,False,True,False,True,False,False,False,False,False,False,False,False,False,True
Argentina,University of Buenos Aires,2017,97.0,100.0,36000,Data Scientist,Cloud Computing,Cybersecurity,Python,64,5.0,77,1,False,True,False,False,False,True,True,False,False,False,False,False,False,False,False,False,True,False
Canada,McGill University,2017,78.5,85.1,50300,Marketing Manager,Financial Modeling,Data Analysis,Market Research,68,8.7,60,0,False,False,False,True,False,False,False,False,False,False,False,False,False,False,False,False,False,False
Argentina,University of Buenos Aires,2018,74.6,79.3,18100,Mechanical Engineer,MATLAB,Lean Six Sigma,AutoCAD,55,9.9,71,0,False,True,False,False,False,False,False,False,True,False,False,False,False,False,True,False,False,False
Switzerland,EPFL,2024,77.6,81.1,87300,Human Resources Specialist,Data Analysis,Qualitative Research,Public Policy,51,83.4,83,0,True,False,False,False,True,False,False,False,False,False,False,True,True,False,False,False,False,False
Saudi Arabia,King Abdulaziz University,2024,79.9,83.3,67900,Chemist,Scientific Writing,Statistical Analysis,Laboratory Skills,75,86.4,73,0,False,False,True,False,True,False,False,False,False,False,True,False,False,False,False,True,False,False
Singapore,NTU,2016,81.1,85.6,65900,Economist,Public Policy,Data Analysis,Qualitative Research,48,5.0,79,0,False,False,False,False,True,False,False,False,False,False,False,True,True,False,False,False,False,False
Mexico,UNAM,2023,82.5,91.2,17200,Human Resources Specialist,Data Analysis,Public Policy,Qualitative Research,62,46.6,77,1,False,True,False,False,False,False,False,False,False,False,False,True,True,False,False,False,False,False
Mexico,UNAM,2020,76.3,82.1,21900,Civil Engineer,Lean Six Sigma,MATLAB,SolidWorks,67,30.5,65,0,False,True,False,False,False,False,False,False,True,False,False,False,False,False,True,False,False,False
Germany,TU Munich,2015,86.4,91.5,65800,Medical Doctor,Medical Coding,Patient Care,Clinical Research,30,5.0,72,1,True,False,False,False,False,False,False,False,False,True,False,False,False,True,False,False,False,False
Saudi Arabia,King Abdulaziz University,2025,86.2,91.3,121400,Data Analyst,Big Data,Deep Learning,Data Visualization,86,90.0,51,1,False,False,True,False,False,True,False,True,False,False,False,False,False,False,False,False,False,True
UK,Oxford,2023,78.0,83.4,61400,Human Resources Specialist,Qualitative Research,Public Policy,Communication,66,67.5,77,0,True,False,False,False,True,False,False,False,False,False,False,True,True,False,False,False,False,False
Sweden,Karolinska Institute,2019,80.6,84.9,59000,Physicist,Scientific Writing,Laboratory Skills,Experimental Design,58,11.1,55,0,True,False,False,False,True,False,False,False,False,False,True,False,False,False,False,True,False,False
Brazil,University of São Paulo,2022,84.7,89.6,27800,Biomedical Researcher,Clinical Research,Medical Coding,Patient Care,58,67.7,80,0,False,True,False,False,False,False,False,False,False,True,False,False,False,True,False,False,False,False
Israel,Hebrew University of Jerusalem,2021,93.0,99.3,108900,Cybersecurity Analyst,React,SQL,Java,80,42.7,53,1,False,False,True,False,False,True,True,False,False,False,False,False,False,False,False,False,True,False
Israel,Technion,2020,87.5,92.1,109900,Management Consultant,Financial Modeling,Strategic Planning,Excel,67,10.3,89,1,False,False,True,False,False,True,False,False,False,False,False,False,False,False,False,False,False,False
Japan,University of Tokyo,2015,83.7,88.1,51600,Policy Analyst,Public Policy,Qualitative Research,Data Analysis,63,5.0,92,0,False,False,False,False,False,True,False,False,False,False,False,True,True,False,False,False,False,False
UAE,Khalifa University,2019,96.1,100.0,107200,Biomedical Researcher,Patient Care,Clinical Research,Diagnostics,44,14.7,74,1,False,False,True,False,False,True,False,False,False,True,False,False,False,True,False,False,False,False
Sweden,KTH Royal Institute of Technology,2021,79.0,83.2,64600,Civil Engineer,AutoCAD,SolidWorks,Lean Six Sigma,75,69.1,70,0,True,False,False,False,False,False,False,False,True,False,False,False,False,False,True,False,False,False
France,PSL University,2025,84.1,88.5,43400,Sociologist,Qualitative Research,Public Policy,Communication,75,87.4,93,0,True,False,False,False,False,False,False,False,False,False,False,True,True,False,False,False,False,False
Sweden,Karolinska Institute,2020,82.4,86.4,55200,Financial Analyst,Strategic Planning,Financial Modeling,Market Research,57,35.9,81,0,True,False,False,False,False,False,False,False,False,False,False,False,False,False,False,False,False,False
UAE,Khalifa University,2021,84.0,88.8,63900,Human Resources Specialist,Qualitative Research,Public Policy,Data Analysis,63,59.0,83,0,False,False,True,False,True,False,False,False,False,False,False,True,True,False,False,False,False,False
Israel,Hebrew University of Jerusalem,2019,81.6,86.2,62300,Policy Analyst,Public Policy,Data Analysis,Communication,64,9.7,80,0,False,False,True,False,False,True,False,False,False,False,False,True,True,False,False,False,False,False
Japan,Kyoto University,2015,92.6,99.4,52400,Cybersecurity Analyst,DevOps,Python,SQL,55,22.6,87,1,False,False,False,False,True,False,True,False,False,False,False,False,False,False,False,False,True,False
Australia,University of Sydney,2025,85.9,90.5,79800,AI Researcher,Cybersecurity,Cloud Computing,React,90,90.0,92,0,False,False,False,False,False,False,True,False,False,False,False,False,False,False,False,False,True,False
UAE,Khalifa University,2025,84.1,86.5,64400,Sociologist,Public Policy,Qualitative Research,Communication,65,90.0,80,0,False,False,True,False,True,False,False,False,False,False,False,True,True,False,False,False,False,False
Switzerland,EPFL,2023,80.8,88.7,143400,Mechanical Engineer,AutoCAD,Project Management,SolidWorks,77,72.1,40,0,True,False,False,False,False,True,False,False,True,False,False,False,False,False,True,False,False,False
